gate_type,instance,nets
SDFFX1,DFF_0_Q_reg,WX484|test_si1|test_se|CK|WX485
SDFFX1,DFF_1_Q_reg,WX486|WX485|test_se|CK|WX487
SDFFX1,DFF_2_Q_reg,WX488|WX487|test_se|CK|WX489
SDFFX1,DFF_3_Q_reg,WX490|WX489|test_se|CK|WX491
SDFFX1,DFF_4_Q_reg,WX492|WX491|test_se|CK|WX493
SDFFX1,DFF_5_Q_reg,WX494|WX493|test_se|CK|WX495
SDFFX1,DFF_6_Q_reg,WX496|WX495|test_se|CK|WX497
SDFFX1,DFF_7_Q_reg,WX498|WX497|test_se|CK|WX499
SDFFX1,DFF_8_Q_reg,WX500|WX499|test_se|CK|WX501
SDFFX1,DFF_9_Q_reg,WX502|WX501|test_se|CK|WX503
SDFFX1,DFF_10_Q_reg,WX504|WX503|test_se|CK|WX505
SDFFX1,DFF_11_Q_reg,WX506|WX505|test_se|CK|WX507
SDFFX1,DFF_12_Q_reg,WX508|WX507|test_se|CK|WX509
SDFFX1,DFF_13_Q_reg,WX510|WX509|test_se|CK|WX511
SDFFX1,DFF_14_Q_reg,WX512|WX511|test_se|CK|WX513
SDFFX1,DFF_15_Q_reg,WX514|WX513|test_se|CK|WX515
SDFFX1,DFF_16_Q_reg,WX516|WX515|test_se|CK|WX517
SDFFX1,DFF_17_Q_reg,WX518|WX517|test_se|CK|test_so1
SDFFX1,DFF_18_Q_reg,WX520|test_si2|test_se|CK|WX521
SDFFX1,DFF_19_Q_reg,WX522|WX521|test_se|CK|WX523
SDFFX1,DFF_20_Q_reg,WX524|WX523|test_se|CK|WX525
SDFFX1,DFF_21_Q_reg,WX526|WX525|test_se|CK|WX527
SDFFX1,DFF_22_Q_reg,WX528|WX527|test_se|CK|WX529
SDFFX1,DFF_23_Q_reg,WX530|WX529|test_se|CK|WX531
SDFFX1,DFF_24_Q_reg,WX532|WX531|test_se|CK|WX533
SDFFX1,DFF_25_Q_reg,WX534|WX533|test_se|CK|WX535
SDFFX1,DFF_26_Q_reg,WX536|WX535|test_se|CK|WX537
SDFFX1,DFF_27_Q_reg,WX538|WX537|test_se|CK|WX539
SDFFX1,DFF_28_Q_reg,WX540|WX539|test_se|CK|WX541
SDFFX1,DFF_29_Q_reg,WX542|WX541|test_se|CK|WX543
SDFFX1,DFF_30_Q_reg,WX544|WX543|test_se|CK|WX545
SDFFX1,DFF_31_Q_reg,WX546|WX545|test_se|CK|WX547
SDFFX1,DFF_32_Q_reg,WX644|WX547|test_se|CK|WX645|n3529
SDFFX1,DFF_33_Q_reg,WX646|WX645|test_se|CK|WX647|n3527
SDFFX1,DFF_34_Q_reg,WX648|WX647|test_se|CK|WX649|n3525
SDFFX1,DFF_35_Q_reg,WX650|WX649|test_se|CK|test_so2|n3523
SDFFX1,DFF_36_Q_reg,WX652|test_si3|test_se|CK|WX653|n3521
SDFFX1,DFF_37_Q_reg,WX654|WX653|test_se|CK|WX655|n3519
SDFFX1,DFF_38_Q_reg,WX656|WX655|test_se|CK|WX657|n3517
SDFFX1,DFF_39_Q_reg,WX658|WX657|test_se|CK|WX659|n3515
SDFFX1,DFF_40_Q_reg,WX660|WX659|test_se|CK|WX661|n3513
SDFFX1,DFF_41_Q_reg,WX662|WX661|test_se|CK|WX663|n3511
SDFFX1,DFF_42_Q_reg,WX664|WX663|test_se|CK|WX665|n3509
SDFFX1,DFF_43_Q_reg,WX666|WX665|test_se|CK|WX667|n3507
SDFFX1,DFF_44_Q_reg,WX668|WX667|test_se|CK|WX669|n3505
SDFFX1,DFF_45_Q_reg,WX670|WX669|test_se|CK|WX671|n3503
SDFFX1,DFF_46_Q_reg,WX672|WX671|test_se|CK|WX673|n3501
SDFFX1,DFF_47_Q_reg,WX674|WX673|test_se|CK|WX675|n3499
SDFFX1,DFF_48_Q_reg,WX676|WX675|test_se|CK|WX677|n3497
SDFFX1,DFF_49_Q_reg,WX678|WX677|test_se|CK|WX679|n3495
SDFFX1,DFF_50_Q_reg,WX680|WX679|test_se|CK|WX681|n3493
SDFFX1,DFF_51_Q_reg,WX682|WX681|test_se|CK|WX683|n3491
SDFFX1,DFF_52_Q_reg,WX684|WX683|test_se|CK|WX685|n3489
SDFFX1,DFF_53_Q_reg,WX686|WX685|test_se|CK|test_so3|n3487
SDFFX1,DFF_54_Q_reg,WX688|test_si4|test_se|CK|WX689|n3485
SDFFX1,DFF_55_Q_reg,WX690|WX689|test_se|CK|WX691|n3483
SDFFX1,DFF_56_Q_reg,WX692|WX691|test_se|CK|WX693|n3481
SDFFX1,DFF_57_Q_reg,WX694|WX693|test_se|CK|WX695|n3479
SDFFX1,DFF_58_Q_reg,WX696|WX695|test_se|CK|WX697|n3477
SDFFX1,DFF_59_Q_reg,WX698|WX697|test_se|CK|WX699|n3475
SDFFX1,DFF_60_Q_reg,WX700|WX699|test_se|CK|WX701|n3473
SDFFX1,DFF_61_Q_reg,WX702|WX701|test_se|CK|WX703|n3471
SDFFX1,DFF_62_Q_reg,WX704|WX703|test_se|CK|WX705|n3469
SDFFX1,DFF_63_Q_reg,WX706|WX705|test_se|CK|WX707|n3467
SDFFX1,DFF_64_Q_reg,WX708|WX707|test_se|CK|WX709
SDFFX1,DFF_65_Q_reg,WX710|WX709|test_se|CK|WX711
SDFFX1,DFF_66_Q_reg,WX712|WX711|test_se|CK|WX713
SDFFX1,DFF_67_Q_reg,WX714|WX713|test_se|CK|WX715
SDFFX1,DFF_68_Q_reg,WX716|WX715|test_se|CK|WX717
SDFFX1,DFF_69_Q_reg,WX718|WX717|test_se|CK|WX719
SDFFX1,DFF_70_Q_reg,WX720|WX719|test_se|CK|WX721
SDFFX1,DFF_71_Q_reg,WX722|WX721|test_se|CK|test_so4
SDFFX1,DFF_72_Q_reg,WX724|test_si5|test_se|CK|WX725
SDFFX1,DFF_73_Q_reg,WX726|WX725|test_se|CK|WX727
SDFFX1,DFF_74_Q_reg,WX728|WX727|test_se|CK|WX729
SDFFX1,DFF_75_Q_reg,WX730|WX729|test_se|CK|WX731
SDFFX1,DFF_76_Q_reg,WX732|WX731|test_se|CK|WX733
SDFFX1,DFF_77_Q_reg,WX734|WX733|test_se|CK|WX735
SDFFX1,DFF_78_Q_reg,WX736|WX735|test_se|CK|WX737
SDFFX1,DFF_79_Q_reg,WX738|WX737|test_se|CK|WX739
SDFFX1,DFF_80_Q_reg,WX740|WX739|test_se|CK|WX741
SDFFX1,DFF_81_Q_reg,WX742|WX741|test_se|CK|WX743
SDFFX1,DFF_82_Q_reg,WX744|WX743|test_se|CK|WX745
SDFFX1,DFF_83_Q_reg,WX746|WX745|test_se|CK|WX747
SDFFX1,DFF_84_Q_reg,WX748|WX747|test_se|CK|WX749
SDFFX1,DFF_85_Q_reg,WX750|WX749|test_se|CK|WX751
SDFFX1,DFF_86_Q_reg,WX752|WX751|test_se|CK|WX753
SDFFX1,DFF_87_Q_reg,WX754|WX753|test_se|CK|WX755
SDFFX1,DFF_88_Q_reg,WX756|WX755|test_se|CK|WX757
SDFFX1,DFF_89_Q_reg,WX758|WX757|test_se|CK|test_so5
SDFFX1,DFF_90_Q_reg,WX760|test_si6|test_se|CK|WX761
SDFFX1,DFF_91_Q_reg,WX762|WX761|test_se|CK|WX763
SDFFX1,DFF_92_Q_reg,WX764|WX763|test_se|CK|WX765
SDFFX1,DFF_93_Q_reg,WX766|WX765|test_se|CK|WX767
SDFFX1,DFF_94_Q_reg,WX768|WX767|test_se|CK|WX769
SDFFX1,DFF_95_Q_reg,WX770|WX769|test_se|CK|WX771
SDFFX1,DFF_96_Q_reg,WX772|WX771|test_se|CK|WX773
SDFFX1,DFF_97_Q_reg,WX774|WX773|test_se|CK|WX775
SDFFX1,DFF_98_Q_reg,WX776|WX775|test_se|CK|WX777
SDFFX1,DFF_99_Q_reg,WX778|WX777|test_se|CK|WX779
SDFFX1,DFF_100_Q_reg,WX780|WX779|test_se|CK|WX781
SDFFX1,DFF_101_Q_reg,WX782|WX781|test_se|CK|WX783
SDFFX1,DFF_102_Q_reg,WX784|WX783|test_se|CK|WX785
SDFFX1,DFF_103_Q_reg,WX786|WX785|test_se|CK|WX787
SDFFX1,DFF_104_Q_reg,WX788|WX787|test_se|CK|WX789
SDFFX1,DFF_105_Q_reg,WX790|WX789|test_se|CK|WX791
SDFFX1,DFF_106_Q_reg,WX792|WX791|test_se|CK|WX793
SDFFX1,DFF_107_Q_reg,WX794|WX793|test_se|CK|test_so6
SDFFX1,DFF_108_Q_reg,WX796|test_si7|test_se|CK|WX797
SDFFX1,DFF_109_Q_reg,WX798|WX797|test_se|CK|WX799
SDFFX1,DFF_110_Q_reg,WX800|WX799|test_se|CK|WX801
SDFFX1,DFF_111_Q_reg,WX802|WX801|test_se|CK|WX803
SDFFX1,DFF_112_Q_reg,WX804|WX803|test_se|CK|WX805
SDFFX1,DFF_113_Q_reg,WX806|WX805|test_se|CK|WX807
SDFFX1,DFF_114_Q_reg,WX808|WX807|test_se|CK|WX809
SDFFX1,DFF_115_Q_reg,WX810|WX809|test_se|CK|WX811
SDFFX1,DFF_116_Q_reg,WX812|WX811|test_se|CK|WX813
SDFFX1,DFF_117_Q_reg,WX814|WX813|test_se|CK|WX815
SDFFX1,DFF_118_Q_reg,WX816|WX815|test_se|CK|WX817
SDFFX1,DFF_119_Q_reg,WX818|WX817|test_se|CK|WX819
SDFFX1,DFF_120_Q_reg,WX820|WX819|test_se|CK|WX821
SDFFX1,DFF_121_Q_reg,WX822|WX821|test_se|CK|WX823
SDFFX1,DFF_122_Q_reg,WX824|WX823|test_se|CK|WX825
SDFFX1,DFF_123_Q_reg,WX826|WX825|test_se|CK|WX827
SDFFX1,DFF_124_Q_reg,WX828|WX827|test_se|CK|WX829
SDFFX1,DFF_125_Q_reg,WX830|WX829|test_se|CK|test_so7
SDFFX1,DFF_126_Q_reg,WX832|test_si8|test_se|CK|WX833
SDFFX1,DFF_127_Q_reg,WX834|WX833|test_se|CK|WX835
SDFFX1,DFF_128_Q_reg,WX836|WX835|test_se|CK|WX837
SDFFX1,DFF_129_Q_reg,WX838|WX837|test_se|CK|WX839
SDFFX1,DFF_130_Q_reg,WX840|WX839|test_se|CK|WX841
SDFFX1,DFF_131_Q_reg,WX842|WX841|test_se|CK|WX843
SDFFX1,DFF_132_Q_reg,WX844|WX843|test_se|CK|WX845
SDFFX1,DFF_133_Q_reg,WX846|WX845|test_se|CK|WX847
SDFFX1,DFF_134_Q_reg,WX848|WX847|test_se|CK|WX849
SDFFX1,DFF_135_Q_reg,WX850|WX849|test_se|CK|WX851
SDFFX1,DFF_136_Q_reg,WX852|WX851|test_se|CK|WX853
SDFFX1,DFF_137_Q_reg,WX854|WX853|test_se|CK|WX855
SDFFX1,DFF_138_Q_reg,WX856|WX855|test_se|CK|WX857
SDFFX1,DFF_139_Q_reg,WX858|WX857|test_se|CK|WX859
SDFFX1,DFF_140_Q_reg,WX860|WX859|test_se|CK|WX861
SDFFX1,DFF_141_Q_reg,WX862|WX861|test_se|CK|WX863
SDFFX1,DFF_142_Q_reg,WX864|WX863|test_se|CK|WX865
SDFFX1,DFF_143_Q_reg,WX866|WX865|test_se|CK|test_so8
SDFFX1,DFF_144_Q_reg,WX868|test_si9|test_se|CK|WX869
SDFFX1,DFF_145_Q_reg,WX870|WX869|test_se|CK|WX871
SDFFX1,DFF_146_Q_reg,WX872|WX871|test_se|CK|WX873
SDFFX1,DFF_147_Q_reg,WX874|WX873|test_se|CK|WX875
SDFFX1,DFF_148_Q_reg,WX876|WX875|test_se|CK|WX877
SDFFX1,DFF_149_Q_reg,WX878|WX877|test_se|CK|WX879
SDFFX1,DFF_150_Q_reg,WX880|WX879|test_se|CK|WX881
SDFFX1,DFF_151_Q_reg,WX882|WX881|test_se|CK|WX883
SDFFX1,DFF_152_Q_reg,WX884|WX883|test_se|CK|WX885
SDFFX1,DFF_153_Q_reg,WX886|WX885|test_se|CK|WX887
SDFFX1,DFF_154_Q_reg,WX888|WX887|test_se|CK|WX889
SDFFX1,DFF_155_Q_reg,WX890|WX889|test_se|CK|WX891
SDFFX1,DFF_156_Q_reg,WX892|WX891|test_se|CK|WX893
SDFFX1,DFF_157_Q_reg,WX894|WX893|test_se|CK|WX895
SDFFX1,DFF_158_Q_reg,WX896|WX895|test_se|CK|WX897
SDFFX1,DFF_159_Q_reg,WX898|WX897|test_se|CK|WX899
SDFFX1,DFF_160_Q_reg,WX1264|WX899|test_se|CK|CRC_OUT_9_0|DFF_160_n1
SDFFX1,DFF_161_Q_reg,WX1266|CRC_OUT_9_0|test_se|CK|CRC_OUT_9_1|DFF_161_n1
SDFFX1,DFF_162_Q_reg,WX1268|test_si10|test_se|CK|CRC_OUT_9_2|DFF_162_n1
SDFFX1,DFF_163_Q_reg,WX1270|CRC_OUT_9_2|test_se|CK|CRC_OUT_9_3|DFF_163_n1
SDFFX1,DFF_164_Q_reg,WX1272|CRC_OUT_9_3|test_se|CK|CRC_OUT_9_4|DFF_164_n1
SDFFX1,DFF_165_Q_reg,WX1274|CRC_OUT_9_4|test_se|CK|CRC_OUT_9_5|DFF_165_n1
SDFFX1,DFF_166_Q_reg,WX1276|CRC_OUT_9_5|test_se|CK|CRC_OUT_9_6|DFF_166_n1
SDFFX1,DFF_167_Q_reg,WX1278|CRC_OUT_9_6|test_se|CK|CRC_OUT_9_7|DFF_167_n1
SDFFX1,DFF_168_Q_reg,WX1280|CRC_OUT_9_7|test_se|CK|CRC_OUT_9_8|DFF_168_n1
SDFFX1,DFF_169_Q_reg,WX1282|CRC_OUT_9_8|test_se|CK|CRC_OUT_9_9|DFF_169_n1
SDFFX1,DFF_170_Q_reg,WX1284|CRC_OUT_9_9|test_se|CK|CRC_OUT_9_10|DFF_170_n1
SDFFX1,DFF_171_Q_reg,WX1286|CRC_OUT_9_10|test_se|CK|CRC_OUT_9_11|DFF_171_n1
SDFFX1,DFF_172_Q_reg,WX1288|CRC_OUT_9_11|test_se|CK|CRC_OUT_9_12|DFF_172_n1
SDFFX1,DFF_173_Q_reg,WX1290|CRC_OUT_9_12|test_se|CK|CRC_OUT_9_13|DFF_173_n1
SDFFX1,DFF_174_Q_reg,WX1292|CRC_OUT_9_13|test_se|CK|CRC_OUT_9_14|DFF_174_n1
SDFFX1,DFF_175_Q_reg,WX1294|CRC_OUT_9_14|test_se|CK|CRC_OUT_9_15|DFF_175_n1
SDFFX1,DFF_176_Q_reg,WX1296|CRC_OUT_9_15|test_se|CK|CRC_OUT_9_16|DFF_176_n1
SDFFX1,DFF_177_Q_reg,WX1298|CRC_OUT_9_16|test_se|CK|CRC_OUT_9_17|DFF_177_n1
SDFFX1,DFF_178_Q_reg,WX1300|CRC_OUT_9_17|test_se|CK|CRC_OUT_9_18|DFF_178_n1
SDFFX1,DFF_179_Q_reg,WX1302|CRC_OUT_9_18|test_se|CK|CRC_OUT_9_19|DFF_179_n1
SDFFX1,DFF_180_Q_reg,WX1304|test_si11|test_se|CK|CRC_OUT_9_20|DFF_180_n1
SDFFX1,DFF_181_Q_reg,WX1306|CRC_OUT_9_20|test_se|CK|CRC_OUT_9_21|DFF_181_n1
SDFFX1,DFF_182_Q_reg,WX1308|CRC_OUT_9_21|test_se|CK|CRC_OUT_9_22|DFF_182_n1
SDFFX1,DFF_183_Q_reg,WX1310|CRC_OUT_9_22|test_se|CK|CRC_OUT_9_23|DFF_183_n1
SDFFX1,DFF_184_Q_reg,WX1312|CRC_OUT_9_23|test_se|CK|CRC_OUT_9_24|DFF_184_n1
SDFFX1,DFF_185_Q_reg,WX1314|CRC_OUT_9_24|test_se|CK|CRC_OUT_9_25|DFF_185_n1
SDFFX1,DFF_186_Q_reg,WX1316|CRC_OUT_9_25|test_se|CK|CRC_OUT_9_26|DFF_186_n1
SDFFX1,DFF_187_Q_reg,WX1318|CRC_OUT_9_26|test_se|CK|CRC_OUT_9_27|DFF_187_n1
SDFFX1,DFF_188_Q_reg,WX1320|CRC_OUT_9_27|test_se|CK|CRC_OUT_9_28|DFF_188_n1
SDFFX1,DFF_189_Q_reg,WX1322|CRC_OUT_9_28|test_se|CK|CRC_OUT_9_29|DFF_189_n1
SDFFX1,DFF_190_Q_reg,WX1324|CRC_OUT_9_29|test_se|CK|CRC_OUT_9_30|DFF_190_n1
SDFFX1,DFF_191_Q_reg,WX1326|CRC_OUT_9_30|test_se|CK|CRC_OUT_9_31|DFF_191_n1
SDFFX1,DFF_192_Q_reg,WX1777|CRC_OUT_9_31|test_se|CK|WX1778
SDFFX1,DFF_193_Q_reg,WX1779|WX1778|test_se|CK|n8702|n4033
SDFFX1,DFF_194_Q_reg,WX1781|n8702|test_se|CK|n8701|n4032
SDFFX1,DFF_195_Q_reg,WX1783|n8701|test_se|CK|n8700|n4031
SDFFX1,DFF_196_Q_reg,WX1785|n8700|test_se|CK|n8699|n4030
SDFFX1,DFF_197_Q_reg,WX1787|n8699|test_se|CK|test_so11|n4029
SDFFX1,DFF_198_Q_reg,WX1789|test_si12|test_se|CK|n8696|n4028
SDFFX1,DFF_199_Q_reg,WX1791|n8696|test_se|CK|n8695|n4027
SDFFX1,DFF_200_Q_reg,WX1793|n8695|test_se|CK|n8694|n4026
SDFFX1,DFF_201_Q_reg,WX1795|n8694|test_se|CK|n8693|n4025
SDFFX1,DFF_202_Q_reg,WX1797|n8693|test_se|CK|n8692|n4024
SDFFX1,DFF_203_Q_reg,WX1799|n8692|test_se|CK|n8691|n4023
SDFFX1,DFF_204_Q_reg,WX1801|n8691|test_se|CK|n8690|n4022
SDFFX1,DFF_205_Q_reg,WX1803|n8690|test_se|CK|n8689|n4021
SDFFX1,DFF_206_Q_reg,WX1805|n8689|test_se|CK|n8688|n4020
SDFFX1,DFF_207_Q_reg,WX1807|n8688|test_se|CK|n8687|n4019
SDFFX1,DFF_208_Q_reg,WX1809|n8687|test_se|CK|n8686|n4018
SDFFX1,DFF_209_Q_reg,WX1811|n8686|test_se|CK|n8685|n4017
SDFFX1,DFF_210_Q_reg,WX1813|n8685|test_se|CK|n8684|n4016
SDFFX1,DFF_211_Q_reg,WX1815|n8684|test_se|CK|n8683|n4015
SDFFX1,DFF_212_Q_reg,WX1817|n8683|test_se|CK|n8682|n4014
SDFFX1,DFF_213_Q_reg,WX1819|n8682|test_se|CK|n8681|n4013
SDFFX1,DFF_214_Q_reg,WX1821|n8681|test_se|CK|n8680|n4012
SDFFX1,DFF_215_Q_reg,WX1823|n8680|test_se|CK|test_so12|n4011
SDFFX1,DFF_216_Q_reg,WX1825|test_si13|test_se|CK|n8677|n4010
SDFFX1,DFF_217_Q_reg,WX1827|n8677|test_se|CK|n8676|n4009
SDFFX1,DFF_218_Q_reg,WX1829|n8676|test_se|CK|n8675|n4008
SDFFX1,DFF_219_Q_reg,WX1831|n8675|test_se|CK|n8674|n4007
SDFFX1,DFF_220_Q_reg,WX1833|n8674|test_se|CK|n8673|n4006
SDFFX1,DFF_221_Q_reg,WX1835|n8673|test_se|CK|n8672|n4005
SDFFX1,DFF_222_Q_reg,WX1837|n8672|test_se|CK|n8671|n4004
SDFFX1,DFF_223_Q_reg,WX1839|n8671|test_se|CK|n8670|n4003
SDFFX1,DFF_224_Q_reg,WX1937|n8670|test_se|CK|n8669|n3345
SDFFX1,DFF_225_Q_reg,WX1939|n8669|test_se|CK|n8668|n3465
SDFFX1,DFF_226_Q_reg,WX1941|n8668|test_se|CK|n8667|n3464
SDFFX1,DFF_227_Q_reg,WX1943|n8667|test_se|CK|n8666|n3463
SDFFX1,DFF_228_Q_reg,WX1945|n8666|test_se|CK|n8665|n3462
SDFFX1,DFF_229_Q_reg,WX1947|n8665|test_se|CK|n8664|n3461
SDFFX1,DFF_230_Q_reg,WX1949|n8664|test_se|CK|n8663|n3460
SDFFX1,DFF_231_Q_reg,WX1951|n8663|test_se|CK|n8662|n3459
SDFFX1,DFF_232_Q_reg,WX1953|n8662|test_se|CK|n8661|n3458
SDFFX1,DFF_233_Q_reg,WX1955|n8661|test_se|CK|test_so13|n3457
SDFFX1,DFF_234_Q_reg,WX1957|test_si14|test_se|CK|n8658|n3456
SDFFX1,DFF_235_Q_reg,WX1959|n8658|test_se|CK|n8657|n3455
SDFFX1,DFF_236_Q_reg,WX1961|n8657|test_se|CK|n8656|n3454
SDFFX1,DFF_237_Q_reg,WX1963|n8656|test_se|CK|n8655|n3453
SDFFX1,DFF_238_Q_reg,WX1965|n8655|test_se|CK|n8654|n3452
SDFFX1,DFF_239_Q_reg,WX1967|n8654|test_se|CK|n8653|n3451
SDFFX1,DFF_240_Q_reg,WX1969|n8653|test_se|CK|WX1970
SDFFX1,DFF_241_Q_reg,WX1971|WX1970|test_se|CK|WX1972
SDFFX1,DFF_242_Q_reg,WX1973|WX1972|test_se|CK|WX1974
SDFFX1,DFF_243_Q_reg,WX1975|WX1974|test_se|CK|WX1976
SDFFX1,DFF_244_Q_reg,WX1977|WX1976|test_se|CK|WX1978
SDFFX1,DFF_245_Q_reg,WX1979|WX1978|test_se|CK|WX1980
SDFFX1,DFF_246_Q_reg,WX1981|WX1980|test_se|CK|WX1982
SDFFX1,DFF_247_Q_reg,WX1983|WX1982|test_se|CK|WX1984
SDFFX1,DFF_248_Q_reg,WX1985|WX1984|test_se|CK|WX1986
SDFFX1,DFF_249_Q_reg,WX1987|WX1986|test_se|CK|WX1988
SDFFX1,DFF_250_Q_reg,WX1989|WX1988|test_se|CK|WX1990
SDFFX1,DFF_251_Q_reg,WX1991|WX1990|test_se|CK|test_so14
SDFFX1,DFF_252_Q_reg,WX1993|test_si15|test_se|CK|WX1994
SDFFX1,DFF_253_Q_reg,WX1995|WX1994|test_se|CK|WX1996
SDFFX1,DFF_254_Q_reg,WX1997|WX1996|test_se|CK|WX1998
SDFFX1,DFF_255_Q_reg,WX1999|WX1998|test_se|CK|WX2000
SDFFX1,DFF_256_Q_reg,WX2001|WX2000|test_se|CK|WX2002
SDFFX1,DFF_257_Q_reg,WX2003|WX2002|test_se|CK|WX2004
SDFFX1,DFF_258_Q_reg,WX2005|WX2004|test_se|CK|WX2006
SDFFX1,DFF_259_Q_reg,WX2007|WX2006|test_se|CK|WX2008
SDFFX1,DFF_260_Q_reg,WX2009|WX2008|test_se|CK|WX2010
SDFFX1,DFF_261_Q_reg,WX2011|WX2010|test_se|CK|WX2012
SDFFX1,DFF_262_Q_reg,WX2013|WX2012|test_se|CK|WX2014
SDFFX1,DFF_263_Q_reg,WX2015|WX2014|test_se|CK|WX2016
SDFFX1,DFF_264_Q_reg,WX2017|WX2016|test_se|CK|WX2018
SDFFX1,DFF_265_Q_reg,WX2019|WX2018|test_se|CK|WX2020
SDFFX1,DFF_266_Q_reg,WX2021|WX2020|test_se|CK|WX2022
SDFFX1,DFF_267_Q_reg,WX2023|WX2022|test_se|CK|WX2024
SDFFX1,DFF_268_Q_reg,WX2025|WX2024|test_se|CK|WX2026
SDFFX1,DFF_269_Q_reg,WX2027|WX2026|test_se|CK|test_so15
SDFFX1,DFF_270_Q_reg,WX2029|test_si16|test_se|CK|WX2030
SDFFX1,DFF_271_Q_reg,WX2031|WX2030|test_se|CK|WX2032
SDFFX1,DFF_272_Q_reg,WX2033|WX2032|test_se|CK|WX2034|n3785
SDFFX1,DFF_273_Q_reg,WX2035|WX2034|test_se|CK|WX2036|n3783
SDFFX1,DFF_274_Q_reg,WX2037|WX2036|test_se|CK|WX2038|n3781
SDFFX1,DFF_275_Q_reg,WX2039|WX2038|test_se|CK|WX2040|n3779
SDFFX1,DFF_276_Q_reg,WX2041|WX2040|test_se|CK|WX2042|n3777
SDFFX1,DFF_277_Q_reg,WX2043|WX2042|test_se|CK|WX2044|n3775
SDFFX1,DFF_278_Q_reg,WX2045|WX2044|test_se|CK|WX2046|n3773
SDFFX1,DFF_279_Q_reg,WX2047|WX2046|test_se|CK|WX2048|n3771
SDFFX1,DFF_280_Q_reg,WX2049|WX2048|test_se|CK|WX2050|n3769
SDFFX1,DFF_281_Q_reg,WX2051|WX2050|test_se|CK|WX2052|n3767
SDFFX1,DFF_282_Q_reg,WX2053|WX2052|test_se|CK|WX2054|n3765
SDFFX1,DFF_283_Q_reg,WX2055|WX2054|test_se|CK|WX2056|n3763
SDFFX1,DFF_284_Q_reg,WX2057|WX2056|test_se|CK|WX2058|n3761
SDFFX1,DFF_285_Q_reg,WX2059|WX2058|test_se|CK|WX2060|n3759
SDFFX1,DFF_286_Q_reg,WX2061|WX2060|test_se|CK|WX2062|n3757
SDFFX1,DFF_287_Q_reg,WX2063|WX2062|test_se|CK|test_so16|n3755
SDFFX1,DFF_288_Q_reg,WX2065|test_si17|test_se|CK|WX2066
SDFFX1,DFF_289_Q_reg,WX2067|WX2066|test_se|CK|WX2068
SDFFX1,DFF_290_Q_reg,WX2069|WX2068|test_se|CK|WX2070
SDFFX1,DFF_291_Q_reg,WX2071|WX2070|test_se|CK|WX2072
SDFFX1,DFF_292_Q_reg,WX2073|WX2072|test_se|CK|WX2074
SDFFX1,DFF_293_Q_reg,WX2075|WX2074|test_se|CK|WX2076
SDFFX1,DFF_294_Q_reg,WX2077|WX2076|test_se|CK|WX2078
SDFFX1,DFF_295_Q_reg,WX2079|WX2078|test_se|CK|WX2080
SDFFX1,DFF_296_Q_reg,WX2081|WX2080|test_se|CK|WX2082
SDFFX1,DFF_297_Q_reg,WX2083|WX2082|test_se|CK|WX2084
SDFFX1,DFF_298_Q_reg,WX2085|WX2084|test_se|CK|WX2086
SDFFX1,DFF_299_Q_reg,WX2087|WX2086|test_se|CK|WX2088
SDFFX1,DFF_300_Q_reg,WX2089|WX2088|test_se|CK|WX2090
SDFFX1,DFF_301_Q_reg,WX2091|WX2090|test_se|CK|WX2092
SDFFX1,DFF_302_Q_reg,WX2093|WX2092|test_se|CK|WX2094
SDFFX1,DFF_303_Q_reg,WX2095|WX2094|test_se|CK|WX2096
SDFFX1,DFF_304_Q_reg,WX2097|WX2096|test_se|CK|WX2098
SDFFX1,DFF_305_Q_reg,WX2099|WX2098|test_se|CK|test_so17
SDFFX1,DFF_306_Q_reg,WX2101|test_si18|test_se|CK|WX2102
SDFFX1,DFF_307_Q_reg,WX2103|WX2102|test_se|CK|WX2104
SDFFX1,DFF_308_Q_reg,WX2105|WX2104|test_se|CK|WX2106
SDFFX1,DFF_309_Q_reg,WX2107|WX2106|test_se|CK|WX2108
SDFFX1,DFF_310_Q_reg,WX2109|WX2108|test_se|CK|WX2110
SDFFX1,DFF_311_Q_reg,WX2111|WX2110|test_se|CK|WX2112
SDFFX1,DFF_312_Q_reg,WX2113|WX2112|test_se|CK|WX2114
SDFFX1,DFF_313_Q_reg,WX2115|WX2114|test_se|CK|WX2116
SDFFX1,DFF_314_Q_reg,WX2117|WX2116|test_se|CK|WX2118
SDFFX1,DFF_315_Q_reg,WX2119|WX2118|test_se|CK|WX2120
SDFFX1,DFF_316_Q_reg,WX2121|WX2120|test_se|CK|WX2122
SDFFX1,DFF_317_Q_reg,WX2123|WX2122|test_se|CK|WX2124
SDFFX1,DFF_318_Q_reg,WX2125|WX2124|test_se|CK|WX2126
SDFFX1,DFF_319_Q_reg,WX2127|WX2126|test_se|CK|WX2128
SDFFX1,DFF_320_Q_reg,WX2129|WX2128|test_se|CK|WX2130
SDFFX1,DFF_321_Q_reg,WX2131|WX2130|test_se|CK|WX2132
SDFFX1,DFF_322_Q_reg,WX2133|WX2132|test_se|CK|WX2134
SDFFX1,DFF_323_Q_reg,WX2135|WX2134|test_se|CK|test_so18
SDFFX1,DFF_324_Q_reg,WX2137|test_si19|test_se|CK|WX2138
SDFFX1,DFF_325_Q_reg,WX2139|WX2138|test_se|CK|WX2140
SDFFX1,DFF_326_Q_reg,WX2141|WX2140|test_se|CK|WX2142
SDFFX1,DFF_327_Q_reg,WX2143|WX2142|test_se|CK|WX2144
SDFFX1,DFF_328_Q_reg,WX2145|WX2144|test_se|CK|WX2146
SDFFX1,DFF_329_Q_reg,WX2147|WX2146|test_se|CK|WX2148
SDFFX1,DFF_330_Q_reg,WX2149|WX2148|test_se|CK|WX2150
SDFFX1,DFF_331_Q_reg,WX2151|WX2150|test_se|CK|WX2152
SDFFX1,DFF_332_Q_reg,WX2153|WX2152|test_se|CK|WX2154
SDFFX1,DFF_333_Q_reg,WX2155|WX2154|test_se|CK|WX2156
SDFFX1,DFF_334_Q_reg,WX2157|WX2156|test_se|CK|WX2158
SDFFX1,DFF_335_Q_reg,WX2159|WX2158|test_se|CK|WX2160
SDFFX1,DFF_336_Q_reg,WX2161|WX2160|test_se|CK|WX2162
SDFFX1,DFF_337_Q_reg,WX2163|WX2162|test_se|CK|WX2164
SDFFX1,DFF_338_Q_reg,WX2165|WX2164|test_se|CK|WX2166
SDFFX1,DFF_339_Q_reg,WX2167|WX2166|test_se|CK|WX2168
SDFFX1,DFF_340_Q_reg,WX2169|WX2168|test_se|CK|WX2170
SDFFX1,DFF_341_Q_reg,WX2171|WX2170|test_se|CK|test_so19
SDFFX1,DFF_342_Q_reg,WX2173|test_si20|test_se|CK|WX2174
SDFFX1,DFF_343_Q_reg,WX2175|WX2174|test_se|CK|WX2176
SDFFX1,DFF_344_Q_reg,WX2177|WX2176|test_se|CK|WX2178
SDFFX1,DFF_345_Q_reg,WX2179|WX2178|test_se|CK|WX2180
SDFFX1,DFF_346_Q_reg,WX2181|WX2180|test_se|CK|WX2182
SDFFX1,DFF_347_Q_reg,WX2183|WX2182|test_se|CK|WX2184
SDFFX1,DFF_348_Q_reg,WX2185|WX2184|test_se|CK|WX2186
SDFFX1,DFF_349_Q_reg,WX2187|WX2186|test_se|CK|WX2188
SDFFX1,DFF_350_Q_reg,WX2189|WX2188|test_se|CK|WX2190
SDFFX1,DFF_351_Q_reg,WX2191|WX2190|test_se|CK|WX2192
SDFFX1,DFF_352_Q_reg,WX2557|WX2192|test_se|CK|CRC_OUT_8_0|DFF_352_n1
SDFFX1,DFF_353_Q_reg,WX2559|CRC_OUT_8_0|test_se|CK|CRC_OUT_8_1|DFF_353_n1
SDFFX1,DFF_354_Q_reg,WX2561|CRC_OUT_8_1|test_se|CK|CRC_OUT_8_2|DFF_354_n1
SDFFX1,DFF_355_Q_reg,WX2563|CRC_OUT_8_2|test_se|CK|CRC_OUT_8_3|DFF_355_n1
SDFFX1,DFF_356_Q_reg,WX2565|CRC_OUT_8_3|test_se|CK|CRC_OUT_8_4|DFF_356_n1
SDFFX1,DFF_357_Q_reg,WX2567|CRC_OUT_8_4|test_se|CK|CRC_OUT_8_5|DFF_357_n1
SDFFX1,DFF_358_Q_reg,WX2569|CRC_OUT_8_5|test_se|CK|CRC_OUT_8_6|DFF_358_n1
SDFFX1,DFF_359_Q_reg,WX2571|CRC_OUT_8_6|test_se|CK|CRC_OUT_8_7|DFF_359_n1
SDFFX1,DFF_360_Q_reg,WX2573|test_si21|test_se|CK|CRC_OUT_8_8|DFF_360_n1
SDFFX1,DFF_361_Q_reg,WX2575|CRC_OUT_8_8|test_se|CK|CRC_OUT_8_9|DFF_361_n1
SDFFX1,DFF_362_Q_reg,WX2577|CRC_OUT_8_9|test_se|CK|CRC_OUT_8_10|DFF_362_n1
SDFFX1,DFF_363_Q_reg,WX2579|CRC_OUT_8_10|test_se|CK|CRC_OUT_8_11|DFF_363_n1
SDFFX1,DFF_364_Q_reg,WX2581|CRC_OUT_8_11|test_se|CK|CRC_OUT_8_12|DFF_364_n1
SDFFX1,DFF_365_Q_reg,WX2583|CRC_OUT_8_12|test_se|CK|CRC_OUT_8_13|DFF_365_n1
SDFFX1,DFF_366_Q_reg,WX2585|CRC_OUT_8_13|test_se|CK|CRC_OUT_8_14|DFF_366_n1
SDFFX1,DFF_367_Q_reg,WX2587|CRC_OUT_8_14|test_se|CK|CRC_OUT_8_15|DFF_367_n1
SDFFX1,DFF_368_Q_reg,WX2589|CRC_OUT_8_15|test_se|CK|CRC_OUT_8_16|DFF_368_n1
SDFFX1,DFF_369_Q_reg,WX2591|CRC_OUT_8_16|test_se|CK|CRC_OUT_8_17|DFF_369_n1
SDFFX1,DFF_370_Q_reg,WX2593|CRC_OUT_8_17|test_se|CK|CRC_OUT_8_18|DFF_370_n1
SDFFX1,DFF_371_Q_reg,WX2595|CRC_OUT_8_18|test_se|CK|CRC_OUT_8_19|DFF_371_n1
SDFFX1,DFF_372_Q_reg,WX2597|CRC_OUT_8_19|test_se|CK|CRC_OUT_8_20|DFF_372_n1
SDFFX1,DFF_373_Q_reg,WX2599|CRC_OUT_8_20|test_se|CK|CRC_OUT_8_21|DFF_373_n1
SDFFX1,DFF_374_Q_reg,WX2601|CRC_OUT_8_21|test_se|CK|CRC_OUT_8_22|DFF_374_n1
SDFFX1,DFF_375_Q_reg,WX2603|CRC_OUT_8_22|test_se|CK|CRC_OUT_8_23|DFF_375_n1
SDFFX1,DFF_376_Q_reg,WX2605|CRC_OUT_8_23|test_se|CK|CRC_OUT_8_24|DFF_376_n1
SDFFX1,DFF_377_Q_reg,WX2607|CRC_OUT_8_24|test_se|CK|CRC_OUT_8_25|DFF_377_n1
SDFFX1,DFF_378_Q_reg,WX2609|test_si22|test_se|CK|CRC_OUT_8_26|DFF_378_n1
SDFFX1,DFF_379_Q_reg,WX2611|CRC_OUT_8_26|test_se|CK|CRC_OUT_8_27|DFF_379_n1
SDFFX1,DFF_380_Q_reg,WX2613|CRC_OUT_8_27|test_se|CK|CRC_OUT_8_28|DFF_380_n1
SDFFX1,DFF_381_Q_reg,WX2615|CRC_OUT_8_28|test_se|CK|CRC_OUT_8_29|DFF_381_n1
SDFFX1,DFF_382_Q_reg,WX2617|CRC_OUT_8_29|test_se|CK|CRC_OUT_8_30|DFF_382_n1
SDFFX1,DFF_383_Q_reg,WX2619|CRC_OUT_8_30|test_se|CK|CRC_OUT_8_31|DFF_383_n1
SDFFX1,DFF_384_Q_reg,WX3070|CRC_OUT_8_31|test_se|CK|WX3071
SDFFX1,DFF_385_Q_reg,WX3072|WX3071|test_se|CK|n8644|n4002
SDFFX1,DFF_386_Q_reg,WX3074|n8644|test_se|CK|n8643|n4001
SDFFX1,DFF_387_Q_reg,WX3076|n8643|test_se|CK|n8642|n4000
SDFFX1,DFF_388_Q_reg,WX3078|n8642|test_se|CK|n8641|n3999
SDFFX1,DFF_389_Q_reg,WX3080|n8641|test_se|CK|n8640|n3998
SDFFX1,DFF_390_Q_reg,WX3082|n8640|test_se|CK|n8639|n3997
SDFFX1,DFF_391_Q_reg,WX3084|n8639|test_se|CK|n8638|n3996
SDFFX1,DFF_392_Q_reg,WX3086|n8638|test_se|CK|n8637|n3995
SDFFX1,DFF_393_Q_reg,WX3088|n8637|test_se|CK|n8636|n3994
SDFFX1,DFF_394_Q_reg,WX3090|n8636|test_se|CK|n8635|n3993
SDFFX1,DFF_395_Q_reg,WX3092|n8635|test_se|CK|test_so22|n3992
SDFFX1,DFF_396_Q_reg,WX3094|test_si23|test_se|CK|n8632|n3991
SDFFX1,DFF_397_Q_reg,WX3096|n8632|test_se|CK|n8631|n3990
SDFFX1,DFF_398_Q_reg,WX3098|n8631|test_se|CK|n8630|n3989
SDFFX1,DFF_399_Q_reg,WX3100|n8630|test_se|CK|n8629|n3988
SDFFX1,DFF_400_Q_reg,WX3102|n8629|test_se|CK|n8628|n3987
SDFFX1,DFF_401_Q_reg,WX3104|n8628|test_se|CK|n8627|n3986
SDFFX1,DFF_402_Q_reg,WX3106|n8627|test_se|CK|n8626|n3985
SDFFX1,DFF_403_Q_reg,WX3108|n8626|test_se|CK|n8625|n3984
SDFFX1,DFF_404_Q_reg,WX3110|n8625|test_se|CK|n8624|n3983
SDFFX1,DFF_405_Q_reg,WX3112|n8624|test_se|CK|n8623|n3982
SDFFX1,DFF_406_Q_reg,WX3114|n8623|test_se|CK|n8622|n3981
SDFFX1,DFF_407_Q_reg,WX3116|n8622|test_se|CK|n8621|n3980
SDFFX1,DFF_408_Q_reg,WX3118|n8621|test_se|CK|n8620|n3979
SDFFX1,DFF_409_Q_reg,WX3120|n8620|test_se|CK|n8619|n3978
SDFFX1,DFF_410_Q_reg,WX3122|n8619|test_se|CK|n8618|n3977
SDFFX1,DFF_411_Q_reg,WX3124|n8618|test_se|CK|n8617|n3976
SDFFX1,DFF_412_Q_reg,WX3126|n8617|test_se|CK|n8616|n3975
SDFFX1,DFF_413_Q_reg,WX3128|n8616|test_se|CK|test_so23|n3974
SDFFX1,DFF_414_Q_reg,WX3130|test_si24|test_se|CK|n8613|n3973
SDFFX1,DFF_415_Q_reg,WX3132|n8613|test_se|CK|n8612|n3972
SDFFX1,DFF_416_Q_reg,WX3230|n8612|test_se|CK|n8611|n3344
SDFFX1,DFF_417_Q_reg,WX3232|n8611|test_se|CK|n8610|n3450
SDFFX1,DFF_418_Q_reg,WX3234|n8610|test_se|CK|n8609|n3449
SDFFX1,DFF_419_Q_reg,WX3236|n8609|test_se|CK|n8608|n3448
SDFFX1,DFF_420_Q_reg,WX3238|n8608|test_se|CK|n8607|n3447
SDFFX1,DFF_421_Q_reg,WX3240|n8607|test_se|CK|n8606|n3446
SDFFX1,DFF_422_Q_reg,WX3242|n8606|test_se|CK|n8605|n3445
SDFFX1,DFF_423_Q_reg,WX3244|n8605|test_se|CK|n8604|n3444
SDFFX1,DFF_424_Q_reg,WX3246|n8604|test_se|CK|n8603|n3443
SDFFX1,DFF_425_Q_reg,WX3248|n8603|test_se|CK|n8602|n3442
SDFFX1,DFF_426_Q_reg,WX3250|n8602|test_se|CK|n8601|n3441
SDFFX1,DFF_427_Q_reg,WX3252|n8601|test_se|CK|n8600|n3440
SDFFX1,DFF_428_Q_reg,WX3254|n8600|test_se|CK|n8599|n3439
SDFFX1,DFF_429_Q_reg,WX3256|n8599|test_se|CK|n8598|n3438
SDFFX1,DFF_430_Q_reg,WX3258|n8598|test_se|CK|n8597|n3437
SDFFX1,DFF_431_Q_reg,WX3260|n8597|test_se|CK|test_so24|n3436
SDFFX1,DFF_432_Q_reg,WX3262|test_si25|test_se|CK|WX3263
SDFFX1,DFF_433_Q_reg,WX3264|WX3263|test_se|CK|WX3265
SDFFX1,DFF_434_Q_reg,WX3266|WX3265|test_se|CK|WX3267
SDFFX1,DFF_435_Q_reg,WX3268|WX3267|test_se|CK|WX3269
SDFFX1,DFF_436_Q_reg,WX3270|WX3269|test_se|CK|WX3271
SDFFX1,DFF_437_Q_reg,WX3272|WX3271|test_se|CK|WX3273
SDFFX1,DFF_438_Q_reg,WX3274|WX3273|test_se|CK|WX3275
SDFFX1,DFF_439_Q_reg,WX3276|WX3275|test_se|CK|WX3277
SDFFX1,DFF_440_Q_reg,WX3278|WX3277|test_se|CK|WX3279
SDFFX1,DFF_441_Q_reg,WX3280|WX3279|test_se|CK|WX3281
SDFFX1,DFF_442_Q_reg,WX3282|WX3281|test_se|CK|WX3283
SDFFX1,DFF_443_Q_reg,WX3284|WX3283|test_se|CK|WX3285
SDFFX1,DFF_444_Q_reg,WX3286|WX3285|test_se|CK|WX3287
SDFFX1,DFF_445_Q_reg,WX3288|WX3287|test_se|CK|WX3289
SDFFX1,DFF_446_Q_reg,WX3290|WX3289|test_se|CK|WX3291
SDFFX1,DFF_447_Q_reg,WX3292|WX3291|test_se|CK|WX3293
SDFFX1,DFF_448_Q_reg,WX3294|WX3293|test_se|CK|WX3295
SDFFX1,DFF_449_Q_reg,WX3296|WX3295|test_se|CK|test_so25
SDFFX1,DFF_450_Q_reg,WX3298|test_si26|test_se|CK|WX3299
SDFFX1,DFF_451_Q_reg,WX3300|WX3299|test_se|CK|WX3301
SDFFX1,DFF_452_Q_reg,WX3302|WX3301|test_se|CK|WX3303
SDFFX1,DFF_453_Q_reg,WX3304|WX3303|test_se|CK|WX3305
SDFFX1,DFF_454_Q_reg,WX3306|WX3305|test_se|CK|WX3307
SDFFX1,DFF_455_Q_reg,WX3308|WX3307|test_se|CK|WX3309
SDFFX1,DFF_456_Q_reg,WX3310|WX3309|test_se|CK|WX3311
SDFFX1,DFF_457_Q_reg,WX3312|WX3311|test_se|CK|WX3313
SDFFX1,DFF_458_Q_reg,WX3314|WX3313|test_se|CK|WX3315
SDFFX1,DFF_459_Q_reg,WX3316|WX3315|test_se|CK|WX3317
SDFFX1,DFF_460_Q_reg,WX3318|WX3317|test_se|CK|WX3319
SDFFX1,DFF_461_Q_reg,WX3320|WX3319|test_se|CK|WX3321
SDFFX1,DFF_462_Q_reg,WX3322|WX3321|test_se|CK|WX3323
SDFFX1,DFF_463_Q_reg,WX3324|WX3323|test_se|CK|WX3325
SDFFX1,DFF_464_Q_reg,WX3326|WX3325|test_se|CK|WX3327|n3753
SDFFX1,DFF_465_Q_reg,WX3328|WX3327|test_se|CK|WX3329|n3751
SDFFX1,DFF_466_Q_reg,WX3330|WX3329|test_se|CK|WX3331|n3749
SDFFX1,DFF_467_Q_reg,WX3332|WX3331|test_se|CK|test_so26|n3747
SDFFX1,DFF_468_Q_reg,WX3334|test_si27|test_se|CK|WX3335|n3745
SDFFX1,DFF_469_Q_reg,WX3336|WX3335|test_se|CK|WX3337|n3743
SDFFX1,DFF_470_Q_reg,WX3338|WX3337|test_se|CK|WX3339|n3741
SDFFX1,DFF_471_Q_reg,WX3340|WX3339|test_se|CK|WX3341|n3739
SDFFX1,DFF_472_Q_reg,WX3342|WX3341|test_se|CK|WX3343|n3737
SDFFX1,DFF_473_Q_reg,WX3344|WX3343|test_se|CK|WX3345|n3735
SDFFX1,DFF_474_Q_reg,WX3346|WX3345|test_se|CK|WX3347|n3733
SDFFX1,DFF_475_Q_reg,WX3348|WX3347|test_se|CK|WX3349|n3731
SDFFX1,DFF_476_Q_reg,WX3350|WX3349|test_se|CK|WX3351|n3729
SDFFX1,DFF_477_Q_reg,WX3352|WX3351|test_se|CK|WX3353|n3727
SDFFX1,DFF_478_Q_reg,WX3354|WX3353|test_se|CK|WX3355|n3725
SDFFX1,DFF_479_Q_reg,WX3356|WX3355|test_se|CK|WX3357|n3723
SDFFX1,DFF_480_Q_reg,WX3358|WX3357|test_se|CK|WX3359
SDFFX1,DFF_481_Q_reg,WX3360|WX3359|test_se|CK|WX3361
SDFFX1,DFF_482_Q_reg,WX3362|WX3361|test_se|CK|WX3363
SDFFX1,DFF_483_Q_reg,WX3364|WX3363|test_se|CK|WX3365
SDFFX1,DFF_484_Q_reg,WX3366|WX3365|test_se|CK|WX3367
SDFFX1,DFF_485_Q_reg,WX3368|WX3367|test_se|CK|test_so27
SDFFX1,DFF_486_Q_reg,WX3370|test_si28|test_se|CK|WX3371
SDFFX1,DFF_487_Q_reg,WX3372|WX3371|test_se|CK|WX3373
SDFFX1,DFF_488_Q_reg,WX3374|WX3373|test_se|CK|WX3375
SDFFX1,DFF_489_Q_reg,WX3376|WX3375|test_se|CK|WX3377
SDFFX1,DFF_490_Q_reg,WX3378|WX3377|test_se|CK|WX3379
SDFFX1,DFF_491_Q_reg,WX3380|WX3379|test_se|CK|WX3381
SDFFX1,DFF_492_Q_reg,WX3382|WX3381|test_se|CK|WX3383
SDFFX1,DFF_493_Q_reg,WX3384|WX3383|test_se|CK|WX3385
SDFFX1,DFF_494_Q_reg,WX3386|WX3385|test_se|CK|WX3387
SDFFX1,DFF_495_Q_reg,WX3388|WX3387|test_se|CK|WX3389
SDFFX1,DFF_496_Q_reg,WX3390|WX3389|test_se|CK|WX3391
SDFFX1,DFF_497_Q_reg,WX3392|WX3391|test_se|CK|WX3393
SDFFX1,DFF_498_Q_reg,WX3394|WX3393|test_se|CK|WX3395
SDFFX1,DFF_499_Q_reg,WX3396|WX3395|test_se|CK|WX3397
SDFFX1,DFF_500_Q_reg,WX3398|WX3397|test_se|CK|WX3399
SDFFX1,DFF_501_Q_reg,WX3400|WX3399|test_se|CK|WX3401
SDFFX1,DFF_502_Q_reg,WX3402|WX3401|test_se|CK|WX3403
SDFFX1,DFF_503_Q_reg,WX3404|WX3403|test_se|CK|test_so28
SDFFX1,DFF_504_Q_reg,WX3406|test_si29|test_se|CK|WX3407
SDFFX1,DFF_505_Q_reg,WX3408|WX3407|test_se|CK|WX3409
SDFFX1,DFF_506_Q_reg,WX3410|WX3409|test_se|CK|WX3411
SDFFX1,DFF_507_Q_reg,WX3412|WX3411|test_se|CK|WX3413
SDFFX1,DFF_508_Q_reg,WX3414|WX3413|test_se|CK|WX3415
SDFFX1,DFF_509_Q_reg,WX3416|WX3415|test_se|CK|WX3417
SDFFX1,DFF_510_Q_reg,WX3418|WX3417|test_se|CK|WX3419
SDFFX1,DFF_511_Q_reg,WX3420|WX3419|test_se|CK|WX3421
SDFFX1,DFF_512_Q_reg,WX3422|WX3421|test_se|CK|WX3423
SDFFX1,DFF_513_Q_reg,WX3424|WX3423|test_se|CK|WX3425
SDFFX1,DFF_514_Q_reg,WX3426|WX3425|test_se|CK|WX3427
SDFFX1,DFF_515_Q_reg,WX3428|WX3427|test_se|CK|WX3429
SDFFX1,DFF_516_Q_reg,WX3430|WX3429|test_se|CK|WX3431
SDFFX1,DFF_517_Q_reg,WX3432|WX3431|test_se|CK|WX3433
SDFFX1,DFF_518_Q_reg,WX3434|WX3433|test_se|CK|WX3435
SDFFX1,DFF_519_Q_reg,WX3436|WX3435|test_se|CK|WX3437
SDFFX1,DFF_520_Q_reg,WX3438|WX3437|test_se|CK|test_so29
SDFFX1,DFF_521_Q_reg,WX3440|test_si30|test_se|CK|WX3441
SDFFX1,DFF_522_Q_reg,WX3442|WX3441|test_se|CK|WX3443
SDFFX1,DFF_523_Q_reg,WX3444|WX3443|test_se|CK|WX3445
SDFFX1,DFF_524_Q_reg,WX3446|WX3445|test_se|CK|WX3447
SDFFX1,DFF_525_Q_reg,WX3448|WX3447|test_se|CK|WX3449
SDFFX1,DFF_526_Q_reg,WX3450|WX3449|test_se|CK|WX3451
SDFFX1,DFF_527_Q_reg,WX3452|WX3451|test_se|CK|WX3453
SDFFX1,DFF_528_Q_reg,WX3454|WX3453|test_se|CK|WX3455
SDFFX1,DFF_529_Q_reg,WX3456|WX3455|test_se|CK|WX3457
SDFFX1,DFF_530_Q_reg,WX3458|WX3457|test_se|CK|WX3459
SDFFX1,DFF_531_Q_reg,WX3460|WX3459|test_se|CK|WX3461
SDFFX1,DFF_532_Q_reg,WX3462|WX3461|test_se|CK|WX3463
SDFFX1,DFF_533_Q_reg,WX3464|WX3463|test_se|CK|WX3465
SDFFX1,DFF_534_Q_reg,WX3466|WX3465|test_se|CK|WX3467
SDFFX1,DFF_535_Q_reg,WX3468|WX3467|test_se|CK|WX3469
SDFFX1,DFF_536_Q_reg,WX3470|WX3469|test_se|CK|WX3471
SDFFX1,DFF_537_Q_reg,WX3472|WX3471|test_se|CK|test_so30
SDFFX1,DFF_538_Q_reg,WX3474|test_si31|test_se|CK|WX3475
SDFFX1,DFF_539_Q_reg,WX3476|WX3475|test_se|CK|WX3477
SDFFX1,DFF_540_Q_reg,WX3478|WX3477|test_se|CK|WX3479
SDFFX1,DFF_541_Q_reg,WX3480|WX3479|test_se|CK|WX3481
SDFFX1,DFF_542_Q_reg,WX3482|WX3481|test_se|CK|WX3483
SDFFX1,DFF_543_Q_reg,WX3484|WX3483|test_se|CK|WX3485
SDFFX1,DFF_544_Q_reg,WX3850|WX3485|test_se|CK|CRC_OUT_7_0|DFF_544_n1
SDFFX1,DFF_545_Q_reg,WX3852|CRC_OUT_7_0|test_se|CK|CRC_OUT_7_1|DFF_545_n1
SDFFX1,DFF_546_Q_reg,WX3854|CRC_OUT_7_1|test_se|CK|CRC_OUT_7_2|DFF_546_n1
SDFFX1,DFF_547_Q_reg,WX3856|CRC_OUT_7_2|test_se|CK|CRC_OUT_7_3|DFF_547_n1
SDFFX1,DFF_548_Q_reg,WX3858|CRC_OUT_7_3|test_se|CK|CRC_OUT_7_4|DFF_548_n1
SDFFX1,DFF_549_Q_reg,WX3860|CRC_OUT_7_4|test_se|CK|CRC_OUT_7_5|DFF_549_n1
SDFFX1,DFF_550_Q_reg,WX3862|CRC_OUT_7_5|test_se|CK|CRC_OUT_7_6|DFF_550_n1
SDFFX1,DFF_551_Q_reg,WX3864|CRC_OUT_7_6|test_se|CK|CRC_OUT_7_7|DFF_551_n1
SDFFX1,DFF_552_Q_reg,WX3866|CRC_OUT_7_7|test_se|CK|CRC_OUT_7_8|DFF_552_n1
SDFFX1,DFF_553_Q_reg,WX3868|CRC_OUT_7_8|test_se|CK|CRC_OUT_7_9|DFF_553_n1
SDFFX1,DFF_554_Q_reg,WX3870|CRC_OUT_7_9|test_se|CK|CRC_OUT_7_10|DFF_554_n1
SDFFX1,DFF_555_Q_reg,WX3872|test_si32|test_se|CK|CRC_OUT_7_11|DFF_555_n1
SDFFX1,DFF_556_Q_reg,WX3874|CRC_OUT_7_11|test_se|CK|CRC_OUT_7_12|DFF_556_n1
SDFFX1,DFF_557_Q_reg,WX3876|CRC_OUT_7_12|test_se|CK|CRC_OUT_7_13|DFF_557_n1
SDFFX1,DFF_558_Q_reg,WX3878|CRC_OUT_7_13|test_se|CK|CRC_OUT_7_14|DFF_558_n1
SDFFX1,DFF_559_Q_reg,WX3880|CRC_OUT_7_14|test_se|CK|CRC_OUT_7_15|DFF_559_n1
SDFFX1,DFF_560_Q_reg,WX3882|CRC_OUT_7_15|test_se|CK|CRC_OUT_7_16|DFF_560_n1
SDFFX1,DFF_561_Q_reg,WX3884|CRC_OUT_7_16|test_se|CK|CRC_OUT_7_17|DFF_561_n1
SDFFX1,DFF_562_Q_reg,WX3886|CRC_OUT_7_17|test_se|CK|CRC_OUT_7_18|DFF_562_n1
SDFFX1,DFF_563_Q_reg,WX3888|CRC_OUT_7_18|test_se|CK|CRC_OUT_7_19|DFF_563_n1
SDFFX1,DFF_564_Q_reg,WX3890|CRC_OUT_7_19|test_se|CK|CRC_OUT_7_20|DFF_564_n1
SDFFX1,DFF_565_Q_reg,WX3892|CRC_OUT_7_20|test_se|CK|CRC_OUT_7_21|DFF_565_n1
SDFFX1,DFF_566_Q_reg,WX3894|CRC_OUT_7_21|test_se|CK|CRC_OUT_7_22|DFF_566_n1
SDFFX1,DFF_567_Q_reg,WX3896|CRC_OUT_7_22|test_se|CK|CRC_OUT_7_23|DFF_567_n1
SDFFX1,DFF_568_Q_reg,WX3898|CRC_OUT_7_23|test_se|CK|CRC_OUT_7_24|DFF_568_n1
SDFFX1,DFF_569_Q_reg,WX3900|CRC_OUT_7_24|test_se|CK|CRC_OUT_7_25|DFF_569_n1
SDFFX1,DFF_570_Q_reg,WX3902|CRC_OUT_7_25|test_se|CK|CRC_OUT_7_26|DFF_570_n1
SDFFX1,DFF_571_Q_reg,WX3904|CRC_OUT_7_26|test_se|CK|CRC_OUT_7_27|DFF_571_n1
SDFFX1,DFF_572_Q_reg,WX3906|test_si33|test_se|CK|CRC_OUT_7_28|DFF_572_n1
SDFFX1,DFF_573_Q_reg,WX3908|CRC_OUT_7_28|test_se|CK|CRC_OUT_7_29|DFF_573_n1
SDFFX1,DFF_574_Q_reg,WX3910|CRC_OUT_7_29|test_se|CK|CRC_OUT_7_30|DFF_574_n1
SDFFX1,DFF_575_Q_reg,WX3912|CRC_OUT_7_30|test_se|CK|CRC_OUT_7_31|DFF_575_n1
SDFFX1,DFF_576_Q_reg,WX4363|CRC_OUT_7_31|test_se|CK|WX4364
SDFFX1,DFF_577_Q_reg,WX4365|WX4364|test_se|CK|n8586|n3971
SDFFX1,DFF_578_Q_reg,WX4367|n8586|test_se|CK|n8585|n3970
SDFFX1,DFF_579_Q_reg,WX4369|n8585|test_se|CK|n8584|n3969
SDFFX1,DFF_580_Q_reg,WX4371|n8584|test_se|CK|n8583|n3968
SDFFX1,DFF_581_Q_reg,WX4373|n8583|test_se|CK|n8582|n3967
SDFFX1,DFF_582_Q_reg,WX4375|n8582|test_se|CK|n8581|n3966
SDFFX1,DFF_583_Q_reg,WX4377|n8581|test_se|CK|n8580|n3965
SDFFX1,DFF_584_Q_reg,WX4379|n8580|test_se|CK|n8579|n3964
SDFFX1,DFF_585_Q_reg,WX4381|n8579|test_se|CK|n8578|n3963
SDFFX1,DFF_586_Q_reg,WX4383|n8578|test_se|CK|n8577|n3962
SDFFX1,DFF_587_Q_reg,WX4385|n8577|test_se|CK|n8576|n3961
SDFFX1,DFF_588_Q_reg,WX4387|n8576|test_se|CK|test_so33|n3960
SDFFX1,DFF_589_Q_reg,WX4389|test_si34|test_se|CK|n8573|n3959
SDFFX1,DFF_590_Q_reg,WX4391|n8573|test_se|CK|n8572|n3958
SDFFX1,DFF_591_Q_reg,WX4393|n8572|test_se|CK|n8571|n3957
SDFFX1,DFF_592_Q_reg,WX4395|n8571|test_se|CK|n8570|n3956
SDFFX1,DFF_593_Q_reg,WX4397|n8570|test_se|CK|n8569|n3955
SDFFX1,DFF_594_Q_reg,WX4399|n8569|test_se|CK|n8568|n3954
SDFFX1,DFF_595_Q_reg,WX4401|n8568|test_se|CK|n8567|n3953
SDFFX1,DFF_596_Q_reg,WX4403|n8567|test_se|CK|n8566|n3952
SDFFX1,DFF_597_Q_reg,WX4405|n8566|test_se|CK|n8565|n3951
SDFFX1,DFF_598_Q_reg,WX4407|n8565|test_se|CK|n8564|n3950
SDFFX1,DFF_599_Q_reg,WX4409|n8564|test_se|CK|n8563|n3949
SDFFX1,DFF_600_Q_reg,WX4411|n8563|test_se|CK|n8562|n3948
SDFFX1,DFF_601_Q_reg,WX4413|n8562|test_se|CK|n8561|n3947
SDFFX1,DFF_602_Q_reg,WX4415|n8561|test_se|CK|n8560|n3946
SDFFX1,DFF_603_Q_reg,WX4417|n8560|test_se|CK|n8559|n3945
SDFFX1,DFF_604_Q_reg,WX4419|n8559|test_se|CK|n8558|n3944
SDFFX1,DFF_605_Q_reg,WX4421|n8558|test_se|CK|test_so34|n3943
SDFFX1,DFF_606_Q_reg,WX4423|test_si35|test_se|CK|n8555|n3942
SDFFX1,DFF_607_Q_reg,WX4425|n8555|test_se|CK|n8554|n3941
SDFFX1,DFF_608_Q_reg,WX4523|n8554|test_se|CK|n8553|n3343
SDFFX1,DFF_609_Q_reg,WX4525|n8553|test_se|CK|n8552|n3435
SDFFX1,DFF_610_Q_reg,WX4527|n8552|test_se|CK|n8551|n3434
SDFFX1,DFF_611_Q_reg,WX4529|n8551|test_se|CK|n8550|n3433
SDFFX1,DFF_612_Q_reg,WX4531|n8550|test_se|CK|n8549|n3432
SDFFX1,DFF_613_Q_reg,WX4533|n8549|test_se|CK|n8548|n3431
SDFFX1,DFF_614_Q_reg,WX4535|n8548|test_se|CK|n8547|n3430
SDFFX1,DFF_615_Q_reg,WX4537|n8547|test_se|CK|n8546|n3429
SDFFX1,DFF_616_Q_reg,WX4539|n8546|test_se|CK|n8545|n3428
SDFFX1,DFF_617_Q_reg,WX4541|n8545|test_se|CK|n8544|n3427
SDFFX1,DFF_618_Q_reg,WX4543|n8544|test_se|CK|n8543|n3426
SDFFX1,DFF_619_Q_reg,WX4545|n8543|test_se|CK|n8542|n3425
SDFFX1,DFF_620_Q_reg,WX4547|n8542|test_se|CK|n8541|n3424
SDFFX1,DFF_621_Q_reg,WX4549|n8541|test_se|CK|n8540|n3423
SDFFX1,DFF_622_Q_reg,WX4551|n8540|test_se|CK|test_so35|n3422
SDFFX1,DFF_623_Q_reg,WX4553|test_si36|test_se|CK|n8537|n3421
SDFFX1,DFF_624_Q_reg,WX4555|n8537|test_se|CK|WX4556
SDFFX1,DFF_625_Q_reg,WX4557|WX4556|test_se|CK|WX4558
SDFFX1,DFF_626_Q_reg,WX4559|WX4558|test_se|CK|WX4560
SDFFX1,DFF_627_Q_reg,WX4561|WX4560|test_se|CK|WX4562
SDFFX1,DFF_628_Q_reg,WX4563|WX4562|test_se|CK|WX4564
SDFFX1,DFF_629_Q_reg,WX4565|WX4564|test_se|CK|WX4566
SDFFX1,DFF_630_Q_reg,WX4567|WX4566|test_se|CK|WX4568
SDFFX1,DFF_631_Q_reg,WX4569|WX4568|test_se|CK|WX4570
SDFFX1,DFF_632_Q_reg,WX4571|WX4570|test_se|CK|WX4572
SDFFX1,DFF_633_Q_reg,WX4573|WX4572|test_se|CK|WX4574
SDFFX1,DFF_634_Q_reg,WX4575|WX4574|test_se|CK|WX4576
SDFFX1,DFF_635_Q_reg,WX4577|WX4576|test_se|CK|WX4578
SDFFX1,DFF_636_Q_reg,WX4579|WX4578|test_se|CK|WX4580
SDFFX1,DFF_637_Q_reg,WX4581|WX4580|test_se|CK|WX4582
SDFFX1,DFF_638_Q_reg,WX4583|WX4582|test_se|CK|WX4584
SDFFX1,DFF_639_Q_reg,WX4585|WX4584|test_se|CK|test_so36
SDFFX1,DFF_640_Q_reg,WX4587|test_si37|test_se|CK|WX4588
SDFFX1,DFF_641_Q_reg,WX4589|WX4588|test_se|CK|WX4590
SDFFX1,DFF_642_Q_reg,WX4591|WX4590|test_se|CK|WX4592
SDFFX1,DFF_643_Q_reg,WX4593|WX4592|test_se|CK|WX4594
SDFFX1,DFF_644_Q_reg,WX4595|WX4594|test_se|CK|WX4596
SDFFX1,DFF_645_Q_reg,WX4597|WX4596|test_se|CK|WX4598
SDFFX1,DFF_646_Q_reg,WX4599|WX4598|test_se|CK|WX4600
SDFFX1,DFF_647_Q_reg,WX4601|WX4600|test_se|CK|WX4602
SDFFX1,DFF_648_Q_reg,WX4603|WX4602|test_se|CK|WX4604
SDFFX1,DFF_649_Q_reg,WX4605|WX4604|test_se|CK|WX4606
SDFFX1,DFF_650_Q_reg,WX4607|WX4606|test_se|CK|WX4608
SDFFX1,DFF_651_Q_reg,WX4609|WX4608|test_se|CK|WX4610
SDFFX1,DFF_652_Q_reg,WX4611|WX4610|test_se|CK|WX4612
SDFFX1,DFF_653_Q_reg,WX4613|WX4612|test_se|CK|WX4614
SDFFX1,DFF_654_Q_reg,WX4615|WX4614|test_se|CK|WX4616
SDFFX1,DFF_655_Q_reg,WX4617|WX4616|test_se|CK|WX4618
SDFFX1,DFF_656_Q_reg,WX4619|WX4618|test_se|CK|test_so37|n3721
SDFFX1,DFF_657_Q_reg,WX4621|test_si38|test_se|CK|WX4622|n3719
SDFFX1,DFF_658_Q_reg,WX4623|WX4622|test_se|CK|WX4624|n3717
SDFFX1,DFF_659_Q_reg,WX4625|WX4624|test_se|CK|WX4626|n3715
SDFFX1,DFF_660_Q_reg,WX4627|WX4626|test_se|CK|WX4628|n3713
SDFFX1,DFF_661_Q_reg,WX4629|WX4628|test_se|CK|WX4630|n3711
SDFFX1,DFF_662_Q_reg,WX4631|WX4630|test_se|CK|WX4632|n3709
SDFFX1,DFF_663_Q_reg,WX4633|WX4632|test_se|CK|WX4634|n3707
SDFFX1,DFF_664_Q_reg,WX4635|WX4634|test_se|CK|WX4636|n3705
SDFFX1,DFF_665_Q_reg,WX4637|WX4636|test_se|CK|WX4638|n3703
SDFFX1,DFF_666_Q_reg,WX4639|WX4638|test_se|CK|WX4640|n3701
SDFFX1,DFF_667_Q_reg,WX4641|WX4640|test_se|CK|WX4642|n3699
SDFFX1,DFF_668_Q_reg,WX4643|WX4642|test_se|CK|WX4644|n3697
SDFFX1,DFF_669_Q_reg,WX4645|WX4644|test_se|CK|WX4646|n3695
SDFFX1,DFF_670_Q_reg,WX4647|WX4646|test_se|CK|WX4648|n3693
SDFFX1,DFF_671_Q_reg,WX4649|WX4648|test_se|CK|WX4650|n3691
SDFFX1,DFF_672_Q_reg,WX4651|WX4650|test_se|CK|WX4652
SDFFX1,DFF_673_Q_reg,WX4653|WX4652|test_se|CK|test_so38
SDFFX1,DFF_674_Q_reg,WX4655|test_si39|test_se|CK|WX4656
SDFFX1,DFF_675_Q_reg,WX4657|WX4656|test_se|CK|WX4658
SDFFX1,DFF_676_Q_reg,WX4659|WX4658|test_se|CK|WX4660
SDFFX1,DFF_677_Q_reg,WX4661|WX4660|test_se|CK|WX4662
SDFFX1,DFF_678_Q_reg,WX4663|WX4662|test_se|CK|WX4664
SDFFX1,DFF_679_Q_reg,WX4665|WX4664|test_se|CK|WX4666
SDFFX1,DFF_680_Q_reg,WX4667|WX4666|test_se|CK|WX4668
SDFFX1,DFF_681_Q_reg,WX4669|WX4668|test_se|CK|WX4670
SDFFX1,DFF_682_Q_reg,WX4671|WX4670|test_se|CK|WX4672
SDFFX1,DFF_683_Q_reg,WX4673|WX4672|test_se|CK|WX4674
SDFFX1,DFF_684_Q_reg,WX4675|WX4674|test_se|CK|WX4676
SDFFX1,DFF_685_Q_reg,WX4677|WX4676|test_se|CK|WX4678
SDFFX1,DFF_686_Q_reg,WX4679|WX4678|test_se|CK|WX4680
SDFFX1,DFF_687_Q_reg,WX4681|WX4680|test_se|CK|WX4682
SDFFX1,DFF_688_Q_reg,WX4683|WX4682|test_se|CK|WX4684
SDFFX1,DFF_689_Q_reg,WX4685|WX4684|test_se|CK|WX4686
SDFFX1,DFF_690_Q_reg,WX4687|WX4686|test_se|CK|test_so39
SDFFX1,DFF_691_Q_reg,WX4689|test_si40|test_se|CK|WX4690
SDFFX1,DFF_692_Q_reg,WX4691|WX4690|test_se|CK|WX4692
SDFFX1,DFF_693_Q_reg,WX4693|WX4692|test_se|CK|WX4694
SDFFX1,DFF_694_Q_reg,WX4695|WX4694|test_se|CK|WX4696
SDFFX1,DFF_695_Q_reg,WX4697|WX4696|test_se|CK|WX4698
SDFFX1,DFF_696_Q_reg,WX4699|WX4698|test_se|CK|WX4700
SDFFX1,DFF_697_Q_reg,WX4701|WX4700|test_se|CK|WX4702
SDFFX1,DFF_698_Q_reg,WX4703|WX4702|test_se|CK|WX4704
SDFFX1,DFF_699_Q_reg,WX4705|WX4704|test_se|CK|WX4706
SDFFX1,DFF_700_Q_reg,WX4707|WX4706|test_se|CK|WX4708
SDFFX1,DFF_701_Q_reg,WX4709|WX4708|test_se|CK|WX4710
SDFFX1,DFF_702_Q_reg,WX4711|WX4710|test_se|CK|WX4712
SDFFX1,DFF_703_Q_reg,WX4713|WX4712|test_se|CK|WX4714
SDFFX1,DFF_704_Q_reg,WX4715|WX4714|test_se|CK|WX4716
SDFFX1,DFF_705_Q_reg,WX4717|WX4716|test_se|CK|WX4718
SDFFX1,DFF_706_Q_reg,WX4719|WX4718|test_se|CK|WX4720
SDFFX1,DFF_707_Q_reg,WX4721|WX4720|test_se|CK|test_so40
SDFFX1,DFF_708_Q_reg,WX4723|test_si41|test_se|CK|WX4724
SDFFX1,DFF_709_Q_reg,WX4725|WX4724|test_se|CK|WX4726
SDFFX1,DFF_710_Q_reg,WX4727|WX4726|test_se|CK|WX4728
SDFFX1,DFF_711_Q_reg,WX4729|WX4728|test_se|CK|WX4730
SDFFX1,DFF_712_Q_reg,WX4731|WX4730|test_se|CK|WX4732
SDFFX1,DFF_713_Q_reg,WX4733|WX4732|test_se|CK|WX4734
SDFFX1,DFF_714_Q_reg,WX4735|WX4734|test_se|CK|WX4736
SDFFX1,DFF_715_Q_reg,WX4737|WX4736|test_se|CK|WX4738
SDFFX1,DFF_716_Q_reg,WX4739|WX4738|test_se|CK|WX4740
SDFFX1,DFF_717_Q_reg,WX4741|WX4740|test_se|CK|WX4742
SDFFX1,DFF_718_Q_reg,WX4743|WX4742|test_se|CK|WX4744
SDFFX1,DFF_719_Q_reg,WX4745|WX4744|test_se|CK|WX4746
SDFFX1,DFF_720_Q_reg,WX4747|WX4746|test_se|CK|WX4748
SDFFX1,DFF_721_Q_reg,WX4749|WX4748|test_se|CK|WX4750
SDFFX1,DFF_722_Q_reg,WX4751|WX4750|test_se|CK|WX4752
SDFFX1,DFF_723_Q_reg,WX4753|WX4752|test_se|CK|WX4754
SDFFX1,DFF_724_Q_reg,WX4755|WX4754|test_se|CK|test_so41
SDFFX1,DFF_725_Q_reg,WX4757|test_si42|test_se|CK|WX4758
SDFFX1,DFF_726_Q_reg,WX4759|WX4758|test_se|CK|WX4760
SDFFX1,DFF_727_Q_reg,WX4761|WX4760|test_se|CK|WX4762
SDFFX1,DFF_728_Q_reg,WX4763|WX4762|test_se|CK|WX4764
SDFFX1,DFF_729_Q_reg,WX4765|WX4764|test_se|CK|WX4766
SDFFX1,DFF_730_Q_reg,WX4767|WX4766|test_se|CK|WX4768
SDFFX1,DFF_731_Q_reg,WX4769|WX4768|test_se|CK|WX4770
SDFFX1,DFF_732_Q_reg,WX4771|WX4770|test_se|CK|WX4772
SDFFX1,DFF_733_Q_reg,WX4773|WX4772|test_se|CK|WX4774
SDFFX1,DFF_734_Q_reg,WX4775|WX4774|test_se|CK|WX4776
SDFFX1,DFF_735_Q_reg,WX4777|WX4776|test_se|CK|WX4778
SDFFX1,DFF_736_Q_reg,WX5143|WX4778|test_se|CK|CRC_OUT_6_0|DFF_736_n1
SDFFX1,DFF_737_Q_reg,WX5145|CRC_OUT_6_0|test_se|CK|CRC_OUT_6_1|DFF_737_n1
SDFFX1,DFF_738_Q_reg,WX5147|CRC_OUT_6_1|test_se|CK|CRC_OUT_6_2|DFF_738_n1
SDFFX1,DFF_739_Q_reg,WX5149|CRC_OUT_6_2|test_se|CK|CRC_OUT_6_3|DFF_739_n1
SDFFX1,DFF_740_Q_reg,WX5151|CRC_OUT_6_3|test_se|CK|CRC_OUT_6_4|DFF_740_n1
SDFFX1,DFF_741_Q_reg,WX5153|CRC_OUT_6_4|test_se|CK|CRC_OUT_6_5|DFF_741_n1
SDFFX1,DFF_742_Q_reg,WX5155|test_si43|test_se|CK|CRC_OUT_6_6|DFF_742_n1
SDFFX1,DFF_743_Q_reg,WX5157|CRC_OUT_6_6|test_se|CK|CRC_OUT_6_7|DFF_743_n1
SDFFX1,DFF_744_Q_reg,WX5159|CRC_OUT_6_7|test_se|CK|CRC_OUT_6_8|DFF_744_n1
SDFFX1,DFF_745_Q_reg,WX5161|CRC_OUT_6_8|test_se|CK|CRC_OUT_6_9|DFF_745_n1
SDFFX1,DFF_746_Q_reg,WX5163|CRC_OUT_6_9|test_se|CK|CRC_OUT_6_10|DFF_746_n1
SDFFX1,DFF_747_Q_reg,WX5165|CRC_OUT_6_10|test_se|CK|CRC_OUT_6_11|DFF_747_n1
SDFFX1,DFF_748_Q_reg,WX5167|CRC_OUT_6_11|test_se|CK|CRC_OUT_6_12|DFF_748_n1
SDFFX1,DFF_749_Q_reg,WX5169|CRC_OUT_6_12|test_se|CK|CRC_OUT_6_13|DFF_749_n1
SDFFX1,DFF_750_Q_reg,WX5171|CRC_OUT_6_13|test_se|CK|CRC_OUT_6_14|DFF_750_n1
SDFFX1,DFF_751_Q_reg,WX5173|CRC_OUT_6_14|test_se|CK|CRC_OUT_6_15|DFF_751_n1
SDFFX1,DFF_752_Q_reg,WX5175|CRC_OUT_6_15|test_se|CK|CRC_OUT_6_16|DFF_752_n1
SDFFX1,DFF_753_Q_reg,WX5177|CRC_OUT_6_16|test_se|CK|CRC_OUT_6_17|DFF_753_n1
SDFFX1,DFF_754_Q_reg,WX5179|CRC_OUT_6_17|test_se|CK|CRC_OUT_6_18|DFF_754_n1
SDFFX1,DFF_755_Q_reg,WX5181|CRC_OUT_6_18|test_se|CK|CRC_OUT_6_19|DFF_755_n1
SDFFX1,DFF_756_Q_reg,WX5183|CRC_OUT_6_19|test_se|CK|CRC_OUT_6_20|DFF_756_n1
SDFFX1,DFF_757_Q_reg,WX5185|CRC_OUT_6_20|test_se|CK|CRC_OUT_6_21|DFF_757_n1
SDFFX1,DFF_758_Q_reg,WX5187|CRC_OUT_6_21|test_se|CK|CRC_OUT_6_22|DFF_758_n1
SDFFX1,DFF_759_Q_reg,WX5189|test_si44|test_se|CK|CRC_OUT_6_23|DFF_759_n1
SDFFX1,DFF_760_Q_reg,WX5191|CRC_OUT_6_23|test_se|CK|CRC_OUT_6_24|DFF_760_n1
SDFFX1,DFF_761_Q_reg,WX5193|CRC_OUT_6_24|test_se|CK|CRC_OUT_6_25|DFF_761_n1
SDFFX1,DFF_762_Q_reg,WX5195|CRC_OUT_6_25|test_se|CK|CRC_OUT_6_26|DFF_762_n1
SDFFX1,DFF_763_Q_reg,WX5197|CRC_OUT_6_26|test_se|CK|CRC_OUT_6_27|DFF_763_n1
SDFFX1,DFF_764_Q_reg,WX5199|CRC_OUT_6_27|test_se|CK|CRC_OUT_6_28|DFF_764_n1
SDFFX1,DFF_765_Q_reg,WX5201|CRC_OUT_6_28|test_se|CK|CRC_OUT_6_29|DFF_765_n1
SDFFX1,DFF_766_Q_reg,WX5203|CRC_OUT_6_29|test_se|CK|CRC_OUT_6_30|DFF_766_n1
SDFFX1,DFF_767_Q_reg,WX5205|CRC_OUT_6_30|test_se|CK|CRC_OUT_6_31|DFF_767_n1
SDFFX1,DFF_768_Q_reg,WX5656|CRC_OUT_6_31|test_se|CK|WX5657
SDFFX1,DFF_769_Q_reg,WX5658|WX5657|test_se|CK|n8528|n3940
SDFFX1,DFF_770_Q_reg,WX5660|n8528|test_se|CK|n8527|n3939
SDFFX1,DFF_771_Q_reg,WX5662|n8527|test_se|CK|n8526|n3938
SDFFX1,DFF_772_Q_reg,WX5664|n8526|test_se|CK|n8525|n3937
SDFFX1,DFF_773_Q_reg,WX5666|n8525|test_se|CK|n8524|n3936
SDFFX1,DFF_774_Q_reg,WX5668|n8524|test_se|CK|n8523|n3935
SDFFX1,DFF_775_Q_reg,WX5670|n8523|test_se|CK|test_so44|n3934
SDFFX1,DFF_776_Q_reg,WX5672|test_si45|test_se|CK|n8520|n3933
SDFFX1,DFF_777_Q_reg,WX5674|n8520|test_se|CK|n8519|n3932
SDFFX1,DFF_778_Q_reg,WX5676|n8519|test_se|CK|n8518|n3931
SDFFX1,DFF_779_Q_reg,WX5678|n8518|test_se|CK|n8517|n3930
SDFFX1,DFF_780_Q_reg,WX5680|n8517|test_se|CK|n8516|n3929
SDFFX1,DFF_781_Q_reg,WX5682|n8516|test_se|CK|n8515|n3928
SDFFX1,DFF_782_Q_reg,WX5684|n8515|test_se|CK|n8514|n3927
SDFFX1,DFF_783_Q_reg,WX5686|n8514|test_se|CK|n8513|n3926
SDFFX1,DFF_784_Q_reg,WX5688|n8513|test_se|CK|n8512|n3925
SDFFX1,DFF_785_Q_reg,WX5690|n8512|test_se|CK|n8511|n3924
SDFFX1,DFF_786_Q_reg,WX5692|n8511|test_se|CK|n8510|n3923
SDFFX1,DFF_787_Q_reg,WX5694|n8510|test_se|CK|n8509|n3922
SDFFX1,DFF_788_Q_reg,WX5696|n8509|test_se|CK|n8508|n3921
SDFFX1,DFF_789_Q_reg,WX5698|n8508|test_se|CK|n8507|n3920
SDFFX1,DFF_790_Q_reg,WX5700|n8507|test_se|CK|n8506|n3919
SDFFX1,DFF_791_Q_reg,WX5702|n8506|test_se|CK|n8505|n3918
SDFFX1,DFF_792_Q_reg,WX5704|n8505|test_se|CK|test_so45|n3917
SDFFX1,DFF_793_Q_reg,WX5706|test_si46|test_se|CK|n8502|n3916
SDFFX1,DFF_794_Q_reg,WX5708|n8502|test_se|CK|n8501|n3915
SDFFX1,DFF_795_Q_reg,WX5710|n8501|test_se|CK|n8500|n3914
SDFFX1,DFF_796_Q_reg,WX5712|n8500|test_se|CK|n8499|n3913
SDFFX1,DFF_797_Q_reg,WX5714|n8499|test_se|CK|n8498|n3912
SDFFX1,DFF_798_Q_reg,WX5716|n8498|test_se|CK|n8497|n3911
SDFFX1,DFF_799_Q_reg,WX5718|n8497|test_se|CK|n8496|n3910
SDFFX1,DFF_800_Q_reg,WX5816|n8496|test_se|CK|n8495|n3342
SDFFX1,DFF_801_Q_reg,WX5818|n8495|test_se|CK|n8494|n3420
SDFFX1,DFF_802_Q_reg,WX5820|n8494|test_se|CK|n8493|n3419
SDFFX1,DFF_803_Q_reg,WX5822|n8493|test_se|CK|n8492|n3418
SDFFX1,DFF_804_Q_reg,WX5824|n8492|test_se|CK|n8491|n3417
SDFFX1,DFF_805_Q_reg,WX5826|n8491|test_se|CK|n8490|n3416
SDFFX1,DFF_806_Q_reg,WX5828|n8490|test_se|CK|n8489|n3415
SDFFX1,DFF_807_Q_reg,WX5830|n8489|test_se|CK|n8488|n3414
SDFFX1,DFF_808_Q_reg,WX5832|n8488|test_se|CK|n8487|n3413
SDFFX1,DFF_809_Q_reg,WX5834|n8487|test_se|CK|test_so46|n3412
SDFFX1,DFF_810_Q_reg,WX5836|test_si47|test_se|CK|n8484|n3411
SDFFX1,DFF_811_Q_reg,WX5838|n8484|test_se|CK|n8483|n3410
SDFFX1,DFF_812_Q_reg,WX5840|n8483|test_se|CK|n8482|n3409
SDFFX1,DFF_813_Q_reg,WX5842|n8482|test_se|CK|n8481|n3408
SDFFX1,DFF_814_Q_reg,WX5844|n8481|test_se|CK|n8480|n3407
SDFFX1,DFF_815_Q_reg,WX5846|n8480|test_se|CK|n8479|n3406
SDFFX1,DFF_816_Q_reg,WX5848|n8479|test_se|CK|WX5849
SDFFX1,DFF_817_Q_reg,WX5850|WX5849|test_se|CK|WX5851
SDFFX1,DFF_818_Q_reg,WX5852|WX5851|test_se|CK|WX5853
SDFFX1,DFF_819_Q_reg,WX5854|WX5853|test_se|CK|WX5855
SDFFX1,DFF_820_Q_reg,WX5856|WX5855|test_se|CK|WX5857
SDFFX1,DFF_821_Q_reg,WX5858|WX5857|test_se|CK|WX5859
SDFFX1,DFF_822_Q_reg,WX5860|WX5859|test_se|CK|WX5861
SDFFX1,DFF_823_Q_reg,WX5862|WX5861|test_se|CK|WX5863
SDFFX1,DFF_824_Q_reg,WX5864|WX5863|test_se|CK|WX5865
SDFFX1,DFF_825_Q_reg,WX5866|WX5865|test_se|CK|WX5867
SDFFX1,DFF_826_Q_reg,WX5868|WX5867|test_se|CK|test_so47
SDFFX1,DFF_827_Q_reg,WX5870|test_si48|test_se|CK|WX5871
SDFFX1,DFF_828_Q_reg,WX5872|WX5871|test_se|CK|WX5873
SDFFX1,DFF_829_Q_reg,WX5874|WX5873|test_se|CK|WX5875
SDFFX1,DFF_830_Q_reg,WX5876|WX5875|test_se|CK|WX5877
SDFFX1,DFF_831_Q_reg,WX5878|WX5877|test_se|CK|WX5879
SDFFX1,DFF_832_Q_reg,WX5880|WX5879|test_se|CK|WX5881
SDFFX1,DFF_833_Q_reg,WX5882|WX5881|test_se|CK|WX5883
SDFFX1,DFF_834_Q_reg,WX5884|WX5883|test_se|CK|WX5885
SDFFX1,DFF_835_Q_reg,WX5886|WX5885|test_se|CK|WX5887
SDFFX1,DFF_836_Q_reg,WX5888|WX5887|test_se|CK|WX5889
SDFFX1,DFF_837_Q_reg,WX5890|WX5889|test_se|CK|WX5891
SDFFX1,DFF_838_Q_reg,WX5892|WX5891|test_se|CK|WX5893
SDFFX1,DFF_839_Q_reg,WX5894|WX5893|test_se|CK|WX5895
SDFFX1,DFF_840_Q_reg,WX5896|WX5895|test_se|CK|WX5897
SDFFX1,DFF_841_Q_reg,WX5898|WX5897|test_se|CK|WX5899
SDFFX1,DFF_842_Q_reg,WX5900|WX5899|test_se|CK|WX5901
SDFFX1,DFF_843_Q_reg,WX5902|WX5901|test_se|CK|test_so48
SDFFX1,DFF_844_Q_reg,WX5904|test_si49|test_se|CK|WX5905
SDFFX1,DFF_845_Q_reg,WX5906|WX5905|test_se|CK|WX5907
SDFFX1,DFF_846_Q_reg,WX5908|WX5907|test_se|CK|WX5909
SDFFX1,DFF_847_Q_reg,WX5910|WX5909|test_se|CK|WX5911
SDFFX1,DFF_848_Q_reg,WX5912|WX5911|test_se|CK|WX5913|n3689
SDFFX1,DFF_849_Q_reg,WX5914|WX5913|test_se|CK|WX5915|n3687
SDFFX1,DFF_850_Q_reg,WX5916|WX5915|test_se|CK|WX5917|n3685
SDFFX1,DFF_851_Q_reg,WX5918|WX5917|test_se|CK|WX5919|n3683
SDFFX1,DFF_852_Q_reg,WX5920|WX5919|test_se|CK|WX5921|n3681
SDFFX1,DFF_853_Q_reg,WX5922|WX5921|test_se|CK|WX5923|n3679
SDFFX1,DFF_854_Q_reg,WX5924|WX5923|test_se|CK|WX5925|n3677
SDFFX1,DFF_855_Q_reg,WX5926|WX5925|test_se|CK|WX5927|n3675
SDFFX1,DFF_856_Q_reg,WX5928|WX5927|test_se|CK|WX5929|n3673
SDFFX1,DFF_857_Q_reg,WX5930|WX5929|test_se|CK|WX5931|n3671
SDFFX1,DFF_858_Q_reg,WX5932|WX5931|test_se|CK|WX5933|n3669
SDFFX1,DFF_859_Q_reg,WX5934|WX5933|test_se|CK|WX5935|n3667
SDFFX1,DFF_860_Q_reg,WX5936|WX5935|test_se|CK|test_so49|n3665
SDFFX1,DFF_861_Q_reg,WX5938|test_si50|test_se|CK|WX5939|n3663
SDFFX1,DFF_862_Q_reg,WX5940|WX5939|test_se|CK|WX5941|n3661
SDFFX1,DFF_863_Q_reg,WX5942|WX5941|test_se|CK|WX5943|n3659
SDFFX1,DFF_864_Q_reg,WX5944|WX5943|test_se|CK|WX5945
SDFFX1,DFF_865_Q_reg,WX5946|WX5945|test_se|CK|WX5947
SDFFX1,DFF_866_Q_reg,WX5948|WX5947|test_se|CK|WX5949
SDFFX1,DFF_867_Q_reg,WX5950|WX5949|test_se|CK|WX5951
SDFFX1,DFF_868_Q_reg,WX5952|WX5951|test_se|CK|WX5953
SDFFX1,DFF_869_Q_reg,WX5954|WX5953|test_se|CK|WX5955
SDFFX1,DFF_870_Q_reg,WX5956|WX5955|test_se|CK|WX5957
SDFFX1,DFF_871_Q_reg,WX5958|WX5957|test_se|CK|WX5959
SDFFX1,DFF_872_Q_reg,WX5960|WX5959|test_se|CK|WX5961
SDFFX1,DFF_873_Q_reg,WX5962|WX5961|test_se|CK|WX5963
SDFFX1,DFF_874_Q_reg,WX5964|WX5963|test_se|CK|WX5965
SDFFX1,DFF_875_Q_reg,WX5966|WX5965|test_se|CK|WX5967
SDFFX1,DFF_876_Q_reg,WX5968|WX5967|test_se|CK|WX5969
SDFFX1,DFF_877_Q_reg,WX5970|WX5969|test_se|CK|test_so50
SDFFX1,DFF_878_Q_reg,WX5972|test_si51|test_se|CK|WX5973
SDFFX1,DFF_879_Q_reg,WX5974|WX5973|test_se|CK|WX5975
SDFFX1,DFF_880_Q_reg,WX5976|WX5975|test_se|CK|WX5977
SDFFX1,DFF_881_Q_reg,WX5978|WX5977|test_se|CK|WX5979
SDFFX1,DFF_882_Q_reg,WX5980|WX5979|test_se|CK|WX5981
SDFFX1,DFF_883_Q_reg,WX5982|WX5981|test_se|CK|WX5983
SDFFX1,DFF_884_Q_reg,WX5984|WX5983|test_se|CK|WX5985
SDFFX1,DFF_885_Q_reg,WX5986|WX5985|test_se|CK|WX5987
SDFFX1,DFF_886_Q_reg,WX5988|WX5987|test_se|CK|WX5989
SDFFX1,DFF_887_Q_reg,WX5990|WX5989|test_se|CK|WX5991
SDFFX1,DFF_888_Q_reg,WX5992|WX5991|test_se|CK|WX5993
SDFFX1,DFF_889_Q_reg,WX5994|WX5993|test_se|CK|WX5995
SDFFX1,DFF_890_Q_reg,WX5996|WX5995|test_se|CK|WX5997
SDFFX1,DFF_891_Q_reg,WX5998|WX5997|test_se|CK|WX5999
SDFFX1,DFF_892_Q_reg,WX6000|WX5999|test_se|CK|WX6001
SDFFX1,DFF_893_Q_reg,WX6002|WX6001|test_se|CK|WX6003
SDFFX1,DFF_894_Q_reg,WX6004|WX6003|test_se|CK|test_so51
SDFFX1,DFF_895_Q_reg,WX6006|test_si52|test_se|CK|WX6007
SDFFX1,DFF_896_Q_reg,WX6008|WX6007|test_se|CK|WX6009
SDFFX1,DFF_897_Q_reg,WX6010|WX6009|test_se|CK|WX6011
SDFFX1,DFF_898_Q_reg,WX6012|WX6011|test_se|CK|WX6013
SDFFX1,DFF_899_Q_reg,WX6014|WX6013|test_se|CK|WX6015
SDFFX1,DFF_900_Q_reg,WX6016|WX6015|test_se|CK|WX6017
SDFFX1,DFF_901_Q_reg,WX6018|WX6017|test_se|CK|WX6019
SDFFX1,DFF_902_Q_reg,WX6020|WX6019|test_se|CK|WX6021
SDFFX1,DFF_903_Q_reg,WX6022|WX6021|test_se|CK|WX6023
SDFFX1,DFF_904_Q_reg,WX6024|WX6023|test_se|CK|WX6025
SDFFX1,DFF_905_Q_reg,WX6026|WX6025|test_se|CK|WX6027
SDFFX1,DFF_906_Q_reg,WX6028|WX6027|test_se|CK|WX6029
SDFFX1,DFF_907_Q_reg,WX6030|WX6029|test_se|CK|WX6031
SDFFX1,DFF_908_Q_reg,WX6032|WX6031|test_se|CK|WX6033
SDFFX1,DFF_909_Q_reg,WX6034|WX6033|test_se|CK|WX6035
SDFFX1,DFF_910_Q_reg,WX6036|WX6035|test_se|CK|WX6037
SDFFX1,DFF_911_Q_reg,WX6038|WX6037|test_se|CK|test_so52
SDFFX1,DFF_912_Q_reg,WX6040|test_si53|test_se|CK|WX6041
SDFFX1,DFF_913_Q_reg,WX6042|WX6041|test_se|CK|WX6043
SDFFX1,DFF_914_Q_reg,WX6044|WX6043|test_se|CK|WX6045
SDFFX1,DFF_915_Q_reg,WX6046|WX6045|test_se|CK|WX6047
SDFFX1,DFF_916_Q_reg,WX6048|WX6047|test_se|CK|WX6049
SDFFX1,DFF_917_Q_reg,WX6050|WX6049|test_se|CK|WX6051
SDFFX1,DFF_918_Q_reg,WX6052|WX6051|test_se|CK|WX6053
SDFFX1,DFF_919_Q_reg,WX6054|WX6053|test_se|CK|WX6055
SDFFX1,DFF_920_Q_reg,WX6056|WX6055|test_se|CK|WX6057
SDFFX1,DFF_921_Q_reg,WX6058|WX6057|test_se|CK|WX6059
SDFFX1,DFF_922_Q_reg,WX6060|WX6059|test_se|CK|WX6061
SDFFX1,DFF_923_Q_reg,WX6062|WX6061|test_se|CK|WX6063
SDFFX1,DFF_924_Q_reg,WX6064|WX6063|test_se|CK|WX6065
SDFFX1,DFF_925_Q_reg,WX6066|WX6065|test_se|CK|WX6067
SDFFX1,DFF_926_Q_reg,WX6068|WX6067|test_se|CK|WX6069
SDFFX1,DFF_927_Q_reg,WX6070|WX6069|test_se|CK|WX6071
SDFFX1,DFF_928_Q_reg,WX6436|WX6071|test_se|CK|CRC_OUT_5_0|DFF_928_n1
SDFFX1,DFF_929_Q_reg,WX6438|test_si54|test_se|CK|CRC_OUT_5_1|DFF_929_n1
SDFFX1,DFF_930_Q_reg,WX6440|CRC_OUT_5_1|test_se|CK|CRC_OUT_5_2|DFF_930_n1
SDFFX1,DFF_931_Q_reg,WX6442|CRC_OUT_5_2|test_se|CK|CRC_OUT_5_3|DFF_931_n1
SDFFX1,DFF_932_Q_reg,WX6444|CRC_OUT_5_3|test_se|CK|CRC_OUT_5_4|DFF_932_n1
SDFFX1,DFF_933_Q_reg,WX6446|CRC_OUT_5_4|test_se|CK|CRC_OUT_5_5|DFF_933_n1
SDFFX1,DFF_934_Q_reg,WX6448|CRC_OUT_5_5|test_se|CK|CRC_OUT_5_6|DFF_934_n1
SDFFX1,DFF_935_Q_reg,WX6450|CRC_OUT_5_6|test_se|CK|CRC_OUT_5_7|DFF_935_n1
SDFFX1,DFF_936_Q_reg,WX6452|CRC_OUT_5_7|test_se|CK|CRC_OUT_5_8|DFF_936_n1
SDFFX1,DFF_937_Q_reg,WX6454|CRC_OUT_5_8|test_se|CK|CRC_OUT_5_9|DFF_937_n1
SDFFX1,DFF_938_Q_reg,WX6456|CRC_OUT_5_9|test_se|CK|CRC_OUT_5_10|DFF_938_n1
SDFFX1,DFF_939_Q_reg,WX6458|CRC_OUT_5_10|test_se|CK|CRC_OUT_5_11|DFF_939_n1
SDFFX1,DFF_940_Q_reg,WX6460|CRC_OUT_5_11|test_se|CK|CRC_OUT_5_12|DFF_940_n1
SDFFX1,DFF_941_Q_reg,WX6462|CRC_OUT_5_12|test_se|CK|CRC_OUT_5_13|DFF_941_n1
SDFFX1,DFF_942_Q_reg,WX6464|CRC_OUT_5_13|test_se|CK|CRC_OUT_5_14|DFF_942_n1
SDFFX1,DFF_943_Q_reg,WX6466|CRC_OUT_5_14|test_se|CK|CRC_OUT_5_15|DFF_943_n1
SDFFX1,DFF_944_Q_reg,WX6468|CRC_OUT_5_15|test_se|CK|CRC_OUT_5_16|DFF_944_n1
SDFFX1,DFF_945_Q_reg,WX6470|CRC_OUT_5_16|test_se|CK|CRC_OUT_5_17|DFF_945_n1
SDFFX1,DFF_946_Q_reg,WX6472|test_si55|test_se|CK|CRC_OUT_5_18|DFF_946_n1
SDFFX1,DFF_947_Q_reg,WX6474|CRC_OUT_5_18|test_se|CK|CRC_OUT_5_19|DFF_947_n1
SDFFX1,DFF_948_Q_reg,WX6476|CRC_OUT_5_19|test_se|CK|CRC_OUT_5_20|DFF_948_n1
SDFFX1,DFF_949_Q_reg,WX6478|CRC_OUT_5_20|test_se|CK|CRC_OUT_5_21|DFF_949_n1
SDFFX1,DFF_950_Q_reg,WX6480|CRC_OUT_5_21|test_se|CK|CRC_OUT_5_22|DFF_950_n1
SDFFX1,DFF_951_Q_reg,WX6482|CRC_OUT_5_22|test_se|CK|CRC_OUT_5_23|DFF_951_n1
SDFFX1,DFF_952_Q_reg,WX6484|CRC_OUT_5_23|test_se|CK|CRC_OUT_5_24|DFF_952_n1
SDFFX1,DFF_953_Q_reg,WX6486|CRC_OUT_5_24|test_se|CK|CRC_OUT_5_25|DFF_953_n1
SDFFX1,DFF_954_Q_reg,WX6488|CRC_OUT_5_25|test_se|CK|CRC_OUT_5_26|DFF_954_n1
SDFFX1,DFF_955_Q_reg,WX6490|CRC_OUT_5_26|test_se|CK|CRC_OUT_5_27|DFF_955_n1
SDFFX1,DFF_956_Q_reg,WX6492|CRC_OUT_5_27|test_se|CK|CRC_OUT_5_28|DFF_956_n1
SDFFX1,DFF_957_Q_reg,WX6494|CRC_OUT_5_28|test_se|CK|CRC_OUT_5_29|DFF_957_n1
SDFFX1,DFF_958_Q_reg,WX6496|CRC_OUT_5_29|test_se|CK|CRC_OUT_5_30|DFF_958_n1
SDFFX1,DFF_959_Q_reg,WX6498|CRC_OUT_5_30|test_se|CK|CRC_OUT_5_31|DFF_959_n1
SDFFX1,DFF_960_Q_reg,WX6949|CRC_OUT_5_31|test_se|CK|WX6950
SDFFX1,DFF_961_Q_reg,WX6951|WX6950|test_se|CK|n8470|n3909
SDFFX1,DFF_962_Q_reg,WX6953|n8470|test_se|CK|test_so55|n3908
SDFFX1,DFF_963_Q_reg,WX6955|test_si56|test_se|CK|n8467|n3907
SDFFX1,DFF_964_Q_reg,WX6957|n8467|test_se|CK|n8466|n3906
SDFFX1,DFF_965_Q_reg,WX6959|n8466|test_se|CK|n8465|n3905
SDFFX1,DFF_966_Q_reg,WX6961|n8465|test_se|CK|n8464|n3904
SDFFX1,DFF_967_Q_reg,WX6963|n8464|test_se|CK|n8463|n3903
SDFFX1,DFF_968_Q_reg,WX6965|n8463|test_se|CK|n8462|n3902
SDFFX1,DFF_969_Q_reg,WX6967|n8462|test_se|CK|n8461|n3901
SDFFX1,DFF_970_Q_reg,WX6969|n8461|test_se|CK|n8460|n3900
SDFFX1,DFF_971_Q_reg,WX6971|n8460|test_se|CK|n8459|n3899
SDFFX1,DFF_972_Q_reg,WX6973|n8459|test_se|CK|n8458|n3898
SDFFX1,DFF_973_Q_reg,WX6975|n8458|test_se|CK|n8457|n3897
SDFFX1,DFF_974_Q_reg,WX6977|n8457|test_se|CK|n8456|n3896
SDFFX1,DFF_975_Q_reg,WX6979|n8456|test_se|CK|n8455|n3895
SDFFX1,DFF_976_Q_reg,WX6981|n8455|test_se|CK|n8454|n3894
SDFFX1,DFF_977_Q_reg,WX6983|n8454|test_se|CK|n8453|n3893
SDFFX1,DFF_978_Q_reg,WX6985|n8453|test_se|CK|n8452|n3892
SDFFX1,DFF_979_Q_reg,WX6987|n8452|test_se|CK|test_so56|n3891
SDFFX1,DFF_980_Q_reg,WX6989|test_si57|test_se|CK|n8449|n3890
SDFFX1,DFF_981_Q_reg,WX6991|n8449|test_se|CK|n8448|n3889
SDFFX1,DFF_982_Q_reg,WX6993|n8448|test_se|CK|n8447|n3888
SDFFX1,DFF_983_Q_reg,WX6995|n8447|test_se|CK|n8446|n3887
SDFFX1,DFF_984_Q_reg,WX6997|n8446|test_se|CK|n8445|n3886
SDFFX1,DFF_985_Q_reg,WX6999|n8445|test_se|CK|n8444|n3885
SDFFX1,DFF_986_Q_reg,WX7001|n8444|test_se|CK|n8443|n3884
SDFFX1,DFF_987_Q_reg,WX7003|n8443|test_se|CK|n8442|n3883
SDFFX1,DFF_988_Q_reg,WX7005|n8442|test_se|CK|n8441|n3882
SDFFX1,DFF_989_Q_reg,WX7007|n8441|test_se|CK|n8440|n3881
SDFFX1,DFF_990_Q_reg,WX7009|n8440|test_se|CK|n8439|n3880
SDFFX1,DFF_991_Q_reg,WX7011|n8439|test_se|CK|n8438|n3879
SDFFX1,DFF_992_Q_reg,WX7109|n8438|test_se|CK|n8437|n3341
SDFFX1,DFF_993_Q_reg,WX7111|n8437|test_se|CK|n8436|n3405
SDFFX1,DFF_994_Q_reg,WX7113|n8436|test_se|CK|n8435|n3404
SDFFX1,DFF_995_Q_reg,WX7115|n8435|test_se|CK|n8434|n3403
SDFFX1,DFF_996_Q_reg,WX7117|n8434|test_se|CK|test_so57|n3402
SDFFX1,DFF_997_Q_reg,WX7119|test_si58|test_se|CK|n8431|n3401
SDFFX1,DFF_998_Q_reg,WX7121|n8431|test_se|CK|n8430|n3400
SDFFX1,DFF_999_Q_reg,WX7123|n8430|test_se|CK|n8429|n3399
SDFFX1,DFF_1000_Q_reg,WX7125|n8429|test_se|CK|n8428|n3398
SDFFX1,DFF_1001_Q_reg,WX7127|n8428|test_se|CK|n8427|n3397
SDFFX1,DFF_1002_Q_reg,WX7129|n8427|test_se|CK|n8426|n3396
SDFFX1,DFF_1003_Q_reg,WX7131|n8426|test_se|CK|n8425|n3395
SDFFX1,DFF_1004_Q_reg,WX7133|n8425|test_se|CK|n8424|n3394
SDFFX1,DFF_1005_Q_reg,WX7135|n8424|test_se|CK|n8423|n3393
SDFFX1,DFF_1006_Q_reg,WX7137|n8423|test_se|CK|n8422|n3392
SDFFX1,DFF_1007_Q_reg,WX7139|n8422|test_se|CK|n8421|n3391
SDFFX1,DFF_1008_Q_reg,WX7141|n8421|test_se|CK|WX7142
SDFFX1,DFF_1009_Q_reg,WX7143|WX7142|test_se|CK|WX7144
SDFFX1,DFF_1010_Q_reg,WX7145|WX7144|test_se|CK|WX7146
SDFFX1,DFF_1011_Q_reg,WX7147|WX7146|test_se|CK|WX7148
SDFFX1,DFF_1012_Q_reg,WX7149|WX7148|test_se|CK|WX7150
SDFFX1,DFF_1013_Q_reg,WX7151|WX7150|test_se|CK|test_so58
SDFFX1,DFF_1014_Q_reg,WX7153|test_si59|test_se|CK|WX7154
SDFFX1,DFF_1015_Q_reg,WX7155|WX7154|test_se|CK|WX7156
SDFFX1,DFF_1016_Q_reg,WX7157|WX7156|test_se|CK|WX7158
SDFFX1,DFF_1017_Q_reg,WX7159|WX7158|test_se|CK|WX7160
SDFFX1,DFF_1018_Q_reg,WX7161|WX7160|test_se|CK|WX7162
SDFFX1,DFF_1019_Q_reg,WX7163|WX7162|test_se|CK|WX7164
SDFFX1,DFF_1020_Q_reg,WX7165|WX7164|test_se|CK|WX7166
SDFFX1,DFF_1021_Q_reg,WX7167|WX7166|test_se|CK|WX7168
SDFFX1,DFF_1022_Q_reg,WX7169|WX7168|test_se|CK|WX7170
SDFFX1,DFF_1023_Q_reg,WX7171|WX7170|test_se|CK|WX7172
SDFFX1,DFF_1024_Q_reg,WX7173|WX7172|test_se|CK|WX7174
SDFFX1,DFF_1025_Q_reg,WX7175|WX7174|test_se|CK|WX7176
SDFFX1,DFF_1026_Q_reg,WX7177|WX7176|test_se|CK|WX7178
SDFFX1,DFF_1027_Q_reg,WX7179|WX7178|test_se|CK|WX7180
SDFFX1,DFF_1028_Q_reg,WX7181|WX7180|test_se|CK|WX7182
SDFFX1,DFF_1029_Q_reg,WX7183|WX7182|test_se|CK|WX7184
SDFFX1,DFF_1030_Q_reg,WX7185|WX7184|test_se|CK|test_so59
SDFFX1,DFF_1031_Q_reg,WX7187|test_si60|test_se|CK|WX7188
SDFFX1,DFF_1032_Q_reg,WX7189|WX7188|test_se|CK|WX7190
SDFFX1,DFF_1033_Q_reg,WX7191|WX7190|test_se|CK|WX7192
SDFFX1,DFF_1034_Q_reg,WX7193|WX7192|test_se|CK|WX7194
SDFFX1,DFF_1035_Q_reg,WX7195|WX7194|test_se|CK|WX7196
SDFFX1,DFF_1036_Q_reg,WX7197|WX7196|test_se|CK|WX7198
SDFFX1,DFF_1037_Q_reg,WX7199|WX7198|test_se|CK|WX7200
SDFFX1,DFF_1038_Q_reg,WX7201|WX7200|test_se|CK|WX7202
SDFFX1,DFF_1039_Q_reg,WX7203|WX7202|test_se|CK|WX7204
SDFFX1,DFF_1040_Q_reg,WX7205|WX7204|test_se|CK|WX7206|n3657
SDFFX1,DFF_1041_Q_reg,WX7207|WX7206|test_se|CK|WX7208|n3655
SDFFX1,DFF_1042_Q_reg,WX7209|WX7208|test_se|CK|WX7210|n3653
SDFFX1,DFF_1043_Q_reg,WX7211|WX7210|test_se|CK|WX7212|n3651
SDFFX1,DFF_1044_Q_reg,WX7213|WX7212|test_se|CK|WX7214|n3649
SDFFX1,DFF_1045_Q_reg,WX7215|WX7214|test_se|CK|WX7216|n3647
SDFFX1,DFF_1046_Q_reg,WX7217|WX7216|test_se|CK|WX7218|n3645
SDFFX1,DFF_1047_Q_reg,WX7219|WX7218|test_se|CK|test_so60|n3643
SDFFX1,DFF_1048_Q_reg,WX7221|test_si61|test_se|CK|WX7222|n3641
SDFFX1,DFF_1049_Q_reg,WX7223|WX7222|test_se|CK|WX7224|n3639
SDFFX1,DFF_1050_Q_reg,WX7225|WX7224|test_se|CK|WX7226|n3637
SDFFX1,DFF_1051_Q_reg,WX7227|WX7226|test_se|CK|WX7228|n3635
SDFFX1,DFF_1052_Q_reg,WX7229|WX7228|test_se|CK|WX7230|n3633
SDFFX1,DFF_1053_Q_reg,WX7231|WX7230|test_se|CK|WX7232|n3631
SDFFX1,DFF_1054_Q_reg,WX7233|WX7232|test_se|CK|WX7234|n3629
SDFFX1,DFF_1055_Q_reg,WX7235|WX7234|test_se|CK|WX7236|n3627
SDFFX1,DFF_1056_Q_reg,WX7237|WX7236|test_se|CK|WX7238
SDFFX1,DFF_1057_Q_reg,WX7239|WX7238|test_se|CK|WX7240
SDFFX1,DFF_1058_Q_reg,WX7241|WX7240|test_se|CK|WX7242
SDFFX1,DFF_1059_Q_reg,WX7243|WX7242|test_se|CK|WX7244
SDFFX1,DFF_1060_Q_reg,WX7245|WX7244|test_se|CK|WX7246
SDFFX1,DFF_1061_Q_reg,WX7247|WX7246|test_se|CK|WX7248
SDFFX1,DFF_1062_Q_reg,WX7249|WX7248|test_se|CK|WX7250
SDFFX1,DFF_1063_Q_reg,WX7251|WX7250|test_se|CK|WX7252
SDFFX1,DFF_1064_Q_reg,WX7253|WX7252|test_se|CK|test_so61
SDFFX1,DFF_1065_Q_reg,WX7255|test_si62|test_se|CK|WX7256
SDFFX1,DFF_1066_Q_reg,WX7257|WX7256|test_se|CK|WX7258
SDFFX1,DFF_1067_Q_reg,WX7259|WX7258|test_se|CK|WX7260
SDFFX1,DFF_1068_Q_reg,WX7261|WX7260|test_se|CK|WX7262
SDFFX1,DFF_1069_Q_reg,WX7263|WX7262|test_se|CK|WX7264
SDFFX1,DFF_1070_Q_reg,WX7265|WX7264|test_se|CK|WX7266
SDFFX1,DFF_1071_Q_reg,WX7267|WX7266|test_se|CK|WX7268
SDFFX1,DFF_1072_Q_reg,WX7269|WX7268|test_se|CK|WX7270
SDFFX1,DFF_1073_Q_reg,WX7271|WX7270|test_se|CK|WX7272
SDFFX1,DFF_1074_Q_reg,WX7273|WX7272|test_se|CK|WX7274
SDFFX1,DFF_1075_Q_reg,WX7275|WX7274|test_se|CK|WX7276
SDFFX1,DFF_1076_Q_reg,WX7277|WX7276|test_se|CK|WX7278
SDFFX1,DFF_1077_Q_reg,WX7279|WX7278|test_se|CK|WX7280
SDFFX1,DFF_1078_Q_reg,WX7281|WX7280|test_se|CK|WX7282
SDFFX1,DFF_1079_Q_reg,WX7283|WX7282|test_se|CK|WX7284
SDFFX1,DFF_1080_Q_reg,WX7285|WX7284|test_se|CK|WX7286
SDFFX1,DFF_1081_Q_reg,WX7287|WX7286|test_se|CK|test_so62
SDFFX1,DFF_1082_Q_reg,WX7289|test_si63|test_se|CK|WX7290
SDFFX1,DFF_1083_Q_reg,WX7291|WX7290|test_se|CK|WX7292
SDFFX1,DFF_1084_Q_reg,WX7293|WX7292|test_se|CK|WX7294
SDFFX1,DFF_1085_Q_reg,WX7295|WX7294|test_se|CK|WX7296
SDFFX1,DFF_1086_Q_reg,WX7297|WX7296|test_se|CK|WX7298
SDFFX1,DFF_1087_Q_reg,WX7299|WX7298|test_se|CK|WX7300
SDFFX1,DFF_1088_Q_reg,WX7301|WX7300|test_se|CK|WX7302
SDFFX1,DFF_1089_Q_reg,WX7303|WX7302|test_se|CK|WX7304
SDFFX1,DFF_1090_Q_reg,WX7305|WX7304|test_se|CK|WX7306
SDFFX1,DFF_1091_Q_reg,WX7307|WX7306|test_se|CK|WX7308
SDFFX1,DFF_1092_Q_reg,WX7309|WX7308|test_se|CK|WX7310
SDFFX1,DFF_1093_Q_reg,WX7311|WX7310|test_se|CK|WX7312
SDFFX1,DFF_1094_Q_reg,WX7313|WX7312|test_se|CK|WX7314
SDFFX1,DFF_1095_Q_reg,WX7315|WX7314|test_se|CK|WX7316
SDFFX1,DFF_1096_Q_reg,WX7317|WX7316|test_se|CK|WX7318
SDFFX1,DFF_1097_Q_reg,WX7319|WX7318|test_se|CK|WX7320
SDFFX1,DFF_1098_Q_reg,WX7321|WX7320|test_se|CK|test_so63
SDFFX1,DFF_1099_Q_reg,WX7323|test_si64|test_se|CK|WX7324
SDFFX1,DFF_1100_Q_reg,WX7325|WX7324|test_se|CK|WX7326
SDFFX1,DFF_1101_Q_reg,WX7327|WX7326|test_se|CK|WX7328
SDFFX1,DFF_1102_Q_reg,WX7329|WX7328|test_se|CK|WX7330
SDFFX1,DFF_1103_Q_reg,WX7331|WX7330|test_se|CK|WX7332
SDFFX1,DFF_1104_Q_reg,WX7333|WX7332|test_se|CK|WX7334
SDFFX1,DFF_1105_Q_reg,WX7335|WX7334|test_se|CK|WX7336
SDFFX1,DFF_1106_Q_reg,WX7337|WX7336|test_se|CK|WX7338
SDFFX1,DFF_1107_Q_reg,WX7339|WX7338|test_se|CK|WX7340
SDFFX1,DFF_1108_Q_reg,WX7341|WX7340|test_se|CK|WX7342
SDFFX1,DFF_1109_Q_reg,WX7343|WX7342|test_se|CK|WX7344
SDFFX1,DFF_1110_Q_reg,WX7345|WX7344|test_se|CK|WX7346
SDFFX1,DFF_1111_Q_reg,WX7347|WX7346|test_se|CK|WX7348
SDFFX1,DFF_1112_Q_reg,WX7349|WX7348|test_se|CK|WX7350
SDFFX1,DFF_1113_Q_reg,WX7351|WX7350|test_se|CK|WX7352
SDFFX1,DFF_1114_Q_reg,WX7353|WX7352|test_se|CK|WX7354
SDFFX1,DFF_1115_Q_reg,WX7355|WX7354|test_se|CK|test_so64
SDFFX1,DFF_1116_Q_reg,WX7357|test_si65|test_se|CK|WX7358
SDFFX1,DFF_1117_Q_reg,WX7359|WX7358|test_se|CK|WX7360
SDFFX1,DFF_1118_Q_reg,WX7361|WX7360|test_se|CK|WX7362
SDFFX1,DFF_1119_Q_reg,WX7363|WX7362|test_se|CK|WX7364
SDFFX1,DFF_1120_Q_reg,WX7729|WX7364|test_se|CK|CRC_OUT_4_0|DFF_1120_n1
SDFFX1,DFF_1121_Q_reg,WX7731|CRC_OUT_4_0|test_se|CK|CRC_OUT_4_1|DFF_1121_n1
SDFFX1,DFF_1122_Q_reg,WX7733|CRC_OUT_4_1|test_se|CK|CRC_OUT_4_2|DFF_1122_n1
SDFFX1,DFF_1123_Q_reg,WX7735|CRC_OUT_4_2|test_se|CK|CRC_OUT_4_3|DFF_1123_n1
SDFFX1,DFF_1124_Q_reg,WX7737|CRC_OUT_4_3|test_se|CK|CRC_OUT_4_4|DFF_1124_n1
SDFFX1,DFF_1125_Q_reg,WX7739|CRC_OUT_4_4|test_se|CK|CRC_OUT_4_5|DFF_1125_n1
SDFFX1,DFF_1126_Q_reg,WX7741|CRC_OUT_4_5|test_se|CK|CRC_OUT_4_6|DFF_1126_n1
SDFFX1,DFF_1127_Q_reg,WX7743|CRC_OUT_4_6|test_se|CK|CRC_OUT_4_7|DFF_1127_n1
SDFFX1,DFF_1128_Q_reg,WX7745|CRC_OUT_4_7|test_se|CK|CRC_OUT_4_8|DFF_1128_n1
SDFFX1,DFF_1129_Q_reg,WX7747|CRC_OUT_4_8|test_se|CK|CRC_OUT_4_9|DFF_1129_n1
SDFFX1,DFF_1130_Q_reg,WX7749|CRC_OUT_4_9|test_se|CK|CRC_OUT_4_10|DFF_1130_n1
SDFFX1,DFF_1131_Q_reg,WX7751|CRC_OUT_4_10|test_se|CK|CRC_OUT_4_11|DFF_1131_n1
SDFFX1,DFF_1132_Q_reg,WX7753|CRC_OUT_4_11|test_se|CK|CRC_OUT_4_12|DFF_1132_n1
SDFFX1,DFF_1133_Q_reg,WX7755|test_si66|test_se|CK|CRC_OUT_4_13|DFF_1133_n1
SDFFX1,DFF_1134_Q_reg,WX7757|CRC_OUT_4_13|test_se|CK|CRC_OUT_4_14|DFF_1134_n1
SDFFX1,DFF_1135_Q_reg,WX7759|CRC_OUT_4_14|test_se|CK|CRC_OUT_4_15|DFF_1135_n1
SDFFX1,DFF_1136_Q_reg,WX7761|CRC_OUT_4_15|test_se|CK|CRC_OUT_4_16|DFF_1136_n1
SDFFX1,DFF_1137_Q_reg,WX7763|CRC_OUT_4_16|test_se|CK|CRC_OUT_4_17|DFF_1137_n1
SDFFX1,DFF_1138_Q_reg,WX7765|CRC_OUT_4_17|test_se|CK|CRC_OUT_4_18|DFF_1138_n1
SDFFX1,DFF_1139_Q_reg,WX7767|CRC_OUT_4_18|test_se|CK|CRC_OUT_4_19|DFF_1139_n1
SDFFX1,DFF_1140_Q_reg,WX7769|CRC_OUT_4_19|test_se|CK|CRC_OUT_4_20|DFF_1140_n1
SDFFX1,DFF_1141_Q_reg,WX7771|CRC_OUT_4_20|test_se|CK|CRC_OUT_4_21|DFF_1141_n1
SDFFX1,DFF_1142_Q_reg,WX7773|CRC_OUT_4_21|test_se|CK|CRC_OUT_4_22|DFF_1142_n1
SDFFX1,DFF_1143_Q_reg,WX7775|CRC_OUT_4_22|test_se|CK|CRC_OUT_4_23|DFF_1143_n1
SDFFX1,DFF_1144_Q_reg,WX7777|CRC_OUT_4_23|test_se|CK|CRC_OUT_4_24|DFF_1144_n1
SDFFX1,DFF_1145_Q_reg,WX7779|CRC_OUT_4_24|test_se|CK|CRC_OUT_4_25|DFF_1145_n1
SDFFX1,DFF_1146_Q_reg,WX7781|CRC_OUT_4_25|test_se|CK|CRC_OUT_4_26|DFF_1146_n1
SDFFX1,DFF_1147_Q_reg,WX7783|CRC_OUT_4_26|test_se|CK|CRC_OUT_4_27|DFF_1147_n1
SDFFX1,DFF_1148_Q_reg,WX7785|CRC_OUT_4_27|test_se|CK|CRC_OUT_4_28|DFF_1148_n1
SDFFX1,DFF_1149_Q_reg,WX7787|CRC_OUT_4_28|test_se|CK|CRC_OUT_4_29|DFF_1149_n1
SDFFX1,DFF_1150_Q_reg,WX7789|test_si67|test_se|CK|CRC_OUT_4_30|DFF_1150_n1
SDFFX1,DFF_1151_Q_reg,WX7791|CRC_OUT_4_30|test_se|CK|CRC_OUT_4_31|DFF_1151_n1
SDFFX1,DFF_1152_Q_reg,WX8242|CRC_OUT_4_31|test_se|CK|WX8243
SDFFX1,DFF_1153_Q_reg,WX8244|WX8243|test_se|CK|n8411|n3878
SDFFX1,DFF_1154_Q_reg,WX8246|n8411|test_se|CK|n8410|n3877
SDFFX1,DFF_1155_Q_reg,WX8248|n8410|test_se|CK|n8409|n3876
SDFFX1,DFF_1156_Q_reg,WX8250|n8409|test_se|CK|n8408|n3875
SDFFX1,DFF_1157_Q_reg,WX8252|n8408|test_se|CK|n8407|n3874
SDFFX1,DFF_1158_Q_reg,WX8254|n8407|test_se|CK|n8406|n3873
SDFFX1,DFF_1159_Q_reg,WX8256|n8406|test_se|CK|n8405|n3872
SDFFX1,DFF_1160_Q_reg,WX8258|n8405|test_se|CK|n8404|n3871
SDFFX1,DFF_1161_Q_reg,WX8260|n8404|test_se|CK|n8403|n3870
SDFFX1,DFF_1162_Q_reg,WX8262|n8403|test_se|CK|n8402|n3869
SDFFX1,DFF_1163_Q_reg,WX8264|n8402|test_se|CK|n8401|n3868
SDFFX1,DFF_1164_Q_reg,WX8266|n8401|test_se|CK|n8400|n3867
SDFFX1,DFF_1165_Q_reg,WX8268|n8400|test_se|CK|n8399|n3866
SDFFX1,DFF_1166_Q_reg,WX8270|n8399|test_se|CK|test_so67|n3865
SDFFX1,DFF_1167_Q_reg,WX8272|test_si68|test_se|CK|n8396|n3864
SDFFX1,DFF_1168_Q_reg,WX8274|n8396|test_se|CK|n8395|n3863
SDFFX1,DFF_1169_Q_reg,WX8276|n8395|test_se|CK|n8394|n3862
SDFFX1,DFF_1170_Q_reg,WX8278|n8394|test_se|CK|n8393|n3861
SDFFX1,DFF_1171_Q_reg,WX8280|n8393|test_se|CK|n8392|n3860
SDFFX1,DFF_1172_Q_reg,WX8282|n8392|test_se|CK|n8391|n3859
SDFFX1,DFF_1173_Q_reg,WX8284|n8391|test_se|CK|n8390|n3858
SDFFX1,DFF_1174_Q_reg,WX8286|n8390|test_se|CK|n8389|n3857
SDFFX1,DFF_1175_Q_reg,WX8288|n8389|test_se|CK|n8388|n3856
SDFFX1,DFF_1176_Q_reg,WX8290|n8388|test_se|CK|n8387|n3855
SDFFX1,DFF_1177_Q_reg,WX8292|n8387|test_se|CK|n8386|n3854
SDFFX1,DFF_1178_Q_reg,WX8294|n8386|test_se|CK|n8385|n3853
SDFFX1,DFF_1179_Q_reg,WX8296|n8385|test_se|CK|n8384|n3852
SDFFX1,DFF_1180_Q_reg,WX8298|n8384|test_se|CK|n8383|n3851
SDFFX1,DFF_1181_Q_reg,WX8300|n8383|test_se|CK|n8382|n3850
SDFFX1,DFF_1182_Q_reg,WX8302|n8382|test_se|CK|n8381|n3849
SDFFX1,DFF_1183_Q_reg,WX8304|n8381|test_se|CK|test_so68|n3848
SDFFX1,DFF_1184_Q_reg,WX8402|test_si69|test_se|CK|n8378|n3340
SDFFX1,DFF_1185_Q_reg,WX8404|n8378|test_se|CK|n8377|n3390
SDFFX1,DFF_1186_Q_reg,WX8406|n8377|test_se|CK|n8376|n3389
SDFFX1,DFF_1187_Q_reg,WX8408|n8376|test_se|CK|n8375|n3388
SDFFX1,DFF_1188_Q_reg,WX8410|n8375|test_se|CK|n8374|n3387
SDFFX1,DFF_1189_Q_reg,WX8412|n8374|test_se|CK|n8373|n3386
SDFFX1,DFF_1190_Q_reg,WX8414|n8373|test_se|CK|n8372|n3385
SDFFX1,DFF_1191_Q_reg,WX8416|n8372|test_se|CK|n8371|n3384
SDFFX1,DFF_1192_Q_reg,WX8418|n8371|test_se|CK|n8370|n3383
SDFFX1,DFF_1193_Q_reg,WX8420|n8370|test_se|CK|n8369|n3382
SDFFX1,DFF_1194_Q_reg,WX8422|n8369|test_se|CK|n8368|n3381
SDFFX1,DFF_1195_Q_reg,WX8424|n8368|test_se|CK|n8367|n3380
SDFFX1,DFF_1196_Q_reg,WX8426|n8367|test_se|CK|n8366|n3379
SDFFX1,DFF_1197_Q_reg,WX8428|n8366|test_se|CK|n8365|n3378
SDFFX1,DFF_1198_Q_reg,WX8430|n8365|test_se|CK|n8364|n3377
SDFFX1,DFF_1199_Q_reg,WX8432|n8364|test_se|CK|n8363|n3376
SDFFX1,DFF_1200_Q_reg,WX8434|n8363|test_se|CK|test_so69
SDFFX1,DFF_1201_Q_reg,WX8436|test_si70|test_se|CK|WX8437
SDFFX1,DFF_1202_Q_reg,WX8438|WX8437|test_se|CK|WX8439
SDFFX1,DFF_1203_Q_reg,WX8440|WX8439|test_se|CK|WX8441
SDFFX1,DFF_1204_Q_reg,WX8442|WX8441|test_se|CK|WX8443
SDFFX1,DFF_1205_Q_reg,WX8444|WX8443|test_se|CK|WX8445
SDFFX1,DFF_1206_Q_reg,WX8446|WX8445|test_se|CK|WX8447
SDFFX1,DFF_1207_Q_reg,WX8448|WX8447|test_se|CK|WX8449
SDFFX1,DFF_1208_Q_reg,WX8450|WX8449|test_se|CK|WX8451
SDFFX1,DFF_1209_Q_reg,WX8452|WX8451|test_se|CK|WX8453
SDFFX1,DFF_1210_Q_reg,WX8454|WX8453|test_se|CK|WX8455
SDFFX1,DFF_1211_Q_reg,WX8456|WX8455|test_se|CK|WX8457
SDFFX1,DFF_1212_Q_reg,WX8458|WX8457|test_se|CK|WX8459
SDFFX1,DFF_1213_Q_reg,WX8460|WX8459|test_se|CK|WX8461
SDFFX1,DFF_1214_Q_reg,WX8462|WX8461|test_se|CK|WX8463
SDFFX1,DFF_1215_Q_reg,WX8464|WX8463|test_se|CK|WX8465
SDFFX1,DFF_1216_Q_reg,WX8466|WX8465|test_se|CK|WX8467
SDFFX1,DFF_1217_Q_reg,WX8468|WX8467|test_se|CK|test_so70
SDFFX1,DFF_1218_Q_reg,WX8470|test_si71|test_se|CK|WX8471
SDFFX1,DFF_1219_Q_reg,WX8472|WX8471|test_se|CK|WX8473
SDFFX1,DFF_1220_Q_reg,WX8474|WX8473|test_se|CK|WX8475
SDFFX1,DFF_1221_Q_reg,WX8476|WX8475|test_se|CK|WX8477
SDFFX1,DFF_1222_Q_reg,WX8478|WX8477|test_se|CK|WX8479
SDFFX1,DFF_1223_Q_reg,WX8480|WX8479|test_se|CK|WX8481
SDFFX1,DFF_1224_Q_reg,WX8482|WX8481|test_se|CK|WX8483
SDFFX1,DFF_1225_Q_reg,WX8484|WX8483|test_se|CK|WX8485
SDFFX1,DFF_1226_Q_reg,WX8486|WX8485|test_se|CK|WX8487
SDFFX1,DFF_1227_Q_reg,WX8488|WX8487|test_se|CK|WX8489
SDFFX1,DFF_1228_Q_reg,WX8490|WX8489|test_se|CK|WX8491
SDFFX1,DFF_1229_Q_reg,WX8492|WX8491|test_se|CK|WX8493
SDFFX1,DFF_1230_Q_reg,WX8494|WX8493|test_se|CK|WX8495
SDFFX1,DFF_1231_Q_reg,WX8496|WX8495|test_se|CK|WX8497
SDFFX1,DFF_1232_Q_reg,WX8498|WX8497|test_se|CK|WX8499|n3625
SDFFX1,DFF_1233_Q_reg,WX8500|WX8499|test_se|CK|WX8501|n3623
SDFFX1,DFF_1234_Q_reg,WX8502|WX8501|test_se|CK|test_so71|n3621
SDFFX1,DFF_1235_Q_reg,WX8504|test_si72|test_se|CK|WX8505|n3619
SDFFX1,DFF_1236_Q_reg,WX8506|WX8505|test_se|CK|WX8507|n3617
SDFFX1,DFF_1237_Q_reg,WX8508|WX8507|test_se|CK|WX8509|n3615
SDFFX1,DFF_1238_Q_reg,WX8510|WX8509|test_se|CK|WX8511|n3613
SDFFX1,DFF_1239_Q_reg,WX8512|WX8511|test_se|CK|WX8513|n3611
SDFFX1,DFF_1240_Q_reg,WX8514|WX8513|test_se|CK|WX8515|n3609
SDFFX1,DFF_1241_Q_reg,WX8516|WX8515|test_se|CK|WX8517|n3607
SDFFX1,DFF_1242_Q_reg,WX8518|WX8517|test_se|CK|WX8519|n3605
SDFFX1,DFF_1243_Q_reg,WX8520|WX8519|test_se|CK|WX8521|n3603
SDFFX1,DFF_1244_Q_reg,WX8522|WX8521|test_se|CK|WX8523|n3601
SDFFX1,DFF_1245_Q_reg,WX8524|WX8523|test_se|CK|WX8525|n3599
SDFFX1,DFF_1246_Q_reg,WX8526|WX8525|test_se|CK|WX8527|n3597
SDFFX1,DFF_1247_Q_reg,WX8528|WX8527|test_se|CK|WX8529|n3595
SDFFX1,DFF_1248_Q_reg,WX8530|WX8529|test_se|CK|WX8531
SDFFX1,DFF_1249_Q_reg,WX8532|WX8531|test_se|CK|WX8533
SDFFX1,DFF_1250_Q_reg,WX8534|WX8533|test_se|CK|WX8535
SDFFX1,DFF_1251_Q_reg,WX8536|WX8535|test_se|CK|test_so72
SDFFX1,DFF_1252_Q_reg,WX8538|test_si73|test_se|CK|WX8539
SDFFX1,DFF_1253_Q_reg,WX8540|WX8539|test_se|CK|WX8541
SDFFX1,DFF_1254_Q_reg,WX8542|WX8541|test_se|CK|WX8543
SDFFX1,DFF_1255_Q_reg,WX8544|WX8543|test_se|CK|WX8545
SDFFX1,DFF_1256_Q_reg,WX8546|WX8545|test_se|CK|WX8547
SDFFX1,DFF_1257_Q_reg,WX8548|WX8547|test_se|CK|WX8549
SDFFX1,DFF_1258_Q_reg,WX8550|WX8549|test_se|CK|WX8551
SDFFX1,DFF_1259_Q_reg,WX8552|WX8551|test_se|CK|WX8553
SDFFX1,DFF_1260_Q_reg,WX8554|WX8553|test_se|CK|WX8555
SDFFX1,DFF_1261_Q_reg,WX8556|WX8555|test_se|CK|WX8557
SDFFX1,DFF_1262_Q_reg,WX8558|WX8557|test_se|CK|WX8559
SDFFX1,DFF_1263_Q_reg,WX8560|WX8559|test_se|CK|WX8561
SDFFX1,DFF_1264_Q_reg,WX8562|WX8561|test_se|CK|WX8563
SDFFX1,DFF_1265_Q_reg,WX8564|WX8563|test_se|CK|WX8565
SDFFX1,DFF_1266_Q_reg,WX8566|WX8565|test_se|CK|WX8567
SDFFX1,DFF_1267_Q_reg,WX8568|WX8567|test_se|CK|WX8569
SDFFX1,DFF_1268_Q_reg,WX8570|WX8569|test_se|CK|test_so73
SDFFX1,DFF_1269_Q_reg,WX8572|test_si74|test_se|CK|WX8573
SDFFX1,DFF_1270_Q_reg,WX8574|WX8573|test_se|CK|WX8575
SDFFX1,DFF_1271_Q_reg,WX8576|WX8575|test_se|CK|WX8577
SDFFX1,DFF_1272_Q_reg,WX8578|WX8577|test_se|CK|WX8579
SDFFX1,DFF_1273_Q_reg,WX8580|WX8579|test_se|CK|WX8581
SDFFX1,DFF_1274_Q_reg,WX8582|WX8581|test_se|CK|WX8583
SDFFX1,DFF_1275_Q_reg,WX8584|WX8583|test_se|CK|WX8585
SDFFX1,DFF_1276_Q_reg,WX8586|WX8585|test_se|CK|WX8587
SDFFX1,DFF_1277_Q_reg,WX8588|WX8587|test_se|CK|WX8589
SDFFX1,DFF_1278_Q_reg,WX8590|WX8589|test_se|CK|WX8591
SDFFX1,DFF_1279_Q_reg,WX8592|WX8591|test_se|CK|WX8593
SDFFX1,DFF_1280_Q_reg,WX8594|WX8593|test_se|CK|WX8595
SDFFX1,DFF_1281_Q_reg,WX8596|WX8595|test_se|CK|WX8597
SDFFX1,DFF_1282_Q_reg,WX8598|WX8597|test_se|CK|WX8599
SDFFX1,DFF_1283_Q_reg,WX8600|WX8599|test_se|CK|WX8601
SDFFX1,DFF_1284_Q_reg,WX8602|WX8601|test_se|CK|WX8603
SDFFX1,DFF_1285_Q_reg,WX8604|WX8603|test_se|CK|test_so74
SDFFX1,DFF_1286_Q_reg,WX8606|test_si75|test_se|CK|WX8607
SDFFX1,DFF_1287_Q_reg,WX8608|WX8607|test_se|CK|WX8609
SDFFX1,DFF_1288_Q_reg,WX8610|WX8609|test_se|CK|WX8611
SDFFX1,DFF_1289_Q_reg,WX8612|WX8611|test_se|CK|WX8613
SDFFX1,DFF_1290_Q_reg,WX8614|WX8613|test_se|CK|WX8615
SDFFX1,DFF_1291_Q_reg,WX8616|WX8615|test_se|CK|WX8617
SDFFX1,DFF_1292_Q_reg,WX8618|WX8617|test_se|CK|WX8619
SDFFX1,DFF_1293_Q_reg,WX8620|WX8619|test_se|CK|WX8621
SDFFX1,DFF_1294_Q_reg,WX8622|WX8621|test_se|CK|WX8623
SDFFX1,DFF_1295_Q_reg,WX8624|WX8623|test_se|CK|WX8625
SDFFX1,DFF_1296_Q_reg,WX8626|WX8625|test_se|CK|WX8627
SDFFX1,DFF_1297_Q_reg,WX8628|WX8627|test_se|CK|WX8629
SDFFX1,DFF_1298_Q_reg,WX8630|WX8629|test_se|CK|WX8631
SDFFX1,DFF_1299_Q_reg,WX8632|WX8631|test_se|CK|WX8633
SDFFX1,DFF_1300_Q_reg,WX8634|WX8633|test_se|CK|WX8635
SDFFX1,DFF_1301_Q_reg,WX8636|WX8635|test_se|CK|WX8637
SDFFX1,DFF_1302_Q_reg,WX8638|WX8637|test_se|CK|test_so75
SDFFX1,DFF_1303_Q_reg,WX8640|test_si76|test_se|CK|WX8641
SDFFX1,DFF_1304_Q_reg,WX8642|WX8641|test_se|CK|WX8643
SDFFX1,DFF_1305_Q_reg,WX8644|WX8643|test_se|CK|WX8645
SDFFX1,DFF_1306_Q_reg,WX8646|WX8645|test_se|CK|WX8647
SDFFX1,DFF_1307_Q_reg,WX8648|WX8647|test_se|CK|WX8649
SDFFX1,DFF_1308_Q_reg,WX8650|WX8649|test_se|CK|WX8651
SDFFX1,DFF_1309_Q_reg,WX8652|WX8651|test_se|CK|WX8653
SDFFX1,DFF_1310_Q_reg,WX8654|WX8653|test_se|CK|WX8655
SDFFX1,DFF_1311_Q_reg,WX8656|WX8655|test_se|CK|WX8657
SDFFX1,DFF_1312_Q_reg,WX9022|WX8657|test_se|CK|CRC_OUT_3_0|DFF_1312_n1
SDFFX1,DFF_1313_Q_reg,WX9024|CRC_OUT_3_0|test_se|CK|CRC_OUT_3_1|DFF_1313_n1
SDFFX1,DFF_1314_Q_reg,WX9026|CRC_OUT_3_1|test_se|CK|CRC_OUT_3_2|DFF_1314_n1
SDFFX1,DFF_1315_Q_reg,WX9028|CRC_OUT_3_2|test_se|CK|CRC_OUT_3_3|DFF_1315_n1
SDFFX1,DFF_1316_Q_reg,WX9030|CRC_OUT_3_3|test_se|CK|CRC_OUT_3_4|DFF_1316_n1
SDFFX1,DFF_1317_Q_reg,WX9032|CRC_OUT_3_4|test_se|CK|CRC_OUT_3_5|DFF_1317_n1
SDFFX1,DFF_1318_Q_reg,WX9034|CRC_OUT_3_5|test_se|CK|CRC_OUT_3_6|DFF_1318_n1
SDFFX1,DFF_1319_Q_reg,WX9036|CRC_OUT_3_6|test_se|CK|CRC_OUT_3_7|DFF_1319_n1
SDFFX1,DFF_1320_Q_reg,WX9038|test_si77|test_se|CK|CRC_OUT_3_8|DFF_1320_n1
SDFFX1,DFF_1321_Q_reg,WX9040|CRC_OUT_3_8|test_se|CK|CRC_OUT_3_9|DFF_1321_n1
SDFFX1,DFF_1322_Q_reg,WX9042|CRC_OUT_3_9|test_se|CK|CRC_OUT_3_10|DFF_1322_n1
SDFFX1,DFF_1323_Q_reg,WX9044|CRC_OUT_3_10|test_se|CK|CRC_OUT_3_11|DFF_1323_n1
SDFFX1,DFF_1324_Q_reg,WX9046|CRC_OUT_3_11|test_se|CK|CRC_OUT_3_12|DFF_1324_n1
SDFFX1,DFF_1325_Q_reg,WX9048|CRC_OUT_3_12|test_se|CK|CRC_OUT_3_13|DFF_1325_n1
SDFFX1,DFF_1326_Q_reg,WX9050|CRC_OUT_3_13|test_se|CK|CRC_OUT_3_14|DFF_1326_n1
SDFFX1,DFF_1327_Q_reg,WX9052|CRC_OUT_3_14|test_se|CK|CRC_OUT_3_15|DFF_1327_n1
SDFFX1,DFF_1328_Q_reg,WX9054|CRC_OUT_3_15|test_se|CK|CRC_OUT_3_16|DFF_1328_n1
SDFFX1,DFF_1329_Q_reg,WX9056|CRC_OUT_3_16|test_se|CK|CRC_OUT_3_17|DFF_1329_n1
SDFFX1,DFF_1330_Q_reg,WX9058|CRC_OUT_3_17|test_se|CK|CRC_OUT_3_18|DFF_1330_n1
SDFFX1,DFF_1331_Q_reg,WX9060|CRC_OUT_3_18|test_se|CK|CRC_OUT_3_19|DFF_1331_n1
SDFFX1,DFF_1332_Q_reg,WX9062|CRC_OUT_3_19|test_se|CK|CRC_OUT_3_20|DFF_1332_n1
SDFFX1,DFF_1333_Q_reg,WX9064|CRC_OUT_3_20|test_se|CK|CRC_OUT_3_21|DFF_1333_n1
SDFFX1,DFF_1334_Q_reg,WX9066|CRC_OUT_3_21|test_se|CK|CRC_OUT_3_22|DFF_1334_n1
SDFFX1,DFF_1335_Q_reg,WX9068|CRC_OUT_3_22|test_se|CK|CRC_OUT_3_23|DFF_1335_n1
SDFFX1,DFF_1336_Q_reg,WX9070|CRC_OUT_3_23|test_se|CK|CRC_OUT_3_24|DFF_1336_n1
SDFFX1,DFF_1337_Q_reg,WX9072|test_si78|test_se|CK|CRC_OUT_3_25|DFF_1337_n1
SDFFX1,DFF_1338_Q_reg,WX9074|CRC_OUT_3_25|test_se|CK|CRC_OUT_3_26|DFF_1338_n1
SDFFX1,DFF_1339_Q_reg,WX9076|CRC_OUT_3_26|test_se|CK|CRC_OUT_3_27|DFF_1339_n1
SDFFX1,DFF_1340_Q_reg,WX9078|CRC_OUT_3_27|test_se|CK|CRC_OUT_3_28|DFF_1340_n1
SDFFX1,DFF_1341_Q_reg,WX9080|CRC_OUT_3_28|test_se|CK|CRC_OUT_3_29|DFF_1341_n1
SDFFX1,DFF_1342_Q_reg,WX9082|CRC_OUT_3_29|test_se|CK|CRC_OUT_3_30|DFF_1342_n1
SDFFX1,DFF_1343_Q_reg,WX9084|CRC_OUT_3_30|test_se|CK|CRC_OUT_3_31|DFF_1343_n1
SDFFX1,DFF_1344_Q_reg,WX9535|CRC_OUT_3_31|test_se|CK|WX9536
SDFFX1,DFF_1345_Q_reg,WX9537|WX9536|test_se|CK|n8353|n3847
SDFFX1,DFF_1346_Q_reg,WX9539|n8353|test_se|CK|n8352|n3846
SDFFX1,DFF_1347_Q_reg,WX9541|n8352|test_se|CK|n8351|n3845
SDFFX1,DFF_1348_Q_reg,WX9543|n8351|test_se|CK|n8350|n3844
SDFFX1,DFF_1349_Q_reg,WX9545|n8350|test_se|CK|n8349|n3843
SDFFX1,DFF_1350_Q_reg,WX9547|n8349|test_se|CK|n8348|n3842
SDFFX1,DFF_1351_Q_reg,WX9549|n8348|test_se|CK|n8347|n3841
SDFFX1,DFF_1352_Q_reg,WX9551|n8347|test_se|CK|n8346|n3840
SDFFX1,DFF_1353_Q_reg,WX9553|n8346|test_se|CK|test_so78|n3839
SDFFX1,DFF_1354_Q_reg,WX9555|test_si79|test_se|CK|n8343|n3838
SDFFX1,DFF_1355_Q_reg,WX9557|n8343|test_se|CK|n8342|n3837
SDFFX1,DFF_1356_Q_reg,WX9559|n8342|test_se|CK|n8341|n3836
SDFFX1,DFF_1357_Q_reg,WX9561|n8341|test_se|CK|n8340|n3835
SDFFX1,DFF_1358_Q_reg,WX9563|n8340|test_se|CK|n8339|n3834
SDFFX1,DFF_1359_Q_reg,WX9565|n8339|test_se|CK|n8338|n3833
SDFFX1,DFF_1360_Q_reg,WX9567|n8338|test_se|CK|n8337|n3832
SDFFX1,DFF_1361_Q_reg,WX9569|n8337|test_se|CK|n8336|n3831
SDFFX1,DFF_1362_Q_reg,WX9571|n8336|test_se|CK|n8335|n3830
SDFFX1,DFF_1363_Q_reg,WX9573|n8335|test_se|CK|n8334|n3829
SDFFX1,DFF_1364_Q_reg,WX9575|n8334|test_se|CK|n8333|n3828
SDFFX1,DFF_1365_Q_reg,WX9577|n8333|test_se|CK|n8332|n3827
SDFFX1,DFF_1366_Q_reg,WX9579|n8332|test_se|CK|n8331|n3826
SDFFX1,DFF_1367_Q_reg,WX9581|n8331|test_se|CK|n8330|n3825
SDFFX1,DFF_1368_Q_reg,WX9583|n8330|test_se|CK|n8329|n3824
SDFFX1,DFF_1369_Q_reg,WX9585|n8329|test_se|CK|n8328|n3823
SDFFX1,DFF_1370_Q_reg,WX9587|n8328|test_se|CK|test_so79|n3822
SDFFX1,DFF_1371_Q_reg,WX9589|test_si80|test_se|CK|n8325|n3821
SDFFX1,DFF_1372_Q_reg,WX9591|n8325|test_se|CK|n8324|n3820
SDFFX1,DFF_1373_Q_reg,WX9593|n8324|test_se|CK|n8323|n3819
SDFFX1,DFF_1374_Q_reg,WX9595|n8323|test_se|CK|n8322|n3818
SDFFX1,DFF_1375_Q_reg,WX9597|n8322|test_se|CK|n8321|n3817
SDFFX1,DFF_1376_Q_reg,WX9695|n8321|test_se|CK|n8320|n3339
SDFFX1,DFF_1377_Q_reg,WX9697|n8320|test_se|CK|n8319|n3375
SDFFX1,DFF_1378_Q_reg,WX9699|n8319|test_se|CK|n8318|n3374
SDFFX1,DFF_1379_Q_reg,WX9701|n8318|test_se|CK|n8317|n3373
SDFFX1,DFF_1380_Q_reg,WX9703|n8317|test_se|CK|n8316|n3372
SDFFX1,DFF_1381_Q_reg,WX9705|n8316|test_se|CK|n8315|n3371
SDFFX1,DFF_1382_Q_reg,WX9707|n8315|test_se|CK|n8314|n3370
SDFFX1,DFF_1383_Q_reg,WX9709|n8314|test_se|CK|n8313|n3369
SDFFX1,DFF_1384_Q_reg,WX9711|n8313|test_se|CK|n8312|n3368
SDFFX1,DFF_1385_Q_reg,WX9713|n8312|test_se|CK|n8311|n3367
SDFFX1,DFF_1386_Q_reg,WX9715|n8311|test_se|CK|n8310|n3366
SDFFX1,DFF_1387_Q_reg,WX9717|n8310|test_se|CK|test_so80|n3365
SDFFX1,DFF_1388_Q_reg,WX9719|test_si81|test_se|CK|n8307|n3364
SDFFX1,DFF_1389_Q_reg,WX9721|n8307|test_se|CK|n8306|n3363
SDFFX1,DFF_1390_Q_reg,WX9723|n8306|test_se|CK|n8305|n3362
SDFFX1,DFF_1391_Q_reg,WX9725|n8305|test_se|CK|n8304|n3361
SDFFX1,DFF_1392_Q_reg,WX9727|n8304|test_se|CK|WX9728
SDFFX1,DFF_1393_Q_reg,WX9729|WX9728|test_se|CK|WX9730
SDFFX1,DFF_1394_Q_reg,WX9731|WX9730|test_se|CK|WX9732
SDFFX1,DFF_1395_Q_reg,WX9733|WX9732|test_se|CK|WX9734
SDFFX1,DFF_1396_Q_reg,WX9735|WX9734|test_se|CK|WX9736
SDFFX1,DFF_1397_Q_reg,WX9737|WX9736|test_se|CK|WX9738
SDFFX1,DFF_1398_Q_reg,WX9739|WX9738|test_se|CK|WX9740
SDFFX1,DFF_1399_Q_reg,WX9741|WX9740|test_se|CK|WX9742
SDFFX1,DFF_1400_Q_reg,WX9743|WX9742|test_se|CK|WX9744
SDFFX1,DFF_1401_Q_reg,WX9745|WX9744|test_se|CK|WX9746
SDFFX1,DFF_1402_Q_reg,WX9747|WX9746|test_se|CK|WX9748
SDFFX1,DFF_1403_Q_reg,WX9749|WX9748|test_se|CK|WX9750
SDFFX1,DFF_1404_Q_reg,WX9751|WX9750|test_se|CK|test_so81
SDFFX1,DFF_1405_Q_reg,WX9753|test_si82|test_se|CK|WX9754
SDFFX1,DFF_1406_Q_reg,WX9755|WX9754|test_se|CK|WX9756
SDFFX1,DFF_1407_Q_reg,WX9757|WX9756|test_se|CK|WX9758
SDFFX1,DFF_1408_Q_reg,WX9759|WX9758|test_se|CK|WX9760
SDFFX1,DFF_1409_Q_reg,WX9761|WX9760|test_se|CK|WX9762
SDFFX1,DFF_1410_Q_reg,WX9763|WX9762|test_se|CK|WX9764
SDFFX1,DFF_1411_Q_reg,WX9765|WX9764|test_se|CK|WX9766
SDFFX1,DFF_1412_Q_reg,WX9767|WX9766|test_se|CK|WX9768
SDFFX1,DFF_1413_Q_reg,WX9769|WX9768|test_se|CK|WX9770
SDFFX1,DFF_1414_Q_reg,WX9771|WX9770|test_se|CK|WX9772
SDFFX1,DFF_1415_Q_reg,WX9773|WX9772|test_se|CK|WX9774
SDFFX1,DFF_1416_Q_reg,WX9775|WX9774|test_se|CK|WX9776
SDFFX1,DFF_1417_Q_reg,WX9777|WX9776|test_se|CK|WX9778
SDFFX1,DFF_1418_Q_reg,WX9779|WX9778|test_se|CK|WX9780
SDFFX1,DFF_1419_Q_reg,WX9781|WX9780|test_se|CK|WX9782
SDFFX1,DFF_1420_Q_reg,WX9783|WX9782|test_se|CK|WX9784
SDFFX1,DFF_1421_Q_reg,WX9785|WX9784|test_se|CK|test_so82
SDFFX1,DFF_1422_Q_reg,WX9787|test_si83|test_se|CK|WX9788
SDFFX1,DFF_1423_Q_reg,WX9789|WX9788|test_se|CK|WX9790
SDFFX1,DFF_1424_Q_reg,WX9791|WX9790|test_se|CK|WX9792|n3593
SDFFX1,DFF_1425_Q_reg,WX9793|WX9792|test_se|CK|WX9794|n3591
SDFFX1,DFF_1426_Q_reg,WX9795|WX9794|test_se|CK|WX9796|n3589
SDFFX1,DFF_1427_Q_reg,WX9797|WX9796|test_se|CK|WX9798|n3587
SDFFX1,DFF_1428_Q_reg,WX9799|WX9798|test_se|CK|WX9800|n3585
SDFFX1,DFF_1429_Q_reg,WX9801|WX9800|test_se|CK|WX9802|n3583
SDFFX1,DFF_1430_Q_reg,WX9803|WX9802|test_se|CK|WX9804|n3581
SDFFX1,DFF_1431_Q_reg,WX9805|WX9804|test_se|CK|WX9806|n3579
SDFFX1,DFF_1432_Q_reg,WX9807|WX9806|test_se|CK|WX9808|n3577
SDFFX1,DFF_1433_Q_reg,WX9809|WX9808|test_se|CK|WX9810|n3575
SDFFX1,DFF_1434_Q_reg,WX9811|WX9810|test_se|CK|WX9812|n3573
SDFFX1,DFF_1435_Q_reg,WX9813|WX9812|test_se|CK|WX9814|n3571
SDFFX1,DFF_1436_Q_reg,WX9815|WX9814|test_se|CK|WX9816|n3569
SDFFX1,DFF_1437_Q_reg,WX9817|WX9816|test_se|CK|WX9818|n3567
SDFFX1,DFF_1438_Q_reg,WX9819|WX9818|test_se|CK|test_so83|n3565
SDFFX1,DFF_1439_Q_reg,WX9821|test_si84|test_se|CK|WX9822|n3563
SDFFX1,DFF_1440_Q_reg,WX9823|WX9822|test_se|CK|WX9824
SDFFX1,DFF_1441_Q_reg,WX9825|WX9824|test_se|CK|WX9826
SDFFX1,DFF_1442_Q_reg,WX9827|WX9826|test_se|CK|WX9828
SDFFX1,DFF_1443_Q_reg,WX9829|WX9828|test_se|CK|WX9830
SDFFX1,DFF_1444_Q_reg,WX9831|WX9830|test_se|CK|WX9832
SDFFX1,DFF_1445_Q_reg,WX9833|WX9832|test_se|CK|WX9834
SDFFX1,DFF_1446_Q_reg,WX9835|WX9834|test_se|CK|WX9836
SDFFX1,DFF_1447_Q_reg,WX9837|WX9836|test_se|CK|WX9838
SDFFX1,DFF_1448_Q_reg,WX9839|WX9838|test_se|CK|WX9840
SDFFX1,DFF_1449_Q_reg,WX9841|WX9840|test_se|CK|WX9842
SDFFX1,DFF_1450_Q_reg,WX9843|WX9842|test_se|CK|WX9844
SDFFX1,DFF_1451_Q_reg,WX9845|WX9844|test_se|CK|WX9846
SDFFX1,DFF_1452_Q_reg,WX9847|WX9846|test_se|CK|WX9848
SDFFX1,DFF_1453_Q_reg,WX9849|WX9848|test_se|CK|WX9850
SDFFX1,DFF_1454_Q_reg,WX9851|WX9850|test_se|CK|WX9852
SDFFX1,DFF_1455_Q_reg,WX9853|WX9852|test_se|CK|test_so84
SDFFX1,DFF_1456_Q_reg,WX9855|test_si85|test_se|CK|WX9856
SDFFX1,DFF_1457_Q_reg,WX9857|WX9856|test_se|CK|WX9858
SDFFX1,DFF_1458_Q_reg,WX9859|WX9858|test_se|CK|WX9860
SDFFX1,DFF_1459_Q_reg,WX9861|WX9860|test_se|CK|WX9862
SDFFX1,DFF_1460_Q_reg,WX9863|WX9862|test_se|CK|WX9864
SDFFX1,DFF_1461_Q_reg,WX9865|WX9864|test_se|CK|WX9866
SDFFX1,DFF_1462_Q_reg,WX9867|WX9866|test_se|CK|WX9868
SDFFX1,DFF_1463_Q_reg,WX9869|WX9868|test_se|CK|WX9870
SDFFX1,DFF_1464_Q_reg,WX9871|WX9870|test_se|CK|WX9872
SDFFX1,DFF_1465_Q_reg,WX9873|WX9872|test_se|CK|WX9874
SDFFX1,DFF_1466_Q_reg,WX9875|WX9874|test_se|CK|WX9876
SDFFX1,DFF_1467_Q_reg,WX9877|WX9876|test_se|CK|WX9878
SDFFX1,DFF_1468_Q_reg,WX9879|WX9878|test_se|CK|WX9880
SDFFX1,DFF_1469_Q_reg,WX9881|WX9880|test_se|CK|WX9882
SDFFX1,DFF_1470_Q_reg,WX9883|WX9882|test_se|CK|WX9884
SDFFX1,DFF_1471_Q_reg,WX9885|WX9884|test_se|CK|WX9886
SDFFX1,DFF_1472_Q_reg,WX9887|WX9886|test_se|CK|test_so85
SDFFX1,DFF_1473_Q_reg,WX9889|test_si86|test_se|CK|WX9890
SDFFX1,DFF_1474_Q_reg,WX9891|WX9890|test_se|CK|WX9892
SDFFX1,DFF_1475_Q_reg,WX9893|WX9892|test_se|CK|WX9894
SDFFX1,DFF_1476_Q_reg,WX9895|WX9894|test_se|CK|WX9896
SDFFX1,DFF_1477_Q_reg,WX9897|WX9896|test_se|CK|WX9898
SDFFX1,DFF_1478_Q_reg,WX9899|WX9898|test_se|CK|WX9900
SDFFX1,DFF_1479_Q_reg,WX9901|WX9900|test_se|CK|WX9902
SDFFX1,DFF_1480_Q_reg,WX9903|WX9902|test_se|CK|WX9904
SDFFX1,DFF_1481_Q_reg,WX9905|WX9904|test_se|CK|WX9906
SDFFX1,DFF_1482_Q_reg,WX9907|WX9906|test_se|CK|WX9908
SDFFX1,DFF_1483_Q_reg,WX9909|WX9908|test_se|CK|WX9910
SDFFX1,DFF_1484_Q_reg,WX9911|WX9910|test_se|CK|WX9912
SDFFX1,DFF_1485_Q_reg,WX9913|WX9912|test_se|CK|WX9914
SDFFX1,DFF_1486_Q_reg,WX9915|WX9914|test_se|CK|WX9916
SDFFX1,DFF_1487_Q_reg,WX9917|WX9916|test_se|CK|WX9918
SDFFX1,DFF_1488_Q_reg,WX9919|WX9918|test_se|CK|WX9920
SDFFX1,DFF_1489_Q_reg,WX9921|WX9920|test_se|CK|test_so86
SDFFX1,DFF_1490_Q_reg,WX9923|test_si87|test_se|CK|WX9924
SDFFX1,DFF_1491_Q_reg,WX9925|WX9924|test_se|CK|WX9926
SDFFX1,DFF_1492_Q_reg,WX9927|WX9926|test_se|CK|WX9928
SDFFX1,DFF_1493_Q_reg,WX9929|WX9928|test_se|CK|WX9930
SDFFX1,DFF_1494_Q_reg,WX9931|WX9930|test_se|CK|WX9932
SDFFX1,DFF_1495_Q_reg,WX9933|WX9932|test_se|CK|WX9934
SDFFX1,DFF_1496_Q_reg,WX9935|WX9934|test_se|CK|WX9936
SDFFX1,DFF_1497_Q_reg,WX9937|WX9936|test_se|CK|WX9938
SDFFX1,DFF_1498_Q_reg,WX9939|WX9938|test_se|CK|WX9940
SDFFX1,DFF_1499_Q_reg,WX9941|WX9940|test_se|CK|WX9942
SDFFX1,DFF_1500_Q_reg,WX9943|WX9942|test_se|CK|WX9944
SDFFX1,DFF_1501_Q_reg,WX9945|WX9944|test_se|CK|WX9946
SDFFX1,DFF_1502_Q_reg,WX9947|WX9946|test_se|CK|WX9948
SDFFX1,DFF_1503_Q_reg,WX9949|WX9948|test_se|CK|WX9950
SDFFX1,DFF_1504_Q_reg,WX10315|WX9950|test_se|CK|CRC_OUT_2_0|DFF_1504_n1
SDFFX1,DFF_1505_Q_reg,WX10317|CRC_OUT_2_0|test_se|CK|CRC_OUT_2_1|DFF_1505_n1
SDFFX1,DFF_1506_Q_reg,WX10319|CRC_OUT_2_1|test_se|CK|CRC_OUT_2_2|DFF_1506_n1
SDFFX1,DFF_1507_Q_reg,WX10321|test_si88|test_se|CK|CRC_OUT_2_3|DFF_1507_n1
SDFFX1,DFF_1508_Q_reg,WX10323|CRC_OUT_2_3|test_se|CK|CRC_OUT_2_4|DFF_1508_n1
SDFFX1,DFF_1509_Q_reg,WX10325|CRC_OUT_2_4|test_se|CK|CRC_OUT_2_5|DFF_1509_n1
SDFFX1,DFF_1510_Q_reg,WX10327|CRC_OUT_2_5|test_se|CK|CRC_OUT_2_6|DFF_1510_n1
SDFFX1,DFF_1511_Q_reg,WX10329|CRC_OUT_2_6|test_se|CK|CRC_OUT_2_7|DFF_1511_n1
SDFFX1,DFF_1512_Q_reg,WX10331|CRC_OUT_2_7|test_se|CK|CRC_OUT_2_8|DFF_1512_n1
SDFFX1,DFF_1513_Q_reg,WX10333|CRC_OUT_2_8|test_se|CK|CRC_OUT_2_9|DFF_1513_n1
SDFFX1,DFF_1514_Q_reg,WX10335|CRC_OUT_2_9|test_se|CK|CRC_OUT_2_10|DFF_1514_n1
SDFFX1,DFF_1515_Q_reg,WX10337|CRC_OUT_2_10|test_se|CK|CRC_OUT_2_11|DFF_1515_n1
SDFFX1,DFF_1516_Q_reg,WX10339|CRC_OUT_2_11|test_se|CK|CRC_OUT_2_12|DFF_1516_n1
SDFFX1,DFF_1517_Q_reg,WX10341|CRC_OUT_2_12|test_se|CK|CRC_OUT_2_13|DFF_1517_n1
SDFFX1,DFF_1518_Q_reg,WX10343|CRC_OUT_2_13|test_se|CK|CRC_OUT_2_14|DFF_1518_n1
SDFFX1,DFF_1519_Q_reg,WX10345|CRC_OUT_2_14|test_se|CK|CRC_OUT_2_15|DFF_1519_n1
SDFFX1,DFF_1520_Q_reg,WX10347|CRC_OUT_2_15|test_se|CK|CRC_OUT_2_16|DFF_1520_n1
SDFFX1,DFF_1521_Q_reg,WX10349|CRC_OUT_2_16|test_se|CK|CRC_OUT_2_17|DFF_1521_n1
SDFFX1,DFF_1522_Q_reg,WX10351|CRC_OUT_2_17|test_se|CK|CRC_OUT_2_18|DFF_1522_n1
SDFFX1,DFF_1523_Q_reg,WX10353|CRC_OUT_2_18|test_se|CK|CRC_OUT_2_19|DFF_1523_n1
SDFFX1,DFF_1524_Q_reg,WX10355|test_si89|test_se|CK|CRC_OUT_2_20|DFF_1524_n1
SDFFX1,DFF_1525_Q_reg,WX10357|CRC_OUT_2_20|test_se|CK|CRC_OUT_2_21|DFF_1525_n1
SDFFX1,DFF_1526_Q_reg,WX10359|CRC_OUT_2_21|test_se|CK|CRC_OUT_2_22|DFF_1526_n1
SDFFX1,DFF_1527_Q_reg,WX10361|CRC_OUT_2_22|test_se|CK|CRC_OUT_2_23|DFF_1527_n1
SDFFX1,DFF_1528_Q_reg,WX10363|CRC_OUT_2_23|test_se|CK|CRC_OUT_2_24|DFF_1528_n1
SDFFX1,DFF_1529_Q_reg,WX10365|CRC_OUT_2_24|test_se|CK|CRC_OUT_2_25|DFF_1529_n1
SDFFX1,DFF_1530_Q_reg,WX10367|CRC_OUT_2_25|test_se|CK|CRC_OUT_2_26|DFF_1530_n1
SDFFX1,DFF_1531_Q_reg,WX10369|CRC_OUT_2_26|test_se|CK|CRC_OUT_2_27|DFF_1531_n1
SDFFX1,DFF_1532_Q_reg,WX10371|CRC_OUT_2_27|test_se|CK|CRC_OUT_2_28|DFF_1532_n1
SDFFX1,DFF_1533_Q_reg,WX10373|CRC_OUT_2_28|test_se|CK|CRC_OUT_2_29|DFF_1533_n1
SDFFX1,DFF_1534_Q_reg,WX10375|CRC_OUT_2_29|test_se|CK|CRC_OUT_2_30|DFF_1534_n1
SDFFX1,DFF_1535_Q_reg,WX10377|CRC_OUT_2_30|test_se|CK|CRC_OUT_2_31|DFF_1535_n1
SDFFX1,DFF_1536_Q_reg,WX10828|CRC_OUT_2_31|test_se|CK|WX10829
SDFFX1,DFF_1537_Q_reg,WX10830|WX10829|test_se|CK|n8295|n3816
SDFFX1,DFF_1538_Q_reg,WX10832|n8295|test_se|CK|n8294|n3815
SDFFX1,DFF_1539_Q_reg,WX10834|n8294|test_se|CK|n8293|n3814
SDFFX1,DFF_1540_Q_reg,WX10836|n8293|test_se|CK|test_so89|n3813
SDFFX1,DFF_1541_Q_reg,WX10838|test_si90|test_se|CK|n8290|n3812
SDFFX1,DFF_1542_Q_reg,WX10840|n8290|test_se|CK|n8289|n3811
SDFFX1,DFF_1543_Q_reg,WX10842|n8289|test_se|CK|n8288|n3810
SDFFX1,DFF_1544_Q_reg,WX10844|n8288|test_se|CK|n8287|n3809
SDFFX1,DFF_1545_Q_reg,WX10846|n8287|test_se|CK|n8286|n3808
SDFFX1,DFF_1546_Q_reg,WX10848|n8286|test_se|CK|n8285|n3807
SDFFX1,DFF_1547_Q_reg,WX10850|n8285|test_se|CK|n8284|n3806
SDFFX1,DFF_1548_Q_reg,WX10852|n8284|test_se|CK|n8283|n3805
SDFFX1,DFF_1549_Q_reg,WX10854|n8283|test_se|CK|n8282|n3804
SDFFX1,DFF_1550_Q_reg,WX10856|n8282|test_se|CK|n8281|n3803
SDFFX1,DFF_1551_Q_reg,WX10858|n8281|test_se|CK|n8280|n3802
SDFFX1,DFF_1552_Q_reg,WX10860|n8280|test_se|CK|n8279|n3801
SDFFX1,DFF_1553_Q_reg,WX10862|n8279|test_se|CK|n8278|n3800
SDFFX1,DFF_1554_Q_reg,WX10864|n8278|test_se|CK|n8277|n3799
SDFFX1,DFF_1555_Q_reg,WX10866|n8277|test_se|CK|n8276|n3798
SDFFX1,DFF_1556_Q_reg,WX10868|n8276|test_se|CK|n8275|n3797
SDFFX1,DFF_1557_Q_reg,WX10870|n8275|test_se|CK|test_so90|n3796
SDFFX1,DFF_1558_Q_reg,WX10872|test_si91|test_se|CK|n8272|n3795
SDFFX1,DFF_1559_Q_reg,WX10874|n8272|test_se|CK|n8271|n3794
SDFFX1,DFF_1560_Q_reg,WX10876|n8271|test_se|CK|n8270|n3793
SDFFX1,DFF_1561_Q_reg,WX10878|n8270|test_se|CK|n8269|n3792
SDFFX1,DFF_1562_Q_reg,WX10880|n8269|test_se|CK|n8268|n3791
SDFFX1,DFF_1563_Q_reg,WX10882|n8268|test_se|CK|n8267|n3790
SDFFX1,DFF_1564_Q_reg,WX10884|n8267|test_se|CK|n8266|n3789
SDFFX1,DFF_1565_Q_reg,WX10886|n8266|test_se|CK|n8265|n3788
SDFFX1,DFF_1566_Q_reg,WX10888|n8265|test_se|CK|n8264|n3787
SDFFX1,DFF_1567_Q_reg,WX10890|n8264|test_se|CK|n8263|n3786
SDFFX1,DFF_1568_Q_reg,WX10988|n8263|test_se|CK|n8262|n3338
SDFFX1,DFF_1569_Q_reg,WX10990|n8262|test_se|CK|n8261|n3360
SDFFX1,DFF_1570_Q_reg,WX10992|n8261|test_se|CK|n8260|n3359
SDFFX1,DFF_1571_Q_reg,WX10994|n8260|test_se|CK|n8259|n3358
SDFFX1,DFF_1572_Q_reg,WX10996|n8259|test_se|CK|n8258|n3357
SDFFX1,DFF_1573_Q_reg,WX10998|n8258|test_se|CK|n8257|n3356
SDFFX1,DFF_1574_Q_reg,WX11000|n8257|test_se|CK|test_so91|n3355
SDFFX1,DFF_1575_Q_reg,WX11002|test_si92|test_se|CK|n8254|n3354
SDFFX1,DFF_1576_Q_reg,WX11004|n8254|test_se|CK|n8253|n3353
SDFFX1,DFF_1577_Q_reg,WX11006|n8253|test_se|CK|n8252|n3352
SDFFX1,DFF_1578_Q_reg,WX11008|n8252|test_se|CK|n8251|n3351
SDFFX1,DFF_1579_Q_reg,WX11010|n8251|test_se|CK|n8250|n3350
SDFFX1,DFF_1580_Q_reg,WX11012|n8250|test_se|CK|n8249|n3349
SDFFX1,DFF_1581_Q_reg,WX11014|n8249|test_se|CK|n8248|n3348
SDFFX1,DFF_1582_Q_reg,WX11016|n8248|test_se|CK|n8247|n3347
SDFFX1,DFF_1583_Q_reg,WX11018|n8247|test_se|CK|n8246|n3346
SDFFX1,DFF_1584_Q_reg,WX11020|n8246|test_se|CK|WX11021
SDFFX1,DFF_1585_Q_reg,WX11022|WX11021|test_se|CK|WX11023
SDFFX1,DFF_1586_Q_reg,WX11024|WX11023|test_se|CK|WX11025
SDFFX1,DFF_1587_Q_reg,WX11026|WX11025|test_se|CK|WX11027
SDFFX1,DFF_1588_Q_reg,WX11028|WX11027|test_se|CK|WX11029
SDFFX1,DFF_1589_Q_reg,WX11030|WX11029|test_se|CK|WX11031
SDFFX1,DFF_1590_Q_reg,WX11032|WX11031|test_se|CK|WX11033
SDFFX1,DFF_1591_Q_reg,WX11034|WX11033|test_se|CK|test_so92
SDFFX1,DFF_1592_Q_reg,WX11036|test_si93|test_se|CK|WX11037
SDFFX1,DFF_1593_Q_reg,WX11038|WX11037|test_se|CK|WX11039
SDFFX1,DFF_1594_Q_reg,WX11040|WX11039|test_se|CK|WX11041
SDFFX1,DFF_1595_Q_reg,WX11042|WX11041|test_se|CK|WX11043
SDFFX1,DFF_1596_Q_reg,WX11044|WX11043|test_se|CK|WX11045
SDFFX1,DFF_1597_Q_reg,WX11046|WX11045|test_se|CK|WX11047
SDFFX1,DFF_1598_Q_reg,WX11048|WX11047|test_se|CK|WX11049
SDFFX1,DFF_1599_Q_reg,WX11050|WX11049|test_se|CK|WX11051
SDFFX1,DFF_1600_Q_reg,WX11052|WX11051|test_se|CK|WX11053
SDFFX1,DFF_1601_Q_reg,WX11054|WX11053|test_se|CK|WX11055
SDFFX1,DFF_1602_Q_reg,WX11056|WX11055|test_se|CK|WX11057
SDFFX1,DFF_1603_Q_reg,WX11058|WX11057|test_se|CK|WX11059
SDFFX1,DFF_1604_Q_reg,WX11060|WX11059|test_se|CK|WX11061
SDFFX1,DFF_1605_Q_reg,WX11062|WX11061|test_se|CK|WX11063
SDFFX1,DFF_1606_Q_reg,WX11064|WX11063|test_se|CK|WX11065
SDFFX1,DFF_1607_Q_reg,WX11066|WX11065|test_se|CK|WX11067
SDFFX1,DFF_1608_Q_reg,WX11068|WX11067|test_se|CK|test_so93
SDFFX1,DFF_1609_Q_reg,WX11070|test_si94|test_se|CK|WX11071
SDFFX1,DFF_1610_Q_reg,WX11072|WX11071|test_se|CK|WX11073
SDFFX1,DFF_1611_Q_reg,WX11074|WX11073|test_se|CK|WX11075
SDFFX1,DFF_1612_Q_reg,WX11076|WX11075|test_se|CK|WX11077
SDFFX1,DFF_1613_Q_reg,WX11078|WX11077|test_se|CK|WX11079
SDFFX1,DFF_1614_Q_reg,WX11080|WX11079|test_se|CK|WX11081
SDFFX1,DFF_1615_Q_reg,WX11082|WX11081|test_se|CK|WX11083
SDFFX1,DFF_1616_Q_reg,WX11084|WX11083|test_se|CK|WX11085|n3561
SDFFX1,DFF_1617_Q_reg,WX11086|WX11085|test_se|CK|WX11087|n3559
SDFFX1,DFF_1618_Q_reg,WX11088|WX11087|test_se|CK|WX11089|n3557
SDFFX1,DFF_1619_Q_reg,WX11090|WX11089|test_se|CK|WX11091|n3555
SDFFX1,DFF_1620_Q_reg,WX11092|WX11091|test_se|CK|WX11093|n3553
SDFFX1,DFF_1621_Q_reg,WX11094|WX11093|test_se|CK|WX11095|n3551
SDFFX1,DFF_1622_Q_reg,WX11096|WX11095|test_se|CK|WX11097|n3549
SDFFX1,DFF_1623_Q_reg,WX11098|WX11097|test_se|CK|WX11099|n3547
SDFFX1,DFF_1624_Q_reg,WX11100|WX11099|test_se|CK|WX11101|n3545
SDFFX1,DFF_1625_Q_reg,WX11102|WX11101|test_se|CK|test_so94|n3543
SDFFX1,DFF_1626_Q_reg,WX11104|test_si95|test_se|CK|WX11105|n3541
SDFFX1,DFF_1627_Q_reg,WX11106|WX11105|test_se|CK|WX11107|n3539
SDFFX1,DFF_1628_Q_reg,WX11108|WX11107|test_se|CK|WX11109|n3537
SDFFX1,DFF_1629_Q_reg,WX11110|WX11109|test_se|CK|WX11111|n3535
SDFFX1,DFF_1630_Q_reg,WX11112|WX11111|test_se|CK|WX11113|n3533
SDFFX1,DFF_1631_Q_reg,WX11114|WX11113|test_se|CK|WX11115|n3531
SDFFX1,DFF_1632_Q_reg,WX11116|WX11115|test_se|CK|WX11117
SDFFX1,DFF_1633_Q_reg,WX11118|WX11117|test_se|CK|WX11119
SDFFX1,DFF_1634_Q_reg,WX11120|WX11119|test_se|CK|WX11121
SDFFX1,DFF_1635_Q_reg,WX11122|WX11121|test_se|CK|WX11123
SDFFX1,DFF_1636_Q_reg,WX11124|WX11123|test_se|CK|WX11125
SDFFX1,DFF_1637_Q_reg,WX11126|WX11125|test_se|CK|WX11127
SDFFX1,DFF_1638_Q_reg,WX11128|WX11127|test_se|CK|WX11129
SDFFX1,DFF_1639_Q_reg,WX11130|WX11129|test_se|CK|WX11131
SDFFX1,DFF_1640_Q_reg,WX11132|WX11131|test_se|CK|WX11133
SDFFX1,DFF_1641_Q_reg,WX11134|WX11133|test_se|CK|WX11135
SDFFX1,DFF_1642_Q_reg,WX11136|WX11135|test_se|CK|test_so95
SDFFX1,DFF_1643_Q_reg,WX11138|test_si96|test_se|CK|WX11139
SDFFX1,DFF_1644_Q_reg,WX11140|WX11139|test_se|CK|WX11141
SDFFX1,DFF_1645_Q_reg,WX11142|WX11141|test_se|CK|WX11143
SDFFX1,DFF_1646_Q_reg,WX11144|WX11143|test_se|CK|WX11145
SDFFX1,DFF_1647_Q_reg,WX11146|WX11145|test_se|CK|WX11147
SDFFX1,DFF_1648_Q_reg,WX11148|WX11147|test_se|CK|WX11149
SDFFX1,DFF_1649_Q_reg,WX11150|WX11149|test_se|CK|WX11151
SDFFX1,DFF_1650_Q_reg,WX11152|WX11151|test_se|CK|WX11153
SDFFX1,DFF_1651_Q_reg,WX11154|WX11153|test_se|CK|WX11155
SDFFX1,DFF_1652_Q_reg,WX11156|WX11155|test_se|CK|WX11157
SDFFX1,DFF_1653_Q_reg,WX11158|WX11157|test_se|CK|WX11159
SDFFX1,DFF_1654_Q_reg,WX11160|WX11159|test_se|CK|WX11161
SDFFX1,DFF_1655_Q_reg,WX11162|WX11161|test_se|CK|WX11163
SDFFX1,DFF_1656_Q_reg,WX11164|WX11163|test_se|CK|WX11165
SDFFX1,DFF_1657_Q_reg,WX11166|WX11165|test_se|CK|WX11167
SDFFX1,DFF_1658_Q_reg,WX11168|WX11167|test_se|CK|WX11169
SDFFX1,DFF_1659_Q_reg,WX11170|WX11169|test_se|CK|test_so96
SDFFX1,DFF_1660_Q_reg,WX11172|test_si97|test_se|CK|WX11173
SDFFX1,DFF_1661_Q_reg,WX11174|WX11173|test_se|CK|WX11175
SDFFX1,DFF_1662_Q_reg,WX11176|WX11175|test_se|CK|WX11177
SDFFX1,DFF_1663_Q_reg,WX11178|WX11177|test_se|CK|WX11179
SDFFX1,DFF_1664_Q_reg,WX11180|WX11179|test_se|CK|WX11181
SDFFX1,DFF_1665_Q_reg,WX11182|WX11181|test_se|CK|WX11183
SDFFX1,DFF_1666_Q_reg,WX11184|WX11183|test_se|CK|WX11185
SDFFX1,DFF_1667_Q_reg,WX11186|WX11185|test_se|CK|WX11187
SDFFX1,DFF_1668_Q_reg,WX11188|WX11187|test_se|CK|WX11189
SDFFX1,DFF_1669_Q_reg,WX11190|WX11189|test_se|CK|WX11191
SDFFX1,DFF_1670_Q_reg,WX11192|WX11191|test_se|CK|WX11193
SDFFX1,DFF_1671_Q_reg,WX11194|WX11193|test_se|CK|WX11195
SDFFX1,DFF_1672_Q_reg,WX11196|WX11195|test_se|CK|WX11197
SDFFX1,DFF_1673_Q_reg,WX11198|WX11197|test_se|CK|WX11199
SDFFX1,DFF_1674_Q_reg,WX11200|WX11199|test_se|CK|WX11201
SDFFX1,DFF_1675_Q_reg,WX11202|WX11201|test_se|CK|WX11203
SDFFX1,DFF_1676_Q_reg,WX11204|WX11203|test_se|CK|test_so97
SDFFX1,DFF_1677_Q_reg,WX11206|test_si98|test_se|CK|WX11207
SDFFX1,DFF_1678_Q_reg,WX11208|WX11207|test_se|CK|WX11209
SDFFX1,DFF_1679_Q_reg,WX11210|WX11209|test_se|CK|WX11211
SDFFX1,DFF_1680_Q_reg,WX11212|WX11211|test_se|CK|WX11213
SDFFX1,DFF_1681_Q_reg,WX11214|WX11213|test_se|CK|WX11215
SDFFX1,DFF_1682_Q_reg,WX11216|WX11215|test_se|CK|WX11217
SDFFX1,DFF_1683_Q_reg,WX11218|WX11217|test_se|CK|WX11219
SDFFX1,DFF_1684_Q_reg,WX11220|WX11219|test_se|CK|WX11221
SDFFX1,DFF_1685_Q_reg,WX11222|WX11221|test_se|CK|WX11223
SDFFX1,DFF_1686_Q_reg,WX11224|WX11223|test_se|CK|WX11225
SDFFX1,DFF_1687_Q_reg,WX11226|WX11225|test_se|CK|WX11227
SDFFX1,DFF_1688_Q_reg,WX11228|WX11227|test_se|CK|WX11229
SDFFX1,DFF_1689_Q_reg,WX11230|WX11229|test_se|CK|WX11231
SDFFX1,DFF_1690_Q_reg,WX11232|WX11231|test_se|CK|WX11233
SDFFX1,DFF_1691_Q_reg,WX11234|WX11233|test_se|CK|WX11235
SDFFX1,DFF_1692_Q_reg,WX11236|WX11235|test_se|CK|WX11237
SDFFX1,DFF_1693_Q_reg,WX11238|WX11237|test_se|CK|test_so98
SDFFX1,DFF_1694_Q_reg,WX11240|test_si99|test_se|CK|WX11241
SDFFX1,DFF_1695_Q_reg,WX11242|WX11241|test_se|CK|WX11243
SDFFX1,DFF_1696_Q_reg,WX11608|WX11243|test_se|CK|CRC_OUT_1_0|DFF_1696_n1
SDFFX1,DFF_1697_Q_reg,WX11610|CRC_OUT_1_0|test_se|CK|CRC_OUT_1_1|DFF_1697_n1
SDFFX1,DFF_1698_Q_reg,WX11612|CRC_OUT_1_1|test_se|CK|CRC_OUT_1_2|DFF_1698_n1
SDFFX1,DFF_1699_Q_reg,WX11614|CRC_OUT_1_2|test_se|CK|CRC_OUT_1_3|DFF_1699_n1
SDFFX1,DFF_1700_Q_reg,WX11616|CRC_OUT_1_3|test_se|CK|CRC_OUT_1_4|DFF_1700_n1
SDFFX1,DFF_1701_Q_reg,WX11618|CRC_OUT_1_4|test_se|CK|CRC_OUT_1_5|DFF_1701_n1
SDFFX1,DFF_1702_Q_reg,WX11620|CRC_OUT_1_5|test_se|CK|CRC_OUT_1_6|DFF_1702_n1
SDFFX1,DFF_1703_Q_reg,WX11622|CRC_OUT_1_6|test_se|CK|CRC_OUT_1_7|DFF_1703_n1
SDFFX1,DFF_1704_Q_reg,WX11624|CRC_OUT_1_7|test_se|CK|CRC_OUT_1_8|DFF_1704_n1
SDFFX1,DFF_1705_Q_reg,WX11626|CRC_OUT_1_8|test_se|CK|CRC_OUT_1_9|DFF_1705_n1
SDFFX1,DFF_1706_Q_reg,WX11628|CRC_OUT_1_9|test_se|CK|CRC_OUT_1_10|DFF_1706_n1
SDFFX1,DFF_1707_Q_reg,WX11630|CRC_OUT_1_10|test_se|CK|CRC_OUT_1_11|DFF_1707_n1
SDFFX1,DFF_1708_Q_reg,WX11632|CRC_OUT_1_11|test_se|CK|CRC_OUT_1_12|DFF_1708_n1
SDFFX1,DFF_1709_Q_reg,WX11634|CRC_OUT_1_12|test_se|CK|CRC_OUT_1_13|DFF_1709_n1
SDFFX1,DFF_1710_Q_reg,WX11636|CRC_OUT_1_13|test_se|CK|CRC_OUT_1_14|DFF_1710_n1
SDFFX1,DFF_1711_Q_reg,WX11638|test_si100|test_se|CK|CRC_OUT_1_15|DFF_1711_n1
SDFFX1,DFF_1712_Q_reg,WX11640|CRC_OUT_1_15|test_se|CK|CRC_OUT_1_16|DFF_1712_n1
SDFFX1,DFF_1713_Q_reg,WX11642|CRC_OUT_1_16|test_se|CK|CRC_OUT_1_17|DFF_1713_n1
SDFFX1,DFF_1714_Q_reg,WX11644|CRC_OUT_1_17|test_se|CK|CRC_OUT_1_18|DFF_1714_n1
SDFFX1,DFF_1715_Q_reg,WX11646|CRC_OUT_1_18|test_se|CK|CRC_OUT_1_19|DFF_1715_n1
SDFFX1,DFF_1716_Q_reg,WX11648|CRC_OUT_1_19|test_se|CK|CRC_OUT_1_20|DFF_1716_n1
SDFFX1,DFF_1717_Q_reg,WX11650|CRC_OUT_1_20|test_se|CK|CRC_OUT_1_21|DFF_1717_n1
SDFFX1,DFF_1718_Q_reg,WX11652|CRC_OUT_1_21|test_se|CK|CRC_OUT_1_22|DFF_1718_n1
SDFFX1,DFF_1719_Q_reg,WX11654|CRC_OUT_1_22|test_se|CK|CRC_OUT_1_23|DFF_1719_n1
SDFFX1,DFF_1720_Q_reg,WX11656|CRC_OUT_1_23|test_se|CK|CRC_OUT_1_24|DFF_1720_n1
SDFFX1,DFF_1721_Q_reg,WX11658|CRC_OUT_1_24|test_se|CK|CRC_OUT_1_25|DFF_1721_n1
SDFFX1,DFF_1722_Q_reg,WX11660|CRC_OUT_1_25|test_se|CK|CRC_OUT_1_26|DFF_1722_n1
SDFFX1,DFF_1723_Q_reg,WX11662|CRC_OUT_1_26|test_se|CK|CRC_OUT_1_27|DFF_1723_n1
SDFFX1,DFF_1724_Q_reg,WX11664|CRC_OUT_1_27|test_se|CK|CRC_OUT_1_28|DFF_1724_n1
SDFFX1,DFF_1725_Q_reg,WX11666|CRC_OUT_1_28|test_se|CK|CRC_OUT_1_29|DFF_1725_n1
SDFFX1,DFF_1726_Q_reg,WX11668|CRC_OUT_1_29|test_se|CK|CRC_OUT_1_30|DFF_1726_n1
SDFFX1,DFF_1727_Q_reg,WX11670|CRC_OUT_1_30|test_se|CK|CRC_OUT_1_31|DFF_1727_n1
NBUFFX2,U3370,n4117|n4040
NBUFFX2,U3371,n4117|n4041
NBUFFX2,U3372,n4118|n4038
NBUFFX2,U3373,n4118|n4039
NBUFFX2,U3374,n4105|n4064
NBUFFX2,U3375,n4105|n4065
NBUFFX2,U3376,n4104|n4066
NBUFFX2,U3377,n4104|n4067
NBUFFX2,U3378,n4103|n4068
NBUFFX2,U3379,n4103|n4069
NBUFFX2,U3380,n4102|n4070
NBUFFX2,U3381,n4102|n4071
NBUFFX2,U3382,n4101|n4072
NBUFFX2,U3383,n4101|n4073
NBUFFX2,U3384,n4100|n4074
NBUFFX2,U3385,n4100|n4075
NBUFFX2,U3386,n4099|n4076
NBUFFX2,U3387,n4099|n4077
NBUFFX2,U3388,n4098|n4078
NBUFFX2,U3389,n4098|n4079
NBUFFX2,U3390,n4097|n4080
NBUFFX2,U3391,n4093|n4088
NBUFFX2,U3392,n4093|n4089
NBUFFX2,U3393,n4116|n4042
NBUFFX2,U3394,n4116|n4043
NBUFFX2,U3395,n4115|n4044
NBUFFX2,U3396,n4115|n4045
NBUFFX2,U3397,n4114|n4046
NBUFFX2,U3398,n4114|n4047
NBUFFX2,U3399,n4113|n4048
NBUFFX2,U3400,n4113|n4049
NBUFFX2,U3401,n4112|n4050
NBUFFX2,U3402,n4112|n4051
NBUFFX2,U3403,n4111|n4052
NBUFFX2,U3404,n4111|n4053
NBUFFX2,U3405,n4110|n4054
NBUFFX2,U3406,n4110|n4055
NBUFFX2,U3407,n4109|n4056
NBUFFX2,U3408,n4109|n4057
NBUFFX2,U3409,n4108|n4058
NBUFFX2,U3410,n4108|n4059
NBUFFX2,U3411,n4107|n4060
NBUFFX2,U3412,n4107|n4061
NBUFFX2,U3413,n4106|n4062
NBUFFX2,U3414,n4106|n4063
NBUFFX2,U3415,n4097|n4081
NBUFFX2,U3416,n4096|n4082
NBUFFX2,U3417,n4096|n4083
NBUFFX2,U3418,n4095|n4084
NBUFFX2,U3419,n4095|n4085
NBUFFX2,U3420,n4094|n4086
NBUFFX2,U3421,n4094|n4087
NBUFFX2,U3422,n4237|n4172
NBUFFX2,U3423,n4237|n4173
NBUFFX2,U3424,n4236|n4174
NBUFFX2,U3425,n4236|n4175
NBUFFX2,U3426,n4235|n4176
NBUFFX2,U3427,n4235|n4177
NBUFFX2,U3428,n4234|n4178
NBUFFX2,U3429,n4233|n4180
NBUFFX2,U3430,n4233|n4181
NBUFFX2,U3431,n4232|n4182
NBUFFX2,U3432,n4232|n4183
NBUFFX2,U3433,n4231|n4184
NBUFFX2,U3434,n4231|n4185
NBUFFX2,U3435,n4230|n4186
NBUFFX2,U3436,n4230|n4187
NBUFFX2,U3437,n4229|n4188
NBUFFX2,U3438,n4229|n4189
NBUFFX2,U3439,n4228|n4190
NBUFFX2,U3440,n4228|n4191
NBUFFX2,U3441,n4227|n4192
NBUFFX2,U3442,n4227|n4193
NBUFFX2,U3443,n4226|n4194
NBUFFX2,U3444,n4226|n4195
NBUFFX2,U3445,n4225|n4196
NBUFFX2,U3446,n4224|n4198
NBUFFX2,U3447,n4225|n4197
NBUFFX2,U3448,n4224|n4199
NBUFFX2,U3449,n4223|n4200
NBUFFX2,U3450,n4251|n4144
NBUFFX2,U3451,n4251|n4145
NBUFFX2,U3452,n4250|n4146
NBUFFX2,U3453,n4250|n4147
NBUFFX2,U3454,n4249|n4148
NBUFFX2,U3455,n4249|n4149
NBUFFX2,U3456,n4248|n4150
NBUFFX2,U3457,n4248|n4151
NBUFFX2,U3458,n4247|n4152
NBUFFX2,U3459,n4247|n4153
NBUFFX2,U3460,n4246|n4154
NBUFFX2,U3461,n4246|n4155
NBUFFX2,U3462,n4245|n4156
NBUFFX2,U3463,n4245|n4157
NBUFFX2,U3464,n4244|n4158
NBUFFX2,U3465,n4244|n4159
NBUFFX2,U3466,n4243|n4160
NBUFFX2,U3467,n4243|n4161
NBUFFX2,U3468,n4234|n4179
NBUFFX2,U3469,n4242|n4162
NBUFFX2,U3470,n4242|n4163
NBUFFX2,U3471,n4241|n4164
NBUFFX2,U3472,n4241|n4165
NBUFFX2,U3473,n4240|n4166
NBUFFX2,U3474,n4240|n4167
NBUFFX2,U3475,n4239|n4168
NBUFFX2,U3476,n4239|n4169
NBUFFX2,U3477,n4238|n4170
NBUFFX2,U3478,n4238|n4171
NBUFFX2,U3479,n4223|n4201
NBUFFX2,U3480,n4222|n4203
NBUFFX2,U3481,n4222|n4202
NBUFFX2,U3482,n4221|n4204
NBUFFX2,U3483,n4220|n4207
NBUFFX2,U3484,n4220|n4206
NBUFFX2,U3485,n4221|n4205
NBUFFX2,U3486,n4120|n4034
NBUFFX2,U3487,n4120|n4035
NBUFFX2,U3488,n4119|n4036
NBUFFX2,U3489,n4119|n4037
NBUFFX2,U3490,n4092|n4090
NBUFFX2,U3491,n4217|n4212
NBUFFX2,U3492,n4218|n4211
NBUFFX2,U3493,n4219|n4209
NBUFFX2,U3494,n4219|n4208
NBUFFX2,U3495,n4218|n4210
NBUFFX2,U3496,n4217|n4213
NBUFFX2,U3497,n4216|n4214
NBUFFX2,U3498,n4216|n4215
NBUFFX2,U3499,n4092|n4091
NBUFFX2,U3500,n4259|n4237
NBUFFX2,U3501,n4259|n4236
NBUFFX2,U3502,n4122|n4117
NBUFFX2,U3503,n4260|n4235
NBUFFX2,U3504,n4122|n4118
NBUFFX2,U3505,n4261|n4233
NBUFFX2,U3506,n4128|n4105
NBUFFX2,U3507,n4261|n4232
NBUFFX2,U3508,n4129|n4104
NBUFFX2,U3509,n4262|n4231
NBUFFX2,U3510,n4129|n4103
NBUFFX2,U3511,n4262|n4230
NBUFFX2,U3512,n4263|n4229
NBUFFX2,U3513,n4130|n4102
NBUFFX2,U3514,n4263|n4228
NBUFFX2,U3515,n4130|n4101
NBUFFX2,U3516,n4264|n4227
NBUFFX2,U3517,n4131|n4100
NBUFFX2,U3518,n4264|n4226
NBUFFX2,U3519,n4131|n4099
NBUFFX2,U3520,n4265|n4225
NBUFFX2,U3521,n4265|n4224
NBUFFX2,U3522,n4132|n4098
NBUFFX2,U3523,n4134|n4093
NBUFFX2,U3524,n4252|n4251
NBUFFX2,U3525,n4252|n4250
NBUFFX2,U3526,n4123|n4116
NBUFFX2,U3527,n4253|n4249
NBUFFX2,U3528,n4123|n4115
NBUFFX2,U3529,n4253|n4248
NBUFFX2,U3530,n4124|n4114
NBUFFX2,U3531,n4254|n4247
NBUFFX2,U3532,n4124|n4113
NBUFFX2,U3533,n4254|n4246
NBUFFX2,U3534,n4125|n4112
NBUFFX2,U3535,n4255|n4245
NBUFFX2,U3536,n4125|n4111
NBUFFX2,U3537,n4255|n4244
NBUFFX2,U3538,n4256|n4243
NBUFFX2,U3539,n4260|n4234
NBUFFX2,U3540,n4126|n4110
NBUFFX2,U3541,n4256|n4242
NBUFFX2,U3542,n4126|n4109
NBUFFX2,U3543,n4257|n4241
NBUFFX2,U3544,n4127|n4108
NBUFFX2,U3545,n4257|n4240
NBUFFX2,U3546,n4258|n4239
NBUFFX2,U3547,n4127|n4107
NBUFFX2,U3548,n4258|n4238
NBUFFX2,U3549,n4128|n4106
NBUFFX2,U3550,n4266|n4223
NBUFFX2,U3551,n4132|n4097
NBUFFX2,U3552,n4266|n4222
NBUFFX2,U3553,n4133|n4096
NBUFFX2,U3554,n4133|n4095
NBUFFX2,U3555,n4267|n4220
NBUFFX2,U3556,n4267|n4221
NBUFFX2,U3557,n4134|n4094
ISOLANDX1,U3558,n4479|n4586|n2245
NBUFFX2,U3559,n4482|n4474
NBUFFX2,U3560,n4482|n4475
NBUFFX2,U3561,n4481|n4476
NBUFFX2,U3562,n4481|n4477
NBUFFX2,U3563,n4480|n4478
NBUFFX2,U3564,n4507|n4424
NBUFFX2,U3565,n4507|n4425
NBUFFX2,U3566,n4506|n4426
NBUFFX2,U3567,n4506|n4427
NBUFFX2,U3568,n4505|n4428
NBUFFX2,U3569,n4505|n4429
NBUFFX2,U3570,n4504|n4430
NBUFFX2,U3571,n4504|n4431
NBUFFX2,U3572,n4503|n4432
NBUFFX2,U3573,n4503|n4433
NBUFFX2,U3574,n4502|n4434
NBUFFX2,U3575,n4502|n4435
NBUFFX2,U3576,n4501|n4436
NBUFFX2,U3577,n4501|n4437
NBUFFX2,U3578,n4500|n4438
NBUFFX2,U3579,n4500|n4439
NBUFFX2,U3580,n4499|n4440
NBUFFX2,U3581,n4499|n4441
NBUFFX2,U3582,n4495|n4449
NBUFFX2,U3583,n4494|n4450
NBUFFX2,U3584,n4494|n4451
NBUFFX2,U3585,n4493|n4452
NBUFFX2,U3586,n4493|n4453
NBUFFX2,U3587,n4492|n4454
NBUFFX2,U3588,n4492|n4455
NBUFFX2,U3589,n4491|n4456
NBUFFX2,U3590,n4491|n4457
NBUFFX2,U3591,n4490|n4458
NBUFFX2,U3592,n4490|n4459
NBUFFX2,U3593,n4489|n4460
NBUFFX2,U3594,n4489|n4461
NBUFFX2,U3595,n4488|n4462
NBUFFX2,U3596,n4488|n4463
NBUFFX2,U3597,n4487|n4464
NBUFFX2,U3598,n4487|n4465
NBUFFX2,U3599,n4486|n4466
NBUFFX2,U3600,n4486|n4467
NBUFFX2,U3601,n4485|n4468
NBUFFX2,U3602,n4485|n4469
NBUFFX2,U3603,n4484|n4470
NBUFFX2,U3604,n4484|n4471
NBUFFX2,U3605,n4483|n4472
NBUFFX2,U3606,n4483|n4473
NBUFFX2,U3607,n4498|n4442
NBUFFX2,U3608,n4498|n4443
NBUFFX2,U3609,n4497|n4444
NBUFFX2,U3610,n4497|n4445
NBUFFX2,U3611,n4496|n4446
NBUFFX2,U3612,n4496|n4447
NBUFFX2,U3613,n4495|n4448
NBUFFX2,U3614,n4480|n4479
NBUFFX2,U3615,n4275|n4259
NBUFFX2,U3616,n4142|n4122
NBUFFX2,U3617,n4274|n4261
NBUFFX2,U3618,n4139|n4129
NBUFFX2,U3619,n4273|n4262
NBUFFX2,U3620,n4273|n4263
NBUFFX2,U3621,n4138|n4130
NBUFFX2,U3622,n4272|n4264
NBUFFX2,U3623,n4138|n4131
NBUFFX2,U3624,n4272|n4265
NBUFFX2,U3625,n4278|n4252
NBUFFX2,U3626,n4142|n4123
NBUFFX2,U3627,n4278|n4253
NBUFFX2,U3628,n4141|n4124
NBUFFX2,U3629,n4277|n4254
NBUFFX2,U3630,n4141|n4125
NBUFFX2,U3631,n4277|n4255
NBUFFX2,U3632,n4274|n4260
NBUFFX2,U3633,n4276|n4256
NBUFFX2,U3634,n4140|n4126
NBUFFX2,U3635,n4276|n4257
NBUFFX2,U3636,n4140|n4127
NBUFFX2,U3637,n4275|n4258
NBUFFX2,U3638,n4139|n4128
NBUFFX2,U3639,n4137|n4132
NBUFFX2,U3640,n4271|n4266
NBUFFX2,U3641,n4137|n4133
NBUFFX2,U3642,n4271|n4267
NBUFFX2,U3643,n4136|n4134
NBUFFX2,U3644,n4121|n4119
NBUFFX2,U3645,n4121|n4120
NBUFFX2,U3646,n4269|n4217
NBUFFX2,U3647,n4135|n4092
NBUFFX2,U3648,n4136|n4135
NBUFFX2,U3649,n4268|n4219
NBUFFX2,U3650,n4268|n4218
NBUFFX2,U3651,n4269|n4216
NBUFFX2,U3652,n4679|n4558
NBUFFX2,U3653,n4377|n4312
NBUFFX2,U3654,n4377|n4313
NBUFFX2,U3655,n4376|n4314
NBUFFX2,U3656,n4376|n4315
NBUFFX2,U3657,n4375|n4316
NBUFFX2,U3658,n4375|n4317
NBUFFX2,U3659,n4374|n4318
NBUFFX2,U3660,n4373|n4320
NBUFFX2,U3661,n4373|n4321
NBUFFX2,U3662,n4372|n4322
NBUFFX2,U3663,n4372|n4323
NBUFFX2,U3664,n4371|n4324
NBUFFX2,U3665,n4371|n4325
NBUFFX2,U3666,n4370|n4326
NBUFFX2,U3667,n4370|n4327
NBUFFX2,U3668,n4369|n4328
NBUFFX2,U3669,n4369|n4329
NBUFFX2,U3670,n4368|n4330
NBUFFX2,U3671,n4368|n4331
NBUFFX2,U3672,n4367|n4332
NBUFFX2,U3673,n4367|n4333
NBUFFX2,U3674,n4366|n4334
NBUFFX2,U3675,n4366|n4335
NBUFFX2,U3676,n4365|n4336
NBUFFX2,U3677,n4364|n4338
NBUFFX2,U3678,n4365|n4337
NBUFFX2,U3679,n4364|n4339
NBUFFX2,U3680,n4363|n4340
NBUFFX2,U3681,n4391|n4284
NBUFFX2,U3682,n4391|n4285
NBUFFX2,U3683,n4390|n4286
NBUFFX2,U3684,n4390|n4287
NBUFFX2,U3685,n4389|n4288
NBUFFX2,U3686,n4389|n4289
NBUFFX2,U3687,n4388|n4290
NBUFFX2,U3688,n4388|n4291
NBUFFX2,U3689,n4387|n4292
NBUFFX2,U3690,n4387|n4293
NBUFFX2,U3691,n4386|n4294
NBUFFX2,U3692,n4386|n4295
NBUFFX2,U3693,n4385|n4296
NBUFFX2,U3694,n4385|n4297
NBUFFX2,U3695,n4384|n4298
NBUFFX2,U3696,n4384|n4299
NBUFFX2,U3697,n4383|n4300
NBUFFX2,U3698,n4383|n4301
NBUFFX2,U3699,n4374|n4319
NBUFFX2,U3700,n4382|n4302
NBUFFX2,U3701,n4382|n4303
NBUFFX2,U3702,n4381|n4304
NBUFFX2,U3703,n4381|n4305
NBUFFX2,U3704,n4380|n4306
NBUFFX2,U3705,n4380|n4307
NBUFFX2,U3706,n4379|n4308
NBUFFX2,U3707,n4379|n4309
NBUFFX2,U3708,n4378|n4310
NBUFFX2,U3709,n4378|n4311
NBUFFX2,U3710,n4363|n4341
NBUFFX2,U3711,n4362|n4343
NBUFFX2,U3712,n4362|n4342
NBUFFX2,U3713,n4361|n4344
NBUFFX2,U3714,n4360|n4347
NBUFFX2,U3715,n4360|n4346
NBUFFX2,U3716,n4361|n4345
NBUFFX2,U3717,n2153|n4138
NBUFFX2,U3718,n2153|n4142
NBUFFX2,U3719,n2153|n4141
NBUFFX2,U3720,n2153|n4140
NBUFFX2,U3721,n2153|n4139
NBUFFX2,U3722,n2153|n4137
NBUFFX2,U3723,n2153|n4136
NBUFFX2,U3724,n4281|n4273
NBUFFX2,U3725,n4282|n4272
NBUFFX2,U3726,n4279|n4278
NBUFFX2,U3727,n4279|n4277
NBUFFX2,U3728,n4281|n4274
NBUFFX2,U3729,n4280|n4276
NBUFFX2,U3730,n4280|n4275
NBUFFX2,U3731,n4282|n4271
NBUFFX2,U3732,n4143|n4121
NBUFFX2,U3733,n2153|n4143
NBUFFX2,U3734,n4270|n4268
NBUFFX2,U3735,n4270|n4269
NBUFFX2,U3736,n4521|n4480
NBUFFX2,U3737,n4520|n4482
NBUFFX2,U3738,n4521|n4481
NBUFFX2,U3739,n4508|n4507
NBUFFX2,U3740,n4508|n4506
NBUFFX2,U3741,n4509|n4505
NBUFFX2,U3742,n4509|n4504
NBUFFX2,U3743,n4510|n4503
NBUFFX2,U3744,n4510|n4502
NBUFFX2,U3745,n4511|n4501
NBUFFX2,U3746,n4511|n4500
NBUFFX2,U3747,n4512|n4499
NBUFFX2,U3748,n4514|n4494
NBUFFX2,U3749,n4515|n4493
NBUFFX2,U3750,n4515|n4492
NBUFFX2,U3751,n4516|n4491
NBUFFX2,U3752,n4516|n4490
NBUFFX2,U3753,n4517|n4489
NBUFFX2,U3754,n4517|n4488
NBUFFX2,U3755,n4518|n4487
NBUFFX2,U3756,n4518|n4486
NBUFFX2,U3757,n4519|n4485
NBUFFX2,U3758,n4519|n4484
NBUFFX2,U3759,n4520|n4483
NBUFFX2,U3760,n4512|n4498
NBUFFX2,U3761,n4513|n4497
NBUFFX2,U3762,n4513|n4496
NBUFFX2,U3763,n4514|n4495
NBUFFX2,U3764,n4667|n4581
NBUFFX2,U3765,n4667|n4582
NBUFFX2,U3766,n4666|n4583
NBUFFX2,U3767,n4665|n4585
NBUFFX2,U3768,n4665|n4586
NBUFFX2,U3769,n4664|n4587
NBUFFX2,U3770,n4654|n4608
NBUFFX2,U3771,n4653|n4609
NBUFFX2,U3772,n4653|n4610
NBUFFX2,U3773,n4652|n4611
NBUFFX2,U3774,n4652|n4612
NBUFFX2,U3775,n4651|n4613
NBUFFX2,U3776,n4654|n4607
NBUFFX2,U3777,n4641|n4634
NBUFFX2,U3778,n4640|n4635
NBUFFX2,U3779,n4640|n4636
NBUFFX2,U3780,n4649|n4617
NBUFFX2,U3781,n4649|n4618
NBUFFX2,U3782,n4648|n4619
NBUFFX2,U3783,n4648|n4620
NBUFFX2,U3784,n4647|n4621
NBUFFX2,U3785,n4645|n4625
NBUFFX2,U3786,n4645|n4626
NBUFFX2,U3787,n4644|n4627
NBUFFX2,U3788,n4669|n4578
NBUFFX2,U3789,n4669|n4577
NBUFFX2,U3790,n4670|n4576
NBUFFX2,U3791,n4670|n4575
NBUFFX2,U3792,n4671|n4573
NBUFFX2,U3793,n4672|n4572
NBUFFX2,U3794,n4671|n4574
NBUFFX2,U3795,n4664|n4588
NBUFFX2,U3796,n4663|n4589
NBUFFX2,U3797,n4663|n4590
NBUFFX2,U3798,n4662|n4591
NBUFFX2,U3799,n4662|n4592
NBUFFX2,U3800,n4661|n4593
NBUFFX2,U3801,n4661|n4594
NBUFFX2,U3802,n4660|n4595
NBUFFX2,U3803,n4666|n4584
NBUFFX2,U3804,n4668|n4579
NBUFFX2,U3805,n4668|n4580
NBUFFX2,U3806,n4651|n4614
NBUFFX2,U3807,n4650|n4615
NBUFFX2,U3808,n4650|n4616
NBUFFX2,U3809,n4660|n4596
NBUFFX2,U3810,n4659|n4597
NBUFFX2,U3811,n4659|n4598
NBUFFX2,U3812,n4658|n4599
NBUFFX2,U3813,n4658|n4600
NBUFFX2,U3814,n4657|n4601
NBUFFX2,U3815,n4657|n4602
NBUFFX2,U3816,n4656|n4603
NBUFFX2,U3817,n4656|n4604
NBUFFX2,U3818,n4655|n4605
NBUFFX2,U3819,n4655|n4606
NBUFFX2,U3820,n4644|n4628
NBUFFX2,U3821,n4643|n4629
NBUFFX2,U3822,n4643|n4630
NBUFFX2,U3823,n4642|n4631
NBUFFX2,U3824,n4642|n4632
NBUFFX2,U3825,n4641|n4633
NBUFFX2,U3826,n4647|n4622
NBUFFX2,U3827,n4646|n4623
NBUFFX2,U3828,n4646|n4624
NBUFFX2,U3829,n4678|n4559
NBUFFX2,U3830,n4677|n4561
NBUFFX2,U3831,n4679|n4557
NBUFFX2,U3832,n4675|n4565
NBUFFX2,U3833,n4676|n4564
NBUFFX2,U3834,n4680|n4556
NBUFFX2,U3835,n4676|n4563
NBUFFX2,U3836,n4677|n4562
NBUFFX2,U3837,n4678|n4560
NBUFFX2,U3838,n4674|n4568
NBUFFX2,U3839,n4673|n4570
NBUFFX2,U3840,n4673|n4569
NBUFFX2,U3841,n4675|n4566
NBUFFX2,U3842,n4674|n4567
NBUFFX2,U3843,n4692|n4532
NBUFFX2,U3844,n4692|n4531
NBUFFX2,U3845,n4683|n4549
NBUFFX2,U3846,n4683|n4550
NBUFFX2,U3847,n4682|n4551
NBUFFX2,U3848,n4688|n4540
NBUFFX2,U3849,n4687|n4541
NBUFFX2,U3850,n4684|n4547
NBUFFX2,U3851,n4685|n4545
NBUFFX2,U3852,n4693|n4529
NBUFFX2,U3853,n4680|n4555
NBUFFX2,U3854,n4682|n4552
NBUFFX2,U3855,n4681|n4554
NBUFFX2,U3856,n4681|n4553
NBUFFX2,U3857,n4684|n4548
NBUFFX2,U3858,n4693|n4530
NBUFFX2,U3859,n4689|n4537
NBUFFX2,U3860,n4689|n4538
NBUFFX2,U3861,n4685|n4546
NBUFFX2,U3862,n4686|n4544
NBUFFX2,U3863,n4686|n4543
NBUFFX2,U3864,n4687|n4542
NBUFFX2,U3865,n4688|n4539
NBUFFX2,U3866,n4690|n4535
NBUFFX2,U3867,n4691|n4534
NBUFFX2,U3868,n4691|n4533
NBUFFX2,U3869,n4690|n4536
NBUFFX2,U3870,n4672|n4571
ISOLANDX1,U3871,n3278|n4766|n2153
NOR2X0,U3872,n4558|n4743|n3278
NBUFFX2,U3873,n4357|n4352
NBUFFX2,U3874,n4358|n4351
NBUFFX2,U3875,n4359|n4349
NBUFFX2,U3876,n4359|n4348
NBUFFX2,U3877,n4358|n4350
NBUFFX2,U3878,n4357|n4353
NBUFFX2,U3879,n4356|n4354
NBUFFX2,U3880,n4356|n4355
NBUFFX2,U3881,n4283|n4270
NBUFFX2,U3882,n2152|n4283
NBUFFX2,U3883,n4522|n4521
NBUFFX2,U3884,n4528|n4508
NBUFFX2,U3885,n4528|n4509
NBUFFX2,U3886,n4527|n4510
NBUFFX2,U3887,n4527|n4511
NBUFFX2,U3888,n4525|n4515
NBUFFX2,U3889,n4524|n4516
NBUFFX2,U3890,n4524|n4517
NBUFFX2,U3891,n4523|n4518
NBUFFX2,U3892,n4523|n4519
NBUFFX2,U3893,n4522|n4520
NBUFFX2,U3894,n4526|n4512
NBUFFX2,U3895,n4526|n4513
NBUFFX2,U3896,n4525|n4514
NBUFFX2,U3897,n4399|n4377
NBUFFX2,U3898,n4399|n4376
NBUFFX2,U3899,n4400|n4375
NBUFFX2,U3900,n4401|n4373
NBUFFX2,U3901,n4401|n4372
NBUFFX2,U3902,n4402|n4371
NBUFFX2,U3903,n4402|n4370
NBUFFX2,U3904,n4403|n4369
NBUFFX2,U3905,n4403|n4368
NBUFFX2,U3906,n4404|n4367
NBUFFX2,U3907,n4404|n4366
NBUFFX2,U3908,n4405|n4365
NBUFFX2,U3909,n4405|n4364
NBUFFX2,U3910,n4392|n4391
NBUFFX2,U3911,n4392|n4390
NBUFFX2,U3912,n4393|n4389
NBUFFX2,U3913,n4393|n4388
NBUFFX2,U3914,n4394|n4387
NBUFFX2,U3915,n4394|n4386
NBUFFX2,U3916,n4701|n4679
NBUFFX2,U3917,n4395|n4385
NBUFFX2,U3918,n4395|n4384
NBUFFX2,U3919,n4396|n4383
NBUFFX2,U3920,n4400|n4374
NBUFFX2,U3921,n4396|n4382
NBUFFX2,U3922,n4397|n4381
NBUFFX2,U3923,n4397|n4380
NBUFFX2,U3924,n4398|n4379
NBUFFX2,U3925,n4398|n4378
NBUFFX2,U3926,n4406|n4363
NBUFFX2,U3927,n4406|n4362
NBUFFX2,U3928,n4407|n4360
NBUFFX2,U3929,n4407|n4361
NBUFFX2,U3930,n2152|n4279
NBUFFX2,U3931,n2152|n4281
NBUFFX2,U3932,n2152|n4280
NBUFFX2,U3933,n2152|n4282
NBUFFX2,U3934,n4639|n4637
NBUFFX2,U3935,n4639|n4638
NBUFFX2,U3936,n4694|n4692
NBUFFX2,U3937,n4707|n4667
NBUFFX2,U3938,n4708|n4665
NBUFFX2,U3939,n4714|n4653
NBUFFX2,U3940,n4714|n4652
NBUFFX2,U3941,n4699|n4683
NBUFFX2,U3942,n4713|n4654
NBUFFX2,U3943,n4720|n4640
NBUFFX2,U3944,n4716|n4649
NBUFFX2,U3945,n4716|n4648
NBUFFX2,U3946,n4699|n4682
NBUFFX2,U3947,n4700|n4681
NBUFFX2,U3948,n4718|n4645
NBUFFX2,U3949,n4698|n4684
NBUFFX2,U3950,n4694|n4693
NBUFFX2,U3951,n4696|n4689
NBUFFX2,U3952,n4706|n4669
NBUFFX2,U3953,n4705|n4670
NBUFFX2,U3954,n4705|n4671
NBUFFX2,U3955,n4700|n4680
NBUFFX2,U3956,n4702|n4676
NBUFFX2,U3957,n4702|n4677
NBUFFX2,U3958,n4698|n4685
NBUFFX2,U3959,n4708|n4664
NBUFFX2,U3960,n4697|n4686
NBUFFX2,U3961,n4701|n4678
NBUFFX2,U3962,n4697|n4687
NBUFFX2,U3963,n4709|n4663
NBUFFX2,U3964,n4709|n4662
NBUFFX2,U3965,n4710|n4661
NBUFFX2,U3966,n4704|n4672
NBUFFX2,U3967,n4704|n4673
NBUFFX2,U3968,n4696|n4688
NBUFFX2,U3969,n4707|n4666
NBUFFX2,U3970,n4706|n4668
NBUFFX2,U3971,n4703|n4675
NBUFFX2,U3972,n4703|n4674
NBUFFX2,U3973,n4695|n4691
NBUFFX2,U3974,n4715|n4651
NBUFFX2,U3975,n4715|n4650
NBUFFX2,U3976,n4710|n4660
NBUFFX2,U3977,n4711|n4659
NBUFFX2,U3978,n4711|n4658
NBUFFX2,U3979,n4712|n4657
NBUFFX2,U3980,n4712|n4656
NBUFFX2,U3981,n4713|n4655
NBUFFX2,U3982,n4718|n4644
NBUFFX2,U3983,n4719|n4643
NBUFFX2,U3984,n4719|n4642
NBUFFX2,U3985,n4720|n4641
NBUFFX2,U3986,n4695|n4690
NBUFFX2,U3987,n4717|n4647
NBUFFX2,U3988,n4717|n4646
INVX0,U3989,n4753|n4743
INVX0,U3990,n4771|n4766
ISOLANDX1,U3991,n3278|n4774|n2152
NBUFFX2,U3992,n2148|n4522
NBUFFX2,U3993,n2148|n4528
NBUFFX2,U3994,n2148|n4527
NBUFFX2,U3995,n2148|n4524
NBUFFX2,U3996,n2148|n4523
NBUFFX2,U3997,n2148|n4526
NBUFFX2,U3998,n2148|n4525
NBUFFX2,U3999,n4415|n4399
NBUFFX2,U4000,n4414|n4401
NBUFFX2,U4001,n4413|n4402
NBUFFX2,U4002,n4413|n4403
NBUFFX2,U4003,n4409|n4357
NBUFFX2,U4004,n4412|n4404
NBUFFX2,U4005,n4412|n4405
NBUFFX2,U4006,n4418|n4392
NBUFFX2,U4007,n4418|n4393
NBUFFX2,U4008,n4417|n4394
NBUFFX2,U4009,n4417|n4395
NBUFFX2,U4010,n4414|n4400
NBUFFX2,U4011,n4732|n4701
NBUFFX2,U4012,n4416|n4396
NBUFFX2,U4013,n4416|n4397
NBUFFX2,U4014,n4415|n4398
NBUFFX2,U4015,n4411|n4406
NBUFFX2,U4016,n4411|n4407
NBUFFX2,U4017,n4409|n4356
NBUFFX2,U4018,n4408|n4359
NBUFFX2,U4019,n4408|n4358
INVX0,U4020,n4754|n4744
INVX0,U4021,n4755|n4745
INVX0,U4022,n4756|n4746
INVX0,U4023,n4757|n4747
INVX0,U4024,n4758|n4748
INVX0,U4025,n4759|n4749
INVX0,U4026,n4772|n4768
INVX0,U4027,n4770|n4767
NBUFFX2,U4028,n4725|n4714
NBUFFX2,U4029,n4724|n4716
NBUFFX2,U4030,n4733|n4699
NBUFFX2,U4031,n4735|n4694
NBUFFX2,U4032,n4730|n4705
NBUFFX2,U4033,n4732|n4700
NBUFFX2,U4034,n4731|n4702
NBUFFX2,U4035,n4733|n4698
NBUFFX2,U4036,n4728|n4708
NBUFFX2,U4037,n4734|n4697
NBUFFX2,U4038,n4728|n4709
NBUFFX2,U4039,n4730|n4704
NBUFFX2,U4040,n4734|n4696
NBUFFX2,U4041,n4729|n4707
NBUFFX2,U4042,n4729|n4706
NBUFFX2,U4043,n4731|n4703
NBUFFX2,U4044,n4725|n4715
NBUFFX2,U4045,n4727|n4710
NBUFFX2,U4046,n4727|n4711
NBUFFX2,U4047,n4726|n4712
NBUFFX2,U4048,n4726|n4713
NBUFFX2,U4049,n4723|n4718
NBUFFX2,U4050,n4723|n4719
NBUFFX2,U4051,n4722|n4720
NBUFFX2,U4052,n4735|n4695
NBUFFX2,U4053,n4724|n4717
NBUFFX2,U4054,n4721|n4639
NBUFFX2,U4055,n4722|n4721
NOR2X0,U4056,n4752|n4775|n2148
INVX0,U4057,n4779|n4771
INVX0,U4058,TM0|n4772
INVX0,U4059,n4779|n4770
INVX0,U4060,TM1|n4753
INVX0,U4061,n4763|n4754
INVX0,U4062,n4763|n4755
INVX0,U4063,n4764|n4756
INVX0,U4064,n4764|n4757
INVX0,U4065,n4763|n4758
INVX0,U4066,n4763|n4759
INVX0,U4067,n4778|n4773
INVX0,U4068,n4778|n4774
INVX0,U4069,TM1|n4752
INVX0,U4070,n4778|n4775
NBUFFX2,U4071,n4421|n4413
NBUFFX2,U4072,n4422|n4412
NBUFFX2,U4073,n4419|n4418
NBUFFX2,U4074,n4419|n4417
NBUFFX2,U4075,n4421|n4414
NBUFFX2,U4076,n4737|n4732
NBUFFX2,U4077,n4420|n4416
NBUFFX2,U4078,n4420|n4415
NBUFFX2,U4079,n4422|n4411
NBUFFX2,U4080,n4410|n4409
NBUFFX2,U4081,n4410|n4408
INVX0,U4082,n4760|n4750
INVX0,U4083,n4776|n4769
NBUFFX2,U4084,n4737|n4733
NBUFFX2,U4085,n4739|n4728
NBUFFX2,U4086,n4738|n4730
NBUFFX2,U4087,n4736|n4734
NBUFFX2,U4088,n4739|n4729
NBUFFX2,U4089,n4738|n4731
NBUFFX2,U4090,n4741|n4725
NBUFFX2,U4091,n4740|n4727
NBUFFX2,U4092,n4740|n4726
NBUFFX2,U4093,n4742|n4723
NBUFFX2,U4094,n4742|n4722
NBUFFX2,U4095,n4736|n4735
NBUFFX2,U4096,n4741|n4724
INVX0,U4097,n4762|n4760
INVX0,U4098,n4778|n4776
INVX0,U4099,n4778|n4777
INVX0,U4100,n4780|n4779
INVX0,U4101,n4780|n4778
INVX0,U4102,n4760|n4764
INVX0,U4103,n4752|n4763
INVX0,U4104,n4761|n4751
INVX0,U4105,n4762|n4761
NBUFFX2,U4106,n2149|n4419
NBUFFX2,U4107,n2149|n4421
NBUFFX2,U4108,n2149|n4420
NBUFFX2,U4109,n2149|n4422
NBUFFX2,U4110,n1729|n4737
NBUFFX2,U4111,n4423|n4410
NBUFFX2,U4112,n2149|n4423
NOR2X0,U4113,n4568|n3346|WX11082
NOR2X0,U4114,n4568|n3347|WX11080
NOR2X0,U4115,n4568|n3348|WX11078
NOR2X0,U4116,n4557|n3349|WX11076
NOR2X0,U4117,n4556|n3350|WX11074
NOR2X0,U4118,n4557|n3351|WX11072
NOR2X0,U4119,n4558|n3352|WX11070
NOR2X0,U4120,n4556|n3353|WX11068
NOR2X0,U4121,n4556|n3354|WX11066
NOR2X0,U4122,n4556|n3355|WX11064
NOR2X0,U4123,n4557|n3356|WX11062
NOR2X0,U4124,n4557|n3357|WX11060
NOR2X0,U4125,n4557|n3358|WX11058
NOR2X0,U4126,n4558|n3359|WX11056
NOR2X0,U4127,n4557|n3360|WX11054
NOR2X0,U4128,n4557|n3338|WX11052
NOR2X0,U4129,n4557|n3361|WX9789
NOR2X0,U4130,n4556|n3362|WX9787
NOR2X0,U4131,n4556|n3363|WX9785
NOR2X0,U4132,n4556|n3364|WX9783
NOR2X0,U4133,n4556|n3365|WX9781
NOR2X0,U4134,n4563|n3366|WX9779
NOR2X0,U4135,n4570|n3367|WX9777
NOR2X0,U4136,n4570|n3368|WX9775
NOR2X0,U4137,n4570|n3370|WX9771
NOR2X0,U4138,n4569|n3372|WX9767
NOR2X0,U4139,n4568|n3373|WX9765
NOR2X0,U4140,n4569|n3374|WX9763
NOR2X0,U4141,n4569|n3375|WX9761
NOR2X0,U4142,n4569|n3339|WX9759
NOR2X0,U4143,n4566|n3376|WX8496
NOR2X0,U4144,n4566|n3377|WX8494
NOR2X0,U4145,n4566|n3378|WX8492
NOR2X0,U4146,n4566|n3379|WX8490
NOR2X0,U4147,n4566|n3380|WX8488
NOR2X0,U4148,n4566|n3381|WX8486
NOR2X0,U4149,n4566|n3382|WX8484
NOR2X0,U4150,n4566|n3383|WX8482
NOR2X0,U4151,n4566|n3384|WX8480
NOR2X0,U4152,n4565|n3385|WX8478
NOR2X0,U4153,n4565|n3386|WX8476
NOR2X0,U4154,n4565|n3387|WX8474
NOR2X0,U4155,n4565|n3388|WX8472
NOR2X0,U4156,n4565|n3389|WX8470
NOR2X0,U4157,n4565|n3390|WX8468
NOR2X0,U4158,n4565|n3340|WX8466
NOR2X0,U4159,n4560|n3391|WX7203
NOR2X0,U4160,n4560|n3392|WX7201
NOR2X0,U4161,n4560|n3393|WX7199
NOR2X0,U4162,n4560|n3394|WX7197
NOR2X0,U4163,n4560|n3395|WX7195
NOR2X0,U4164,n4560|n3396|WX7193
NOR2X0,U4165,n4561|n3397|WX7191
NOR2X0,U4166,n4561|n3398|WX7189
NOR2X0,U4167,n4561|n3399|WX7187
NOR2X0,U4168,n4561|n3400|WX7185
NOR2X0,U4169,n4561|n3401|WX7183
NOR2X0,U4170,n4561|n3402|WX7181
NOR2X0,U4171,n4561|n3403|WX7179
NOR2X0,U4172,n4561|n3404|WX7177
NOR2X0,U4173,n4561|n3405|WX7175
NOR2X0,U4174,n4561|n3341|WX7173
NOR2X0,U4175,n4559|n3406|WX5910
NOR2X0,U4176,n4559|n3407|WX5908
NOR2X0,U4177,n4559|n3408|WX5906
NOR2X0,U4178,n4559|n3409|WX5904
NOR2X0,U4179,n4559|n3410|WX5902
NOR2X0,U4180,n4559|n3411|WX5900
NOR2X0,U4181,n4559|n3412|WX5898
NOR2X0,U4182,n4559|n3413|WX5896
NOR2X0,U4183,n4558|n3414|WX5894
NOR2X0,U4184,n4559|n3415|WX5892
NOR2X0,U4185,n4558|n3416|WX5890
NOR2X0,U4186,n4557|n3417|WX5888
NOR2X0,U4187,n4556|n3418|WX5886
NOR2X0,U4188,n4568|n3420|WX5882
NOR2X0,U4189,n4560|n3421|WX4617
NOR2X0,U4190,n4558|n3422|WX4615
NOR2X0,U4191,n4558|n3423|WX4613
NOR2X0,U4192,n4559|n3424|WX4611
NOR2X0,U4193,n4558|n3425|WX4609
NOR2X0,U4194,n4568|n3426|WX4607
NOR2X0,U4195,n4568|n3427|WX4605
NOR2X0,U4196,n4565|n3428|WX4603
NOR2X0,U4197,n4564|n3429|WX4601
NOR2X0,U4198,n4564|n3430|WX4599
NOR2X0,U4199,n4564|n3431|WX4597
NOR2X0,U4200,n4564|n3432|WX4595
NOR2X0,U4201,n4564|n3433|WX4593
NOR2X0,U4202,n4564|n3434|WX4591
NOR2X0,U4203,n4564|n3435|WX4589
NOR2X0,U4204,n4565|n3343|WX4587
NOR2X0,U4205,n4562|n3436|WX3324
NOR2X0,U4206,n4562|n3437|WX3322
NOR2X0,U4207,n4564|n3438|WX3320
NOR2X0,U4208,n4562|n3439|WX3318
NOR2X0,U4209,n4562|n3440|WX3316
NOR2X0,U4210,n4562|n3441|WX3314
NOR2X0,U4211,n4563|n3442|WX3312
NOR2X0,U4212,n4564|n3443|WX3310
NOR2X0,U4213,n4556|n3444|WX3308
NOR2X0,U4214,n4563|n3445|WX3306
NOR2X0,U4215,n4563|n3446|WX3304
NOR2X0,U4216,n4563|n3447|WX3302
NOR2X0,U4217,n4563|n3448|WX3300
NOR2X0,U4218,n4563|n3449|WX3298
NOR2X0,U4219,n4563|n3450|WX3296
NOR2X0,U4220,n4562|n3344|WX3294
NOR2X0,U4221,n4570|n3451|WX2031
NOR2X0,U4222,n4569|n3453|WX2027
NOR2X0,U4223,n4568|n3454|WX2025
NOR2X0,U4224,n4570|n3455|WX2023
NOR2X0,U4225,n4569|n3456|WX2021
NOR2X0,U4226,n4570|n3457|WX2019
NOR2X0,U4227,n4570|n3458|WX2017
NOR2X0,U4228,n4569|n3459|WX2015
NOR2X0,U4229,n4570|n3460|WX2013
NOR2X0,U4230,n4568|n3461|WX2011
NOR2X0,U4231,n4569|n3462|WX2009
NOR2X0,U4232,n4570|n3463|WX2007
NOR2X0,U4233,n4570|n3464|WX2005
NOR2X0,U4234,n4569|n3465|WX2003
NOR2X0,U4235,n4569|n3345|WX2001
NOR2X0,U4236,n4571|n3369|WX9773
NOR2X0,U4237,n4571|n3371|WX9769
NOR2X0,U4238,n4571|n3419|WX5884
NOR2X0,U4239,n4571|n3342|WX5880
NOR2X0,U4240,n4571|n3452|WX2029
NBUFFX2,U4241,n1729|n4739
NBUFFX2,U4242,n1729|n4738
NBUFFX2,U4243,n1729|n4740
NBUFFX2,U4244,n1729|n4742
NBUFFX2,U4245,n1729|n4736
NBUFFX2,U4246,n1729|n4741
XNOR2X1,U4247,n3179|n2532|DATA_9_9
NAND2X0,U4248,WX529|n4767|n3179
XNOR2X1,U4249,n3161|n2529|DATA_9_8
NAND2X0,U4250,WX531|n4766|n3161
XNOR2X1,U4251,n3159|n2526|DATA_9_7
NAND2X0,U4252,WX533|n4766|n3159
XNOR2X1,U4253,n3157|n2523|DATA_9_6
NAND2X0,U4254,WX535|n4766|n3157
XNOR2X1,U4255,n3155|n2520|DATA_9_5
NAND2X0,U4256,WX537|n4766|n3155
XNOR2X1,U4257,n3153|n2517|DATA_9_4
NAND2X0,U4258,WX539|n4766|n3153
XNOR2X1,U4259,n3336|n2630|DATA_9_31
NAND2X0,U4260,WX485|n4766|n3336
XNOR2X1,U4261,n3334|n2615|DATA_9_30
NAND2X0,U4262,WX487|n4769|n3334
XNOR2X1,U4263,n3151|n2514|DATA_9_3
NAND2X0,U4264,WX541|n4766|n3151
XNOR2X1,U4265,n3332|n2602|DATA_9_29
NAND2X0,U4266,WX489|n4769|n3332
XNOR2X1,U4267,n3330|n2589|DATA_9_28
NAND2X0,U4268,WX491|n4769|n3330
XNOR2X1,U4269,n3296|n2586|DATA_9_27
NAND2X0,U4270,WX493|n4768|n3296
XNOR2X1,U4271,n3294|n2583|DATA_9_26
NAND2X0,U4272,WX495|n4769|n3294
XNOR2X1,U4273,n3292|n2580|DATA_9_25
NAND2X0,U4274,WX497|n4769|n3292
XNOR2X1,U4275,n3290|n2577|DATA_9_24
NAND2X0,U4276,WX499|n4768|n3290
XNOR2X1,U4277,n3288|n2574|DATA_9_23
NAND2X0,U4278,WX501|n4768|n3288
XNOR2X1,U4279,n3286|n2571|DATA_9_22
NAND2X0,U4280,WX503|n4768|n3286
XNOR2X1,U4281,n3284|n2568|DATA_9_21
NAND2X0,U4282,WX505|n4768|n3284
XNOR2X1,U4283,n3282|n2565|DATA_9_20
NAND2X0,U4284,WX507|n4768|n3282
XNOR2X1,U4285,n3149|n2511|DATA_9_2
NAND2X0,U4286,WX543|n4766|n3149
XNOR2X1,U4287,n3280|n2562|DATA_9_19
NAND2X0,U4288,WX509|n4768|n3280
XNOR2X1,U4289,n3255|n2559|DATA_9_18
NAND2X0,U4290,WX511|n4768|n3255
XNOR2X1,U4291,n3211|n2556|DATA_9_17
NAND2X0,U4292,WX513|n4768|n3211
XNOR2X1,U4293,n3209|n2553|DATA_9_16
NAND2X0,U4294,WX515|n4767|n3209
XNOR2X1,U4295,n3207|n2550|DATA_9_15
NAND2X0,U4296,WX517|n4767|n3207
XNOR2X1,U4297,n3205|n2547|DATA_9_14
NAND2X0,U4298,test_so1|n4767|n3205
XNOR2X1,U4299,n3203|n2544|DATA_9_13
NAND2X0,U4300,WX521|n4767|n3203
XNOR2X1,U4301,n3201|n2541|DATA_9_12
NAND2X0,U4302,WX523|n4767|n3201
XNOR2X1,U4303,n3199|n2538|DATA_9_11
NAND2X0,U4304,WX525|n4767|n3199
XNOR2X1,U4305,n3197|n2535|DATA_9_10
NAND2X0,U4306,WX527|n4767|n3197
XNOR2X1,U4307,n3147|n2508|DATA_9_1
NAND2X0,U4308,WX545|n4766|n3147
XNOR2X1,U4309,n3145|n2505|DATA_9_0
NAND2X0,U4310,WX547|n4767|n3145
AND3X1,U4311,RESET|n4773|n4751|n2149
INVX0,U4312,n4765|n4762
INVX0,U4313,TM1|n4765
INVX0,U4314,TM0|n4780
XNOR3X1,U4315,n3466|n4775|n3467|n2505
XNOR3X1,U4316,WX899|WX835|WX771|n3466
XNOR3X1,U4317,n3468|n4770|n3469|n2508
XNOR3X1,U4318,WX897|WX833|WX769|n3468
XNOR3X1,U4319,n3470|n4770|n3471|n2511
XNOR3X1,U4320,WX895|test_so7|WX767|n3470
XNOR3X1,U4321,n3472|n4771|n3473|n2514
XNOR3X1,U4322,WX893|WX829|WX765|n3472
XNOR3X1,U4323,n3474|n4771|n3475|n2517
XNOR3X1,U4324,WX891|WX827|WX763|n3474
XNOR3X1,U4325,n3476|n4772|n3477|n2520
XNOR3X1,U4326,WX889|WX825|WX761|n3476
XNOR3X1,U4327,n3478|n4772|n3479|n2523
XNOR3X1,U4328,WX887|WX823|test_so5|n3478
XNOR3X1,U4329,n3480|n4773|n3481|n2526
XNOR3X1,U4330,WX885|WX821|WX757|n3480
XNOR3X1,U4331,n3482|n4773|n3483|n2529
XNOR3X1,U4332,WX883|WX819|WX755|n3482
XNOR3X1,U4333,n3484|n4774|n3485|n2532
XNOR3X1,U4334,WX881|WX817|WX753|n3484
XNOR3X1,U4335,n3486|n4774|n3487|n2535
XNOR3X1,U4336,WX879|WX815|WX751|n3486
XNOR3X1,U4337,n3488|n4775|n3489|n2538
XNOR3X1,U4338,WX877|WX813|WX749|n3488
XNOR3X1,U4339,n3490|n4776|n3491|n2541
XNOR3X1,U4340,WX875|WX811|WX747|n3490
XNOR3X1,U4341,n3492|n4776|n3493|n2544
XNOR3X1,U4342,WX873|WX809|WX745|n3492
XNOR3X1,U4343,n3494|n4777|n3495|n2547
XNOR3X1,U4344,WX871|WX807|WX743|n3494
XNOR3X1,U4345,n3496|n4777|n3497|n2550
XNOR3X1,U4346,WX869|WX805|WX741|n3496
XNOR3X1,U4347,n3498|n4758|n3499|n2553
XNOR3X1,U4348,test_so8|WX803|WX739|n3498
XNOR3X1,U4349,n3500|n4753|n3501|n2556
XNOR3X1,U4350,WX865|WX801|WX737|n3500
XNOR3X1,U4351,n3502|n4752|n3503|n2559
XNOR3X1,U4352,WX863|WX799|WX735|n3502
XNOR3X1,U4353,n3504|n4753|n3505|n2562
XNOR3X1,U4354,WX861|WX797|WX733|n3504
XNOR3X1,U4355,n3506|n4754|n3507|n2565
XNOR3X1,U4356,WX859|test_so6|WX731|n3506
XNOR3X1,U4357,n3508|n4754|n3509|n2568
XNOR3X1,U4358,WX857|WX793|WX729|n3508
XNOR3X1,U4359,n3510|n4755|n3511|n2571
XNOR3X1,U4360,WX855|WX791|WX727|n3510
XNOR3X1,U4361,n3512|n4755|n3513|n2574
XNOR3X1,U4362,WX853|WX789|WX725|n3512
XNOR3X1,U4363,n3514|n4756|n3515|n2577
XNOR3X1,U4364,WX851|WX787|test_so4|n3514
XNOR3X1,U4365,n3516|n4756|n3517|n2580
XNOR3X1,U4366,WX849|WX785|WX721|n3516
XNOR3X1,U4367,n3518|n4757|n3519|n2583
XNOR3X1,U4368,WX847|WX783|WX719|n3518
XNOR3X1,U4369,n3520|n4757|n3521|n2586
XNOR3X1,U4370,WX845|WX781|WX717|n3520
XNOR3X1,U4371,n3522|n4758|n3523|n2589
XNOR3X1,U4372,WX843|WX779|WX715|n3522
XNOR3X1,U4373,n3524|n4759|n3525|n2602
XNOR3X1,U4374,WX841|WX777|WX713|n3524
XNOR3X1,U4375,n3526|n4759|n3527|n2615
XNOR3X1,U4376,WX839|WX775|WX711|n3526
XNOR3X1,U4377,n3528|n4760|n3529|n2630
XNOR3X1,U4378,WX837|WX773|WX709|n3528
AO221X1,U4379,WX10888|n4473|n4311|n2154|n3213|WX11050
AO22X1,U4380,n4171|CRC_OUT_1_0|DATA_0_0|n4040|n3213
AO221X1,U4381,WX10886|n4473|n4311|n2157|n3215|WX11048
AO22X1,U4382,n4171|CRC_OUT_1_1|DATA_0_1|n4041|n3215
AO221X1,U4383,WX10884|n4474|n4312|n2160|n3217|WX11046
AO22X1,U4384,n4172|CRC_OUT_1_2|DATA_0_2|n4040|n3217
AO221X1,U4385,WX10882|n4474|n4312|n2163|n3219|WX11044
AO22X1,U4386,n4172|CRC_OUT_1_3|DATA_0_3|n4040|n3219
AO221X1,U4387,WX10880|n4474|n4312|n2166|n3221|WX11042
AO22X1,U4388,n4172|CRC_OUT_1_4|DATA_0_4|n4041|n3221
AO221X1,U4389,WX10878|n4474|n4312|n2169|n3223|WX11040
AO22X1,U4390,n4172|CRC_OUT_1_5|DATA_0_5|n4041|n3223
AO221X1,U4391,WX10876|n4474|n4313|n2172|n3225|WX11038
AO22X1,U4392,n4173|CRC_OUT_1_6|DATA_0_6|n4039|n3225
AO221X1,U4393,WX10874|n4475|n4313|n2175|n3227|WX11036
AO22X1,U4394,n4173|CRC_OUT_1_7|DATA_0_7|n4041|n3227
AO221X1,U4395,WX10872|n4475|n4313|n2178|n3229|WX11034
AO22X1,U4396,n4173|CRC_OUT_1_8|DATA_0_8|n4039|n3229
AO221X1,U4397,WX10870|n4475|n4313|n2181|n3231|WX11032
AO22X1,U4398,n4173|CRC_OUT_1_9|DATA_0_9|n4039|n3231
AO221X1,U4399,WX10868|n4475|n4314|n2184|n3233|WX11030
AO22X1,U4400,n4174|CRC_OUT_1_10|DATA_0_10|n4040|n3233
AO221X1,U4401,WX10866|n4475|n4314|n2187|n3235|WX11028
AO22X1,U4402,n4174|CRC_OUT_1_11|DATA_0_11|n4038|n3235
AO221X1,U4403,WX10864|n4476|n4314|n2190|n3237|WX11026
AO22X1,U4404,n4174|CRC_OUT_1_12|DATA_0_12|n4038|n3237
AO221X1,U4405,WX10862|n4476|n4314|n2193|n3239|WX11024
AO22X1,U4406,n4174|CRC_OUT_1_13|DATA_0_13|n4037|n3239
AO221X1,U4407,WX10860|n4476|n4315|n2196|n3241|WX11022
AO22X1,U4408,n4175|CRC_OUT_1_14|DATA_0_14|n4038|n3241
AO221X1,U4409,WX10858|n4476|n4315|n2199|n3243|WX11020
AO22X1,U4410,n4175|CRC_OUT_1_15|DATA_0_15|n4037|n3243
AO221X1,U4411,WX10856|n4476|n4315|n2202|n3245|WX11018
AO22X1,U4412,n4175|CRC_OUT_1_16|DATA_0_16|n4040|n3245
AO221X1,U4413,WX10854|n4477|n4315|n2205|n3247|WX11016
AO22X1,U4414,n4175|CRC_OUT_1_17|DATA_0_17|n4037|n3247
AO221X1,U4415,WX10852|n4477|n4316|n2208|n3249|WX11014
AO22X1,U4416,n4176|CRC_OUT_1_18|DATA_0_18|n4037|n3249
AO221X1,U4417,WX10850|n4477|n4316|n2211|n3251|WX11012
AO22X1,U4418,n4176|CRC_OUT_1_19|DATA_0_19|n4039|n3251
AO221X1,U4419,WX10848|n4477|n4316|n2214|n3253|WX11010
AO22X1,U4420,n4176|CRC_OUT_1_20|DATA_0_20|n4036|n3253
AO221X1,U4421,WX10846|n4477|n4316|n2217|n3257|WX11008
AO22X1,U4422,n4176|CRC_OUT_1_21|DATA_0_21|n4041|n3257
AO221X1,U4423,WX10844|n4478|n4317|n2220|n3259|WX11006
AO22X1,U4424,n4177|CRC_OUT_1_22|DATA_0_22|n4038|n3259
AO221X1,U4425,WX10842|n4478|n4317|n2223|n3261|WX11004
AO22X1,U4426,n4177|CRC_OUT_1_23|DATA_0_23|n4036|n3261
AO221X1,U4427,WX10840|n4478|n4317|n2226|n3263|WX11002
AO22X1,U4428,n4177|CRC_OUT_1_24|DATA_0_24|n4036|n3263
AO221X1,U4429,WX10838|n4478|n4317|n2229|n3265|WX11000
AO22X1,U4430,n4177|CRC_OUT_1_25|DATA_0_25|n4038|n3265
AO221X1,U4431,WX10836|n4478|n4318|n2232|n3267|WX10998
AO22X1,U4432,n4178|CRC_OUT_1_26|DATA_0_26|n4036|n3267
AO221X1,U4433,WX10834|n4479|n4318|n2235|n3269|WX10996
AO22X1,U4434,n4178|CRC_OUT_1_27|DATA_0_27|n4036|n3269
AO221X1,U4435,WX10832|n4479|n4318|n2238|n3271|WX10994
AO22X1,U4436,n4178|CRC_OUT_1_28|DATA_0_28|n4037|n3271
AO221X1,U4437,WX10830|n4479|n4318|n2241|n3273|WX10992
AO22X1,U4438,n4178|CRC_OUT_1_29|DATA_0_29|n4039|n3273
AO221X1,U4439,WX10828|n4479|n4319|n2244|n3275|WX10990
AO22X1,U4440,n4179|CRC_OUT_1_30|DATA_0_30|n4035|n3275
AO221X1,U4441,WX9595|n4424|n4284|n2150|n2151|WX9757
AO22X1,U4442,n4144|CRC_OUT_2_0|n4044|n2154|n2151
AO221X1,U4443,WX9593|n4424|n4337|n2155|n2156|WX9755
AO22X1,U4444,n4197|CRC_OUT_2_1|n4077|n2157|n2156
AO221X1,U4445,WX9591|n4424|n4319|n2158|n2159|WX9753
AO22X1,U4446,n4179|CRC_OUT_2_2|n4063|n2160|n2159
AO221X1,U4447,WX9589|n4424|n4319|n2161|n2162|WX9751
AO22X1,U4448,n4179|CRC_OUT_2_3|n4063|n2163|n2162
AO221X1,U4449,WX9587|n4424|n4320|n2164|n2165|WX9749
AO22X1,U4450,n4180|CRC_OUT_2_4|n4063|n2166|n2165
AO221X1,U4451,WX9585|n4425|n4320|n2167|n2168|WX9747
AO22X1,U4452,n4180|CRC_OUT_2_5|n4064|n2169|n2168
AO221X1,U4453,WX9583|n4425|n4320|n2170|n2171|WX9745
AO22X1,U4454,n4180|CRC_OUT_2_6|n4064|n2172|n2171
AO221X1,U4455,WX9581|n4425|n4320|n2173|n2174|WX9743
AO22X1,U4456,n4180|CRC_OUT_2_7|n4064|n2175|n2174
AO221X1,U4457,WX9579|n4425|n4321|n2176|n2177|WX9741
AO22X1,U4458,n4181|CRC_OUT_2_8|n4064|n2178|n2177
AO221X1,U4459,WX9577|n4425|n4321|n2179|n2180|WX9739
AO22X1,U4460,n4181|CRC_OUT_2_9|n4064|n2181|n2180
AO221X1,U4461,WX9575|n4426|n4321|n2182|n2183|WX9737
AO22X1,U4462,n4181|CRC_OUT_2_10|n4065|n2184|n2183
AO221X1,U4463,WX9573|n4426|n4321|n2185|n2186|WX9735
AO22X1,U4464,n4181|CRC_OUT_2_11|n4065|n2187|n2186
AO221X1,U4465,WX9571|n4426|n4322|n2188|n2189|WX9733
AO22X1,U4466,n4182|CRC_OUT_2_12|n4065|n2190|n2189
AO221X1,U4467,WX9569|n4426|n4322|n2191|n2192|WX9731
AO22X1,U4468,n4182|CRC_OUT_2_13|n4065|n2193|n2192
AO221X1,U4469,WX9567|n4426|n4322|n2194|n2195|WX9729
AO22X1,U4470,n4182|CRC_OUT_2_14|n4065|n2196|n2195
AO221X1,U4471,WX9565|n4427|n4322|n2197|n2198|WX9727
AO22X1,U4472,n4182|CRC_OUT_2_15|n4066|n2199|n2198
AO221X1,U4473,WX9563|n4427|n4323|n2200|n2201|WX9725
AO22X1,U4474,n4183|CRC_OUT_2_16|n4066|n2202|n2201
AO221X1,U4475,WX9561|n4427|n4323|n2203|n2204|WX9723
AO22X1,U4476,n4183|CRC_OUT_2_17|n4066|n2205|n2204
AO221X1,U4477,WX9559|n4427|n4323|n2206|n2207|WX9721
AO22X1,U4478,n4183|CRC_OUT_2_18|n4066|n2208|n2207
AO221X1,U4479,WX9557|n4427|n4323|n2209|n2210|WX9719
AO22X1,U4480,n4183|CRC_OUT_2_19|n4066|n2211|n2210
AO221X1,U4481,WX9555|n4428|n4324|n2212|n2213|WX9717
AO22X1,U4482,n4184|CRC_OUT_2_20|n4067|n2214|n2213
AO221X1,U4483,WX9553|n4428|n4324|n2215|n2216|WX9715
AO22X1,U4484,n4184|CRC_OUT_2_21|n4067|n2217|n2216
AO221X1,U4485,WX9551|n4428|n4324|n2218|n2219|WX9713
AO22X1,U4486,n4184|CRC_OUT_2_22|n4067|n2220|n2219
AO221X1,U4487,WX9549|n4428|n4324|n2221|n2222|WX9711
AO22X1,U4488,n4184|CRC_OUT_2_23|n4067|n2223|n2222
AO221X1,U4489,WX9547|n4428|n4325|n2224|n2225|WX9709
AO22X1,U4490,n4185|CRC_OUT_2_24|n4067|n2226|n2225
AO221X1,U4491,WX9545|n4429|n4325|n2227|n2228|WX9707
AO22X1,U4492,n4185|CRC_OUT_2_25|n4068|n2229|n2228
AO221X1,U4493,WX9543|n4429|n4325|n2230|n2231|WX9705
AO22X1,U4494,n4185|CRC_OUT_2_26|n4068|n2232|n2231
AO221X1,U4495,WX9541|n4429|n4325|n2233|n2234|WX9703
AO22X1,U4496,n4185|CRC_OUT_2_27|n4068|n2235|n2234
AO221X1,U4497,WX9539|n4429|n4326|n2236|n2237|WX9701
AO22X1,U4498,n4186|CRC_OUT_2_28|n4068|n2238|n2237
AO221X1,U4499,WX9537|n4429|n4326|n2239|n2240|WX9699
AO22X1,U4500,n4186|CRC_OUT_2_29|n4068|n2241|n2240
AO221X1,U4501,WX9535|n4430|n4326|n2242|n2243|WX9697
AO22X1,U4502,n4186|CRC_OUT_2_30|n4069|n2244|n2243
AO221X1,U4503,WX9536|n2245|n4035|n2246|n2247|WX9695
AO22X1,U4504,n4355|n2248|n4215|CRC_OUT_2_31|n2247
AO221X1,U4505,WX8302|n4430|n4326|n2281|n2282|WX8464
AO22X1,U4506,n4186|CRC_OUT_3_0|n4069|n2150|n2282
AO221X1,U4507,WX8300|n4430|n4327|n2284|n2285|WX8462
AO22X1,U4508,n4187|CRC_OUT_3_1|n4069|n2155|n2285
AO221X1,U4509,WX8298|n4430|n4327|n2287|n2288|WX8460
AO22X1,U4510,n4187|CRC_OUT_3_2|n4069|n2158|n2288
AO221X1,U4511,WX8296|n4430|n4327|n2290|n2291|WX8458
AO22X1,U4512,n4187|CRC_OUT_3_3|n4069|n2161|n2291
AO221X1,U4513,WX8294|n4431|n4327|n2293|n2294|WX8456
AO22X1,U4514,n4187|CRC_OUT_3_4|n4070|n2164|n2294
AO221X1,U4515,WX8292|n4431|n4328|n2296|n2297|WX8454
AO22X1,U4516,n4188|CRC_OUT_3_5|n4070|n2167|n2297
AO221X1,U4517,WX8290|n4431|n4328|n2299|n2300|WX8452
AO22X1,U4518,n4188|CRC_OUT_3_6|n4070|n2170|n2300
AO221X1,U4519,WX8288|n4431|n4328|n2302|n2303|WX8450
AO22X1,U4520,n4188|CRC_OUT_3_7|n4070|n2173|n2303
AO221X1,U4521,WX8286|n4431|n4328|n2305|n2306|WX8448
AO22X1,U4522,n4188|CRC_OUT_3_8|n4070|n2176|n2306
AO221X1,U4523,WX8284|n4432|n4329|n2308|n2309|WX8446
AO22X1,U4524,n4189|CRC_OUT_3_9|n4071|n2179|n2309
AO221X1,U4525,WX8282|n4432|n4329|n2311|n2312|WX8444
AO22X1,U4526,n4189|CRC_OUT_3_10|n4071|n2182|n2312
AO221X1,U4527,WX8280|n4432|n4329|n2314|n2315|WX8442
AO22X1,U4528,n4189|CRC_OUT_3_11|n4071|n2185|n2315
AO221X1,U4529,WX8278|n4432|n4329|n2317|n2318|WX8440
AO22X1,U4530,n4189|CRC_OUT_3_12|n4071|n2188|n2318
AO221X1,U4531,WX8276|n4432|n4330|n2320|n2321|WX8438
AO22X1,U4532,n4190|CRC_OUT_3_13|n4071|n2191|n2321
AO221X1,U4533,WX8274|n4433|n4330|n2323|n2324|WX8436
AO22X1,U4534,n4190|CRC_OUT_3_14|n4072|n2194|n2324
AO221X1,U4535,WX8272|n4433|n4330|n2326|n2327|WX8434
AO22X1,U4536,n4190|CRC_OUT_3_15|n4072|n2197|n2327
AO221X1,U4537,WX8270|n4433|n4330|n2329|n2330|WX8432
AO22X1,U4538,n4190|CRC_OUT_3_16|n4072|n2200|n2330
AO221X1,U4539,WX8268|n4433|n4331|n2332|n2333|WX8430
AO22X1,U4540,n4191|CRC_OUT_3_17|n4072|n2203|n2333
AO221X1,U4541,WX8266|n4433|n4331|n2335|n2336|WX8428
AO22X1,U4542,n4191|CRC_OUT_3_18|n4072|n2206|n2336
AO221X1,U4543,WX8264|n4434|n4331|n2338|n2339|WX8426
AO22X1,U4544,n4191|CRC_OUT_3_19|n4073|n2209|n2339
AO221X1,U4545,WX8262|n4434|n4331|n2341|n2342|WX8424
AO22X1,U4546,n4191|CRC_OUT_3_20|n4073|n2212|n2342
AO221X1,U4547,WX8260|n4434|n4332|n2344|n2345|WX8422
AO22X1,U4548,n4192|CRC_OUT_3_21|n4073|n2215|n2345
AO221X1,U4549,WX8258|n4434|n4332|n2347|n2348|WX8420
AO22X1,U4550,n4192|CRC_OUT_3_22|n4073|n2218|n2348
AO221X1,U4551,WX8256|n4434|n4332|n2350|n2351|WX8418
AO22X1,U4552,n4192|CRC_OUT_3_23|n4073|n2221|n2351
AO221X1,U4553,WX8254|n4435|n4332|n2353|n2354|WX8416
AO22X1,U4554,n4192|CRC_OUT_3_24|n4074|n2224|n2354
AO221X1,U4555,WX8252|n4435|n4333|n2356|n2357|WX8414
AO22X1,U4556,n4193|CRC_OUT_3_25|n4074|n2227|n2357
AO221X1,U4557,WX8250|n4435|n4333|n2359|n2360|WX8412
AO22X1,U4558,n4193|CRC_OUT_3_26|n4074|n2230|n2360
AO221X1,U4559,WX8248|n4435|n4333|n2362|n2363|WX8410
AO22X1,U4560,n4193|CRC_OUT_3_27|n4074|n2233|n2363
AO221X1,U4561,WX8246|n4435|n4333|n2365|n2366|WX8408
AO22X1,U4562,n4193|CRC_OUT_3_28|n4074|n2236|n2366
AO221X1,U4563,WX8244|n4436|n4334|n2368|n2369|WX8406
AO22X1,U4564,n4194|CRC_OUT_3_29|n4075|n2239|n2369
AO221X1,U4565,WX8242|n4436|n4334|n2371|n2372|WX8404
AO22X1,U4566,n4194|CRC_OUT_3_30|n4075|n2242|n2372
AO221X1,U4567,WX8243|n2245|n4034|n2248|n2374|WX8402
AO22X1,U4568,n4353|n2375|n4213|CRC_OUT_3_31|n2374
AO221X1,U4569,WX7009|n4436|n4334|n2409|n2410|WX7171
AO22X1,U4570,n4194|CRC_OUT_4_0|n4075|n2281|n2410
AO221X1,U4571,WX7007|n4436|n4334|n2412|n2413|WX7169
AO22X1,U4572,n4194|CRC_OUT_4_1|n4075|n2284|n2413
AO221X1,U4573,WX7005|n4436|n4335|n2415|n2416|WX7167
AO22X1,U4574,n4195|CRC_OUT_4_2|n4075|n2287|n2416
AO221X1,U4575,WX7003|n4437|n4335|n2418|n2419|WX7165
AO22X1,U4576,n4195|CRC_OUT_4_3|n4076|n2290|n2419
AO221X1,U4577,WX7001|n4437|n4335|n2421|n2422|WX7163
AO22X1,U4578,n4195|CRC_OUT_4_4|n4076|n2293|n2422
AO221X1,U4579,WX6999|n4437|n4335|n2424|n2425|WX7161
AO22X1,U4580,n4195|CRC_OUT_4_5|n4076|n2296|n2425
AO221X1,U4581,WX6997|n4437|n4336|n2427|n2428|WX7159
AO22X1,U4582,n4196|CRC_OUT_4_6|n4076|n2299|n2428
AO221X1,U4583,WX6995|n4437|n4336|n2430|n2431|WX7157
AO22X1,U4584,n4196|CRC_OUT_4_7|n4076|n2302|n2431
AO221X1,U4585,WX6993|n4438|n4336|n2433|n2434|WX7155
AO22X1,U4586,n4196|CRC_OUT_4_8|n4077|n2305|n2434
AO221X1,U4587,WX6991|n4438|n4336|n2436|n2437|WX7153
AO22X1,U4588,n4196|CRC_OUT_4_9|n4077|n2308|n2437
AO221X1,U4589,WX6989|n4438|n4337|n2439|n2440|WX7151
AO22X1,U4590,n4197|CRC_OUT_4_10|n4077|n2311|n2440
AO221X1,U4591,WX6987|n4438|n4337|n2442|n2443|WX7149
AO22X1,U4592,n4197|CRC_OUT_4_11|n4077|n2314|n2443
AO221X1,U4593,WX6985|n4438|n4338|n2445|n2446|WX7147
AO22X1,U4594,n4198|CRC_OUT_4_12|n4078|n2317|n2446
AO221X1,U4595,WX6983|n4439|n4338|n2448|n2449|WX7145
AO22X1,U4596,n4198|CRC_OUT_4_13|n4078|n2320|n2449
AO221X1,U4597,WX6981|n4439|n4338|n2451|n2452|WX7143
AO22X1,U4598,n4198|CRC_OUT_4_14|n4078|n2323|n2452
AO221X1,U4599,WX6979|n4439|n4338|n2454|n2455|WX7141
AO22X1,U4600,n4198|CRC_OUT_4_15|n4078|n2326|n2455
AO221X1,U4601,WX6977|n4439|n4339|n2457|n2458|WX7139
AO22X1,U4602,n4199|CRC_OUT_4_16|n4078|n2329|n2458
AO221X1,U4603,WX6975|n4439|n4337|n2460|n2461|WX7137
AO22X1,U4604,n4197|CRC_OUT_4_17|n4079|n2332|n2461
AO221X1,U4605,WX6973|n4440|n4339|n2463|n2464|WX7135
AO22X1,U4606,n4199|CRC_OUT_4_18|n4079|n2335|n2464
AO221X1,U4607,WX6971|n4440|n4339|n2466|n2467|WX7133
AO22X1,U4608,n4199|CRC_OUT_4_19|n4079|n2338|n2467
AO221X1,U4609,WX6969|n4440|n4340|n2469|n2470|WX7131
AO22X1,U4610,n4200|CRC_OUT_4_20|n4079|n2341|n2470
AO221X1,U4611,WX6967|n4440|n4339|n2472|n2473|WX7129
AO22X1,U4612,n4199|CRC_OUT_4_21|n4079|n2344|n2473
AO221X1,U4613,WX6965|n4440|n4340|n2475|n2476|WX7127
AO22X1,U4614,n4200|CRC_OUT_4_22|n4080|n2347|n2476
AO221X1,U4615,WX6963|n4441|n4340|n2478|n2479|WX7125
AO22X1,U4616,n4200|CRC_OUT_4_23|n4080|n2350|n2479
AO221X1,U4617,WX6961|n4441|n4341|n2481|n2482|WX7123
AO22X1,U4618,n4201|CRC_OUT_4_24|n4080|n2353|n2482
AO221X1,U4619,WX6959|n4441|n4341|n2484|n2485|WX7121
AO22X1,U4620,n4201|CRC_OUT_4_25|n4080|n2356|n2485
AO221X1,U4621,WX6957|n4441|n4341|n2487|n2488|WX7119
AO22X1,U4622,n4201|CRC_OUT_4_26|n4080|n2359|n2488
AO221X1,U4623,WX6955|n4441|n4340|n2490|n2491|WX7117
AO22X1,U4624,n4200|CRC_OUT_4_27|n4081|n2362|n2491
AO221X1,U4625,WX6953|n4442|n4342|n2493|n2494|WX7115
AO22X1,U4626,n4202|CRC_OUT_4_28|n4081|n2365|n2494
AO221X1,U4627,WX6951|n4442|n4342|n2496|n2497|WX7113
AO22X1,U4628,n4202|CRC_OUT_4_29|n4081|n2368|n2497
AO221X1,U4629,WX6949|n4442|n4342|n2499|n2500|WX7111
AO22X1,U4630,n4202|CRC_OUT_4_30|n4081|n2371|n2500
AO221X1,U4631,WX6950|n2245|n4035|n2375|n2502|WX7109
AO22X1,U4632,n4354|n2503|n4214|CRC_OUT_4_31|n2502
AO221X1,U4633,WX5716|n4448|n4351|n2633|n2634|WX5878
AO22X1,U4634,n4211|CRC_OUT_5_0|n4088|n2409|n2634
AO221X1,U4635,WX5714|n4449|n4349|n2636|n2637|WX5876
AO22X1,U4636,n4209|CRC_OUT_5_1|n4088|n2412|n2637
AO221X1,U4637,WX5712|n4449|n4352|n2639|n2640|WX5874
AO22X1,U4638,n4212|CRC_OUT_5_2|n4088|n2415|n2640
AO221X1,U4639,WX5710|n4449|n4350|n2642|n2643|WX5872
AO22X1,U4640,n4210|CRC_OUT_5_3|n4088|n2418|n2643
AO221X1,U4641,WX5708|n4449|n4352|n2645|n2646|WX5870
AO22X1,U4642,n4212|CRC_OUT_5_4|n4088|n2421|n2646
AO221X1,U4643,WX5706|n4449|n4351|n2648|n2649|WX5868
AO22X1,U4644,n4211|CRC_OUT_5_5|n4089|n2424|n2649
AO221X1,U4645,WX5704|n4450|n4352|n2651|n2652|WX5866
AO22X1,U4646,n4212|CRC_OUT_5_6|n4089|n2427|n2652
AO221X1,U4647,WX5702|n4450|n4350|n2654|n2655|WX5864
AO22X1,U4648,n4210|CRC_OUT_5_7|n4089|n2430|n2655
AO221X1,U4649,WX5700|n4450|n4353|n2657|n2658|WX5862
AO22X1,U4650,n4213|CRC_OUT_5_8|n4089|n2433|n2658
AO221X1,U4651,WX5698|n4450|n4351|n2660|n2661|WX5860
AO22X1,U4652,n4211|CRC_OUT_5_9|n4089|n2436|n2661
AO221X1,U4653,WX5696|n4450|n4353|n2663|n2664|WX5858
AO22X1,U4654,n4213|CRC_OUT_5_10|n4090|n2439|n2664
AO221X1,U4655,WX5694|n4451|n4352|n2666|n2667|WX5856
AO22X1,U4656,n4212|CRC_OUT_5_11|n4090|n2442|n2667
AO221X1,U4657,WX5692|n4451|n4353|n2669|n2670|WX5854
AO22X1,U4658,n4213|CRC_OUT_5_12|n4090|n2445|n2670
AO221X1,U4659,WX5690|n4451|n4351|n2672|n2673|WX5852
AO22X1,U4660,n4211|CRC_OUT_5_13|n4090|n2448|n2673
AO221X1,U4661,WX5688|n4451|n4301|n2675|n2676|WX5850
AO22X1,U4662,n4161|CRC_OUT_5_14|n4090|n2451|n2676
AO221X1,U4663,WX5686|n4451|n4284|n2678|n2679|WX5848
AO22X1,U4664,n4144|CRC_OUT_5_15|n4091|n2454|n2679
AO221X1,U4665,WX5684|n4452|n4284|n2681|n2682|WX5846
AO22X1,U4666,n4144|CRC_OUT_5_16|n4091|n2457|n2682
AO221X1,U4667,WX5682|n4452|n4284|n2684|n2685|WX5844
AO22X1,U4668,n4144|CRC_OUT_5_17|n4091|n2460|n2685
AO221X1,U4669,WX5680|n4452|n4285|n2687|n2688|WX5842
AO22X1,U4670,n4145|CRC_OUT_5_18|n4052|n2463|n2688
AO221X1,U4671,WX5678|n4452|n4285|n2690|n2691|WX5840
AO22X1,U4672,n4145|CRC_OUT_5_19|n4045|n2466|n2691
AO221X1,U4673,WX5676|n4452|n4285|n2693|n2694|WX5838
AO22X1,U4674,n4145|CRC_OUT_5_20|n4042|n2469|n2694
AO221X1,U4675,WX5674|n4453|n4285|n2696|n2697|WX5836
AO22X1,U4676,n4145|CRC_OUT_5_21|n4043|n2472|n2697
AO221X1,U4677,WX5672|n4453|n4286|n2699|n2700|WX5834
AO22X1,U4678,n4146|CRC_OUT_5_22|n4042|n2475|n2700
AO221X1,U4679,WX5670|n4453|n4286|n2702|n2703|WX5832
AO22X1,U4680,n4146|CRC_OUT_5_23|n4042|n2478|n2703
AO221X1,U4681,WX5668|n4453|n4286|n2705|n2706|WX5830
AO22X1,U4682,n4146|CRC_OUT_5_24|n4043|n2481|n2706
AO221X1,U4683,WX5666|n4453|n4286|n2708|n2709|WX5828
AO22X1,U4684,n4146|CRC_OUT_5_25|n4042|n2484|n2709
AO221X1,U4685,WX5664|n4454|n4287|n2711|n2712|WX5826
AO22X1,U4686,n4147|CRC_OUT_5_26|n4042|n2487|n2712
AO221X1,U4687,WX5662|n4454|n4287|n2714|n2715|WX5824
AO22X1,U4688,n4147|CRC_OUT_5_27|n4047|n2490|n2715
AO221X1,U4689,WX5660|n4454|n4287|n2717|n2718|WX5822
AO22X1,U4690,n4147|CRC_OUT_5_28|n4043|n2493|n2718
AO221X1,U4691,WX5658|n4454|n4287|n2720|n2721|WX5820
AO22X1,U4692,n4147|CRC_OUT_5_29|n4043|n2496|n2721
AO221X1,U4693,WX5656|n4454|n4288|n2723|n2724|WX5818
AO22X1,U4694,n4148|CRC_OUT_5_30|n4044|n2499|n2724
AO221X1,U4695,WX5657|n2245|n4035|n2503|n2726|WX5816
AO22X1,U4696,n4354|n2727|n4214|CRC_OUT_5_31|n2726
AO221X1,U4697,WX4423|n4455|n4288|n2761|n2762|WX4585
AO22X1,U4698,n4148|CRC_OUT_6_0|n4043|n2633|n2762
AO221X1,U4699,WX4421|n4455|n4288|n2764|n2765|WX4583
AO22X1,U4700,n4148|CRC_OUT_6_1|n4045|n2636|n2765
AO221X1,U4701,WX4419|n4455|n4288|n2767|n2768|WX4581
AO22X1,U4702,n4148|CRC_OUT_6_2|n4044|n2639|n2768
AO221X1,U4703,WX4417|n4455|n4289|n2770|n2771|WX4579
AO22X1,U4704,n4149|CRC_OUT_6_3|n4049|n2642|n2771
AO221X1,U4705,WX4415|n4455|n4289|n2773|n2774|WX4577
AO22X1,U4706,n4149|CRC_OUT_6_4|n4044|n2645|n2774
AO221X1,U4707,WX4413|n4456|n4289|n2776|n2777|WX4575
AO22X1,U4708,n4149|CRC_OUT_6_5|n4044|n2648|n2777
AO221X1,U4709,WX4411|n4456|n4289|n2779|n2780|WX4573
AO22X1,U4710,n4149|CRC_OUT_6_6|n4045|n2651|n2780
AO221X1,U4711,WX4409|n4456|n4290|n2782|n2783|WX4571
AO22X1,U4712,n4150|CRC_OUT_6_7|n4045|n2654|n2783
AO221X1,U4713,WX4407|n4456|n4290|n2785|n2786|WX4569
AO22X1,U4714,n4150|CRC_OUT_6_8|n4045|n2657|n2786
AO221X1,U4715,WX4405|n4456|n4290|n2788|n2789|WX4567
AO22X1,U4716,n4150|CRC_OUT_6_9|n4046|n2660|n2789
AO221X1,U4717,WX4403|n4457|n4290|n2791|n2792|WX4565
AO22X1,U4718,n4150|CRC_OUT_6_10|n4050|n2663|n2792
AO221X1,U4719,WX4401|n4457|n4291|n2794|n2795|WX4563
AO22X1,U4720,n4151|CRC_OUT_6_11|n4046|n2666|n2795
AO221X1,U4721,WX4399|n4457|n4291|n2797|n2798|WX4561
AO22X1,U4722,n4151|CRC_OUT_6_12|n4046|n2669|n2798
AO221X1,U4723,WX4397|n4457|n4291|n2800|n2801|WX4559
AO22X1,U4724,n4151|CRC_OUT_6_13|n4046|n2672|n2801
AO221X1,U4725,WX4395|n4457|n4291|n2803|n2804|WX4557
AO22X1,U4726,n4151|CRC_OUT_6_14|n4046|n2675|n2804
AO221X1,U4727,WX4393|n4458|n4292|n2806|n2807|WX4555
AO22X1,U4728,n4152|CRC_OUT_6_15|n4047|n2678|n2807
AO221X1,U4729,WX4391|n4458|n4292|n2809|n2810|WX4553
AO22X1,U4730,n4152|CRC_OUT_6_16|n4047|n2681|n2810
AO221X1,U4731,WX4389|n4458|n4292|n2812|n2813|WX4551
AO22X1,U4732,n4152|CRC_OUT_6_17|n4047|n2684|n2813
AO221X1,U4733,WX4387|n4458|n4292|n2815|n2816|WX4549
AO22X1,U4734,n4152|CRC_OUT_6_18|n4047|n2687|n2816
AO221X1,U4735,WX4385|n4458|n4293|n2818|n2819|WX4547
AO22X1,U4736,n4153|CRC_OUT_6_19|n4048|n2690|n2819
AO221X1,U4737,WX4383|n4459|n4293|n2821|n2822|WX4545
AO22X1,U4738,n4153|CRC_OUT_6_20|n4048|n2693|n2822
AO221X1,U4739,WX4381|n4459|n4293|n2824|n2825|WX4543
AO22X1,U4740,n4153|CRC_OUT_6_21|n4048|n2696|n2825
AO221X1,U4741,WX4379|n4459|n4293|n2827|n2828|WX4541
AO22X1,U4742,n4153|CRC_OUT_6_22|n4048|n2699|n2828
AO221X1,U4743,WX4377|n4459|n4294|n2830|n2831|WX4539
AO22X1,U4744,n4154|CRC_OUT_6_23|n4048|n2702|n2831
AO221X1,U4745,WX4375|n4459|n4294|n2833|n2834|WX4537
AO22X1,U4746,n4154|CRC_OUT_6_24|n4049|n2705|n2834
AO221X1,U4747,WX4373|n4460|n4294|n2836|n2837|WX4535
AO22X1,U4748,n4154|CRC_OUT_6_25|n4049|n2708|n2837
AO221X1,U4749,WX4371|n4460|n4294|n2839|n2840|WX4533
AO22X1,U4750,n4154|CRC_OUT_6_26|n4049|n2711|n2840
AO221X1,U4751,WX4369|n4460|n4295|n2842|n2843|WX4531
AO22X1,U4752,n4155|CRC_OUT_6_27|n4049|n2714|n2843
AO221X1,U4753,WX4367|n4460|n4295|n2845|n2846|WX4529
AO22X1,U4754,n4155|CRC_OUT_6_28|n4050|n2717|n2846
AO221X1,U4755,WX4365|n4460|n4295|n2848|n2849|WX4527
AO22X1,U4756,n4155|CRC_OUT_6_29|n4050|n2720|n2849
AO221X1,U4757,WX4363|n4461|n4295|n2851|n2852|WX4525
AO22X1,U4758,n4155|CRC_OUT_6_30|n4050|n2723|n2852
AO221X1,U4759,WX4364|n2245|n4034|n2727|n2854|WX4523
AO22X1,U4760,n4354|n2855|n4214|CRC_OUT_6_31|n2854
AO221X1,U4761,WX3130|n4461|n4296|n2889|n2890|WX3292
AO22X1,U4762,n4156|CRC_OUT_7_0|n4050|n2761|n2890
AO221X1,U4763,WX3128|n4461|n4296|n2892|n2893|WX3290
AO22X1,U4764,n4156|CRC_OUT_7_1|n4051|n2764|n2893
AO221X1,U4765,WX3126|n4461|n4296|n2895|n2896|WX3288
AO22X1,U4766,n4156|CRC_OUT_7_2|n4051|n2767|n2896
AO221X1,U4767,WX3124|n4461|n4296|n2898|n2899|WX3286
AO22X1,U4768,n4156|CRC_OUT_7_3|n4051|n2770|n2899
AO221X1,U4769,WX3122|n4462|n4297|n2901|n2902|WX3284
AO22X1,U4770,n4157|CRC_OUT_7_4|n4051|n2773|n2902
AO221X1,U4771,WX3120|n4462|n4297|n2904|n2905|WX3282
AO22X1,U4772,n4157|CRC_OUT_7_5|n4051|n2776|n2905
AO221X1,U4773,WX3118|n4462|n4297|n2907|n2908|WX3280
AO22X1,U4774,n4157|CRC_OUT_7_6|n4052|n2779|n2908
AO221X1,U4775,WX3116|n4462|n4297|n2910|n2911|WX3278
AO22X1,U4776,n4157|CRC_OUT_7_7|n4052|n2782|n2911
AO221X1,U4777,WX3114|n4462|n4298|n2913|n2914|WX3276
AO22X1,U4778,n4158|CRC_OUT_7_8|n4052|n2785|n2914
AO221X1,U4779,WX3112|n4463|n4298|n2916|n2917|WX3274
AO22X1,U4780,n4158|CRC_OUT_7_9|n4052|n2788|n2917
AO221X1,U4781,WX3110|n4463|n4298|n2919|n2920|WX3272
AO22X1,U4782,n4158|CRC_OUT_7_10|n4053|n2791|n2920
AO221X1,U4783,WX3108|n4463|n4298|n2922|n2923|WX3270
AO22X1,U4784,n4158|CRC_OUT_7_11|n4053|n2794|n2923
AO221X1,U4785,WX3106|n4463|n4299|n2925|n2926|WX3268
AO22X1,U4786,n4159|CRC_OUT_7_12|n4053|n2797|n2926
AO221X1,U4787,WX3104|n4463|n4299|n2928|n2929|WX3266
AO22X1,U4788,n4159|CRC_OUT_7_13|n4053|n2800|n2929
AO221X1,U4789,WX3102|n4464|n4299|n2931|n2932|WX3264
AO22X1,U4790,n4159|CRC_OUT_7_14|n4053|n2803|n2932
AO221X1,U4791,WX3100|n4464|n4299|n2934|n2935|WX3262
AO22X1,U4792,n4159|CRC_OUT_7_15|n4054|n2806|n2935
AO221X1,U4793,WX3098|n4464|n4300|n2937|n2938|WX3260
AO22X1,U4794,n4160|CRC_OUT_7_16|n4054|n2809|n2938
AO221X1,U4795,WX3096|n4464|n4300|n2940|n2941|WX3258
AO22X1,U4796,n4160|CRC_OUT_7_17|n4054|n2812|n2941
AO221X1,U4797,WX3094|n4464|n4300|n2943|n2944|WX3256
AO22X1,U4798,n4160|CRC_OUT_7_18|n4054|n2815|n2944
AO221X1,U4799,WX3092|n4465|n4300|n2946|n2947|WX3254
AO22X1,U4800,n4160|CRC_OUT_7_19|n4054|n2818|n2947
AO221X1,U4801,WX3090|n4465|n4301|n2949|n2950|WX3252
AO22X1,U4802,n4161|CRC_OUT_7_20|n4055|n2821|n2950
AO221X1,U4803,WX3088|n4465|n4301|n2952|n2953|WX3250
AO22X1,U4804,n4161|CRC_OUT_7_21|n4055|n2824|n2953
AO221X1,U4805,WX3086|n4465|n4301|n2955|n2956|WX3248
AO22X1,U4806,n4161|CRC_OUT_7_22|n4055|n2827|n2956
AO221X1,U4807,WX3084|n4465|n4319|n2958|n2959|WX3246
AO22X1,U4808,n4179|CRC_OUT_7_23|n4063|n2830|n2959
AO221X1,U4809,WX3082|n4466|n4302|n2961|n2962|WX3244
AO22X1,U4810,n4162|CRC_OUT_7_24|n4055|n2833|n2962
AO221X1,U4811,WX3080|n4466|n4302|n2964|n2965|WX3242
AO22X1,U4812,n4162|CRC_OUT_7_25|n4055|n2836|n2965
AO221X1,U4813,WX3078|n4466|n4302|n2967|n2968|WX3240
AO22X1,U4814,n4162|CRC_OUT_7_26|n4056|n2839|n2968
AO221X1,U4815,WX3076|n4466|n4302|n2970|n2971|WX3238
AO22X1,U4816,n4162|CRC_OUT_7_27|n4056|n2842|n2971
AO221X1,U4817,WX3074|n4466|n4303|n2973|n2974|WX3236
AO22X1,U4818,n4163|CRC_OUT_7_28|n4056|n2845|n2974
AO221X1,U4819,WX3072|n4467|n4303|n2976|n2977|WX3234
AO22X1,U4820,n4163|CRC_OUT_7_29|n4056|n2848|n2977
AO221X1,U4821,WX3070|n4467|n4303|n2979|n2980|WX3232
AO22X1,U4822,n4163|CRC_OUT_7_30|n4056|n2851|n2980
AO221X1,U4823,WX3071|n2245|n4035|n2855|n2982|WX3230
AO22X1,U4824,n4354|n2983|n4214|CRC_OUT_7_31|n2982
AO221X1,U4825,WX1837|n4467|n4303|n2507|n3017|WX1999
AO22X1,U4826,n4163|CRC_OUT_8_0|n4057|n2889|n3017
AO221X1,U4827,WX1835|n4467|n4304|n2510|n3020|WX1997
AO22X1,U4828,n4164|CRC_OUT_8_1|n4057|n2892|n3020
AO221X1,U4829,WX1833|n4467|n4304|n2513|n3023|WX1995
AO22X1,U4830,n4164|CRC_OUT_8_2|n4057|n2895|n3023
AO221X1,U4831,WX1831|n4468|n4304|n2516|n3026|WX1993
AO22X1,U4832,n4164|CRC_OUT_8_3|n4057|n2898|n3026
AO221X1,U4833,WX1829|n4468|n4304|n2519|n3029|WX1991
AO22X1,U4834,n4164|CRC_OUT_8_4|n4057|n2901|n3029
AO221X1,U4835,WX1827|n4468|n4305|n2522|n3032|WX1989
AO22X1,U4836,n4165|CRC_OUT_8_5|n4058|n2904|n3032
AO221X1,U4837,WX1825|n4468|n4305|n2525|n3035|WX1987
AO22X1,U4838,n4165|CRC_OUT_8_6|n4058|n2907|n3035
AO221X1,U4839,WX1823|n4468|n4305|n2528|n3038|WX1985
AO22X1,U4840,n4165|CRC_OUT_8_7|n4058|n2910|n3038
AO221X1,U4841,WX1821|n4469|n4305|n2531|n3041|WX1983
AO22X1,U4842,n4165|CRC_OUT_8_8|n4058|n2913|n3041
AO221X1,U4843,WX1819|n4469|n4306|n2534|n3044|WX1981
AO22X1,U4844,n4166|CRC_OUT_8_9|n4058|n2916|n3044
AO221X1,U4845,WX1817|n4469|n4306|n2537|n3047|WX1979
AO22X1,U4846,n4166|CRC_OUT_8_10|n4059|n2919|n3047
AO221X1,U4847,WX1815|n4469|n4306|n2540|n3050|WX1977
AO22X1,U4848,n4166|CRC_OUT_8_11|n4059|n2922|n3050
AO221X1,U4849,WX1813|n4469|n4306|n2543|n3053|WX1975
AO22X1,U4850,n4166|CRC_OUT_8_12|n4059|n2925|n3053
AO221X1,U4851,WX1811|n4470|n4307|n2546|n3056|WX1973
AO22X1,U4852,n4167|CRC_OUT_8_13|n4059|n2928|n3056
AO221X1,U4853,WX1809|n4470|n4307|n2549|n3059|WX1971
AO22X1,U4854,n4167|CRC_OUT_8_14|n4059|n2931|n3059
AO221X1,U4855,WX1807|n4470|n4307|n2552|n3062|WX1969
AO22X1,U4856,n4167|CRC_OUT_8_15|n4060|n2934|n3062
AO221X1,U4857,WX1805|n4470|n4307|n2555|n3065|WX1967
AO22X1,U4858,n4167|CRC_OUT_8_16|n4060|n2937|n3065
AO221X1,U4859,WX1803|n4470|n4308|n2558|n3068|WX1965
AO22X1,U4860,n4168|CRC_OUT_8_17|n4060|n2940|n3068
AO221X1,U4861,WX1801|n4471|n4308|n2561|n3071|WX1963
AO22X1,U4862,n4168|CRC_OUT_8_18|n4060|n2943|n3071
AO221X1,U4863,WX1799|n4471|n4308|n2564|n3074|WX1961
AO22X1,U4864,n4168|CRC_OUT_8_19|n4060|n2946|n3074
AO221X1,U4865,WX1797|n4471|n4308|n2567|n3077|WX1959
AO22X1,U4866,n4168|CRC_OUT_8_20|n4061|n2949|n3077
AO221X1,U4867,WX1795|n4471|n4309|n2570|n3080|WX1957
AO22X1,U4868,n4169|CRC_OUT_8_21|n4061|n2952|n3080
AO221X1,U4869,WX1793|n4471|n4309|n2573|n3083|WX1955
AO22X1,U4870,n4169|CRC_OUT_8_22|n4061|n2955|n3083
AO221X1,U4871,WX1791|n4472|n4309|n2576|n3086|WX1953
AO22X1,U4872,n4169|CRC_OUT_8_23|n4061|n2958|n3086
AO221X1,U4873,WX1789|n4472|n4309|n2579|n3089|WX1951
AO22X1,U4874,n4169|CRC_OUT_8_24|n4061|n2961|n3089
AO221X1,U4875,WX1787|n4472|n4310|n2582|n3092|WX1949
AO22X1,U4876,n4170|CRC_OUT_8_25|n4062|n2964|n3092
AO221X1,U4877,WX1785|n4472|n4310|n2585|n3095|WX1947
AO22X1,U4878,n4170|CRC_OUT_8_26|n4062|n2967|n3095
AO221X1,U4879,WX1783|n4472|n4310|n2588|n3098|WX1945
AO22X1,U4880,n4170|CRC_OUT_8_27|n4062|n2970|n3098
AO221X1,U4881,WX1781|n4473|n4310|n2591|n3101|WX1943
AO22X1,U4882,n4170|CRC_OUT_8_28|n4062|n2973|n3101
AO221X1,U4883,WX1779|n4473|n4311|n2604|n3104|WX1941
AO22X1,U4884,n4171|CRC_OUT_8_29|n4062|n2976|n3104
AO221X1,U4885,WX1777|n4473|n4311|n2617|n3107|WX1939
AO22X1,U4886,n4171|CRC_OUT_8_30|n4063|n2979|n3107
AO221X1,U4887,WX1778|n2245|n4034|n2983|n3110|WX1937
AO22X1,U4888,n4355|n2628|n4215|CRC_OUT_8_31|n3110
AO221X1,U4889,WX544|n4442|n4341|n2505|n2506|WX706
AO22X1,U4890,n4201|CRC_OUT_9_0|n4081|n2507|n2506
AO221X1,U4891,WX542|n4442|n4343|n2508|n2509|WX704
AO22X1,U4892,n4203|CRC_OUT_9_1|n4082|n2510|n2509
AO221X1,U4893,WX540|n4443|n4343|n2511|n2512|WX702
AO22X1,U4894,n4203|CRC_OUT_9_2|n4082|n2513|n2512
AO221X1,U4895,WX538|n4443|n4343|n2514|n2515|WX700
AO22X1,U4896,n4203|CRC_OUT_9_3|n4082|n2516|n2515
AO221X1,U4897,WX536|n4443|n4343|n2517|n2518|WX698
AO22X1,U4898,n4203|CRC_OUT_9_4|n4082|n2519|n2518
AO221X1,U4899,WX534|n4443|n4344|n2520|n2521|WX696
AO22X1,U4900,n4204|CRC_OUT_9_5|n4082|n2522|n2521
AO221X1,U4901,WX532|n4443|n4342|n2523|n2524|WX694
AO22X1,U4902,n4202|CRC_OUT_9_6|n4083|n2525|n2524
AO221X1,U4903,WX530|n4444|n4344|n2526|n2527|WX692
AO22X1,U4904,n4204|CRC_OUT_9_7|n4083|n2528|n2527
AO221X1,U4905,WX528|n4444|n4344|n2529|n2530|WX690
AO22X1,U4906,n4204|CRC_OUT_9_8|n4083|n2531|n2530
AO221X1,U4907,WX526|n4444|n4345|n2532|n2533|WX688
AO22X1,U4908,n4205|CRC_OUT_9_9|n4083|n2534|n2533
AO221X1,U4909,WX524|n4444|n4345|n2535|n2536|WX686
AO22X1,U4910,n4205|CRC_OUT_9_10|n4083|n2537|n2536
AO221X1,U4911,WX522|n4444|n4345|n2538|n2539|WX684
AO22X1,U4912,n4205|CRC_OUT_9_11|n4084|n2540|n2539
AO221X1,U4913,WX520|n4445|n4344|n2541|n2542|WX682
AO22X1,U4914,n4204|CRC_OUT_9_12|n4084|n2543|n2542
AO221X1,U4915,WX518|n4445|n4346|n2544|n2545|WX680
AO22X1,U4916,n4206|CRC_OUT_9_13|n4084|n2546|n2545
AO221X1,U4917,WX516|n4445|n4346|n2547|n2548|WX678
AO22X1,U4918,n4206|CRC_OUT_9_14|n4084|n2549|n2548
AO221X1,U4919,WX514|n4445|n4346|n2550|n2551|WX676
AO22X1,U4920,n4206|CRC_OUT_9_15|n4084|n2552|n2551
AO221X1,U4921,WX512|n4445|n4347|n2553|n2554|WX674
AO22X1,U4922,n4207|CRC_OUT_9_16|n4085|n2555|n2554
AO221X1,U4923,WX510|n4446|n4347|n2556|n2557|WX672
AO22X1,U4924,n4207|CRC_OUT_9_17|n4085|n2558|n2557
AO221X1,U4925,WX508|n4446|n4347|n2559|n2560|WX670
AO22X1,U4926,n4207|CRC_OUT_9_18|n4085|n2561|n2560
AO221X1,U4927,WX506|n4446|n4348|n2562|n2563|WX668
AO22X1,U4928,n4208|CRC_OUT_9_19|n4085|n2564|n2563
AO221X1,U4929,WX504|n4446|n4347|n2565|n2566|WX666
AO22X1,U4930,n4207|CRC_OUT_9_20|n4085|n2567|n2566
AO221X1,U4931,WX502|n4446|n4348|n2568|n2569|WX664
AO22X1,U4932,n4208|CRC_OUT_9_21|n4086|n2570|n2569
AO221X1,U4933,WX500|n4447|n4346|n2571|n2572|WX662
AO22X1,U4934,n4206|CRC_OUT_9_22|n4086|n2573|n2572
AO221X1,U4935,WX498|n4447|n4349|n2574|n2575|WX660
AO22X1,U4936,n4209|CRC_OUT_9_23|n4086|n2576|n2575
AO221X1,U4937,WX496|n4447|n4348|n2577|n2578|WX658
AO22X1,U4938,n4208|CRC_OUT_9_24|n4086|n2579|n2578
AO221X1,U4939,WX494|n4447|n4349|n2580|n2581|WX656
AO22X1,U4940,n4209|CRC_OUT_9_25|n4086|n2582|n2581
AO221X1,U4941,WX492|n4447|n4349|n2583|n2584|WX654
AO22X1,U4942,n4209|CRC_OUT_9_26|n4087|n2585|n2584
AO221X1,U4943,WX490|n4448|n4350|n2586|n2587|WX652
AO22X1,U4944,n4210|CRC_OUT_9_27|n4087|n2588|n2587
AO221X1,U4945,WX488|n4448|n4348|n2589|n2590|WX650
AO22X1,U4946,n4208|CRC_OUT_9_28|n4087|n2591|n2590
AO221X1,U4947,WX486|n4448|n4350|n2602|n2603|WX648
AO22X1,U4948,n4210|CRC_OUT_9_29|n4087|n2604|n2603
AO221X1,U4949,WX484|n4448|n4345|n2615|n2616|WX646
AO22X1,U4950,n4205|CRC_OUT_9_30|n4087|n2617|n2616
AO221X1,U4951,WX485|n2245|n4034|n2628|n2629|WX644
AO22X1,U4952,n4355|n2630|n4215|CRC_OUT_9_31|n2629
AO221X1,U4953,WX10829|n2245|DATA_0_31|n4034|n3277|WX10988
AO22X1,U4954,n4355|n2246|n4215|CRC_OUT_1_31|n3277
INVX0,U4955,RESET|n1729
XNOR3X1,U4956,n3279|n4751|n3338|n2246
XOR3X1,U4957,WX11181|WX11117|WX11053|n3279
XNOR3X1,U4958,n2376|n4744|n3339|n2248
XOR3X1,U4959,test_so85|WX9824|WX9760|n2376
XNOR3X1,U4960,n2504|n4745|n3340|n2375
XOR3X1,U4961,WX8595|WX8531|WX8467|n2504
XNOR3X1,U4962,n2728|n4746|n3341|n2503
XOR3X1,U4963,WX7302|WX7238|WX7174|n2728
XNOR3X1,U4964,n2856|n4747|n3342|n2727
XOR3X1,U4965,WX6009|WX5945|WX5881|n2856
XNOR3X1,U4966,n2984|n4749|n3343|n2855
XOR3X1,U4967,WX4716|WX4652|WX4588|n2984
XNOR3X1,U4968,n3112|n4750|n3344|n2983
XOR3X1,U4969,WX3423|WX3359|WX3295|n3112
XNOR3X1,U4970,n3111|n4750|n3345|n2628
XOR3X1,U4971,WX2130|WX2066|WX2002|n3111
XNOR3X1,U4972,n3246|n4762|n3346|n2202
XOR3X1,U4973,WX11211|WX11147|WX11083|n3246
XNOR3X1,U4974,n3248|n4763|n3347|n2205
XOR3X1,U4975,WX11209|WX11145|WX11081|n3248
XNOR3X1,U4976,n3250|n4762|n3348|n2208
XOR3X1,U4977,WX11207|WX11143|WX11079|n3250
XNOR3X1,U4978,n3252|n4763|n3349|n2211
XOR3X1,U4979,test_so97|WX11141|WX11077|n3252
XNOR3X1,U4980,n3254|n4751|n3350|n2214
XOR3X1,U4981,WX11203|WX11139|WX11075|n3254
XNOR3X1,U4982,n3258|n4751|n3351|n2217
XOR3X1,U4983,WX11201|test_so95|WX11073|n3258
XNOR3X1,U4984,n3260|n4751|n3352|n2220
XOR3X1,U4985,WX11199|WX11135|WX11071|n3260
XNOR3X1,U4986,n3262|n4751|n3353|n2223
XOR3X1,U4987,WX11197|WX11133|test_so93|n3262
XNOR3X1,U4988,n3264|n4751|n3354|n2226
XOR3X1,U4989,WX11195|WX11131|WX11067|n3264
XNOR3X1,U4990,n3266|n4751|n3355|n2229
XOR3X1,U4991,WX11193|WX11129|WX11065|n3266
XNOR3X1,U4992,n3268|n4751|n3356|n2232
XOR3X1,U4993,WX11191|WX11127|WX11063|n3268
XNOR3X1,U4994,n3270|n4751|n3357|n2235
XOR3X1,U4995,WX11189|WX11125|WX11061|n3270
XNOR3X1,U4996,n3272|n4751|n3358|n2238
XOR3X1,U4997,WX11187|WX11123|WX11059|n3272
XNOR3X1,U4998,n3274|n4751|n3359|n2241
XOR3X1,U4999,WX11185|WX11121|WX11057|n3274
XNOR3X1,U5000,n3276|n4751|n3360|n2244
XOR3X1,U5001,WX11183|WX11119|WX11055|n3276
XNOR3X1,U5002,n2331|n4748|n3361|n2200
XOR3X1,U5003,WX9918|test_so84|WX9790|n2331
XNOR3X1,U5004,n2334|n4743|n3362|n2203
XOR3X1,U5005,WX9916|WX9852|WX9788|n2334
XNOR3X1,U5006,n2337|n4743|n3363|n2206
XOR3X1,U5007,WX9914|WX9850|test_so82|n2337
XNOR3X1,U5008,n2340|n4743|n3364|n2209
XOR3X1,U5009,WX9912|WX9848|WX9784|n2340
XNOR3X1,U5010,n2343|n4743|n3365|n2212
XOR3X1,U5011,WX9910|WX9846|WX9782|n2343
XNOR3X1,U5012,n2346|n4743|n3366|n2215
XOR3X1,U5013,WX9908|WX9844|WX9780|n2346
XNOR3X1,U5014,n2349|n4743|n3367|n2218
XOR3X1,U5015,WX9906|WX9842|WX9778|n2349
XNOR3X1,U5016,n2352|n4743|n3368|n2221
XOR3X1,U5017,WX9904|WX9840|WX9776|n2352
XNOR3X1,U5018,n2355|n4743|n3369|n2224
XOR3X1,U5019,WX9902|WX9838|WX9774|n2355
XNOR3X1,U5020,n2358|n4743|n3370|n2227
XOR3X1,U5021,WX9900|WX9836|WX9772|n2358
XNOR3X1,U5022,n2361|n4743|n3371|n2230
XOR3X1,U5023,WX9898|WX9834|WX9770|n2361
XNOR3X1,U5024,n2364|n4743|n3372|n2233
XOR3X1,U5025,WX9896|WX9832|WX9768|n2364
XNOR3X1,U5026,n2367|n4743|n3373|n2236
XOR3X1,U5027,WX9894|WX9830|WX9766|n2367
XNOR3X1,U5028,n2370|n4744|n3374|n2239
XOR3X1,U5029,WX9892|WX9828|WX9764|n2370
XNOR3X1,U5030,n2373|n4744|n3375|n2242
XOR3X1,U5031,WX9890|WX9826|WX9762|n2373
XNOR3X1,U5032,n2459|n4744|n3376|n2329
XOR3X1,U5033,WX8625|WX8561|WX8497|n2459
XNOR3X1,U5034,n2462|n4744|n3377|n2332
XOR3X1,U5035,WX8623|WX8559|WX8495|n2462
XNOR3X1,U5036,n2465|n4744|n3378|n2335
XOR3X1,U5037,WX8621|WX8557|WX8493|n2465
XNOR3X1,U5038,n2468|n4744|n3379|n2338
XOR3X1,U5039,WX8619|WX8555|WX8491|n2468
XNOR3X1,U5040,n2471|n4744|n3380|n2341
XOR3X1,U5041,WX8617|WX8553|WX8489|n2471
XNOR3X1,U5042,n2474|n4744|n3381|n2344
XOR3X1,U5043,WX8615|WX8551|WX8487|n2474
XNOR3X1,U5044,n2477|n4744|n3382|n2347
XOR3X1,U5045,WX8613|WX8549|WX8485|n2477
XNOR3X1,U5046,n2480|n4744|n3383|n2350
XOR3X1,U5047,WX8611|WX8547|WX8483|n2480
XNOR3X1,U5048,n2483|n4744|n3384|n2353
XOR3X1,U5049,WX8609|WX8545|WX8481|n2483
XNOR3X1,U5050,n2486|n4744|n3385|n2356
XOR3X1,U5051,WX8607|WX8543|WX8479|n2486
XNOR3X1,U5052,n2489|n4745|n3386|n2359
XOR3X1,U5053,test_so74|WX8541|WX8477|n2489
XNOR3X1,U5054,n2492|n4745|n3387|n2362
XOR3X1,U5055,WX8603|WX8539|WX8475|n2492
XNOR3X1,U5056,n2495|n4745|n3388|n2365
XOR3X1,U5057,WX8601|test_so72|WX8473|n2495
XNOR3X1,U5058,n2498|n4745|n3389|n2368
XOR3X1,U5059,WX8599|WX8535|WX8471|n2498
XNOR3X1,U5060,n2501|n4745|n3390|n2371
XOR3X1,U5061,WX8597|WX8533|test_so70|n2501
XNOR3X1,U5062,n2683|n4745|n3391|n2457
XOR3X1,U5063,WX7332|WX7268|WX7204|n2683
XNOR3X1,U5064,n2686|n4745|n3392|n2460
XOR3X1,U5065,WX7330|WX7266|WX7202|n2686
XNOR3X1,U5066,n2689|n4745|n3393|n2463
XOR3X1,U5067,WX7328|WX7264|WX7200|n2689
XNOR3X1,U5068,n2692|n4745|n3394|n2466
XOR3X1,U5069,WX7326|WX7262|WX7198|n2692
XNOR3X1,U5070,n2695|n4745|n3395|n2469
XOR3X1,U5071,WX7324|WX7260|WX7196|n2695
XNOR3X1,U5072,n2698|n4745|n3396|n2472
XOR3X1,U5073,test_so63|WX7258|WX7194|n2698
XNOR3X1,U5074,n2701|n4745|n3397|n2475
XOR3X1,U5075,WX7320|WX7256|WX7192|n2701
XNOR3X1,U5076,n2704|n4746|n3398|n2478
XOR3X1,U5077,WX7318|test_so61|WX7190|n2704
XNOR3X1,U5078,n2707|n4746|n3399|n2481
XOR3X1,U5079,WX7316|WX7252|WX7188|n2707
XNOR3X1,U5080,n2710|n4746|n3400|n2484
XOR3X1,U5081,WX7314|WX7250|test_so59|n2710
XNOR3X1,U5082,n2713|n4746|n3401|n2487
XOR3X1,U5083,WX7312|WX7248|WX7184|n2713
XNOR3X1,U5084,n2716|n4746|n3402|n2490
XOR3X1,U5085,WX7310|WX7246|WX7182|n2716
XNOR3X1,U5086,n2719|n4746|n3403|n2493
XOR3X1,U5087,WX7308|WX7244|WX7180|n2719
XNOR3X1,U5088,n2722|n4746|n3404|n2496
XOR3X1,U5089,WX7306|WX7242|WX7178|n2722
XNOR3X1,U5090,n2725|n4746|n3405|n2499
XOR3X1,U5091,WX7304|WX7240|WX7176|n2725
XNOR3X1,U5092,n2811|n4746|n3406|n2681
XOR3X1,U5093,test_so52|WX5975|WX5911|n2811
XNOR3X1,U5094,n2814|n4746|n3407|n2684
XOR3X1,U5095,WX6037|WX5973|WX5909|n2814
XNOR3X1,U5096,n2817|n4746|n3408|n2687
XOR3X1,U5097,WX6035|test_so50|WX5907|n2817
XNOR3X1,U5098,n2820|n4746|n3409|n2690
XOR3X1,U5099,WX6033|WX5969|WX5905|n2820
XNOR3X1,U5100,n2823|n4747|n3410|n2693
XOR3X1,U5101,WX6031|WX5967|test_so48|n2823
XNOR3X1,U5102,n2826|n4747|n3411|n2696
XOR3X1,U5103,WX6029|WX5965|WX5901|n2826
XNOR3X1,U5104,n2829|n4747|n3412|n2699
XOR3X1,U5105,WX6027|WX5963|WX5899|n2829
XNOR3X1,U5106,n2832|n4747|n3413|n2702
XOR3X1,U5107,WX6025|WX5961|WX5897|n2832
XNOR3X1,U5108,n2835|n4747|n3414|n2705
XOR3X1,U5109,WX6023|WX5959|WX5895|n2835
XNOR3X1,U5110,n2838|n4747|n3415|n2708
XOR3X1,U5111,WX6021|WX5957|WX5893|n2838
XNOR3X1,U5112,n2841|n4747|n3416|n2711
XOR3X1,U5113,WX6019|WX5955|WX5891|n2841
XNOR3X1,U5114,n2844|n4747|n3417|n2714
XOR3X1,U5115,WX6017|WX5953|WX5889|n2844
XNOR3X1,U5116,n2847|n4747|n3418|n2717
XOR3X1,U5117,WX6015|WX5951|WX5887|n2847
XNOR3X1,U5118,n2850|n4747|n3419|n2720
XOR3X1,U5119,WX6013|WX5949|WX5885|n2850
XNOR3X1,U5120,n2853|n4747|n3420|n2723
XOR3X1,U5121,WX6011|WX5947|WX5883|n2853
XNOR3X1,U5122,n2939|n4747|n3421|n2809
XOR3X1,U5123,WX4746|WX4682|WX4618|n2939
XNOR3X1,U5124,n2942|n4748|n3422|n2812
XOR3X1,U5125,WX4744|WX4680|WX4616|n2942
XNOR3X1,U5126,n2945|n4748|n3423|n2815
XOR3X1,U5127,WX4742|WX4678|WX4614|n2945
XNOR3X1,U5128,n2948|n4748|n3424|n2818
XOR3X1,U5129,WX4740|WX4676|WX4612|n2948
XNOR3X1,U5130,n2951|n4748|n3425|n2821
XOR3X1,U5131,WX4738|WX4674|WX4610|n2951
XNOR3X1,U5132,n2954|n4748|n3426|n2824
XOR3X1,U5133,WX4736|WX4672|WX4608|n2954
XNOR3X1,U5134,n2957|n4748|n3427|n2827
XOR3X1,U5135,WX4734|WX4670|WX4606|n2957
XNOR3X1,U5136,n2960|n4748|n3428|n2830
XOR3X1,U5137,WX4732|WX4668|WX4604|n2960
XNOR3X1,U5138,n2963|n4748|n3429|n2833
XOR3X1,U5139,WX4730|WX4666|WX4602|n2963
XNOR3X1,U5140,n2966|n4748|n3430|n2836
XOR3X1,U5141,WX4728|WX4664|WX4600|n2966
XNOR3X1,U5142,n2969|n4748|n3431|n2839
XOR3X1,U5143,WX4726|WX4662|WX4598|n2969
XNOR3X1,U5144,n2972|n4748|n3432|n2842
XOR3X1,U5145,WX4724|WX4660|WX4596|n2972
XNOR3X1,U5146,n2975|n4748|n3433|n2845
XOR3X1,U5147,test_so40|WX4658|WX4594|n2975
XNOR3X1,U5148,n2978|n4749|n3434|n2848
XOR3X1,U5149,WX4720|WX4656|WX4592|n2978
XNOR3X1,U5150,n2981|n4749|n3435|n2851
XOR3X1,U5151,WX4718|test_so38|WX4590|n2981
XNOR3X1,U5152,n3066|n4749|n3436|n2937
XOR3X1,U5153,WX3453|WX3389|WX3325|n3066
XNOR3X1,U5154,n3069|n4749|n3437|n2940
XOR3X1,U5155,WX3451|WX3387|WX3323|n3069
XNOR3X1,U5156,n3072|n4749|n3438|n2943
XOR3X1,U5157,WX3449|WX3385|WX3321|n3072
XNOR3X1,U5158,n3075|n4749|n3439|n2946
XOR3X1,U5159,WX3447|WX3383|WX3319|n3075
XNOR3X1,U5160,n3078|n4749|n3440|n2949
XOR3X1,U5161,WX3445|WX3381|WX3317|n3078
XNOR3X1,U5162,n3081|n4750|n3441|n2952
XOR3X1,U5163,WX3443|WX3379|WX3315|n3081
XNOR3X1,U5164,n3084|n4750|n3442|n2955
XOR3X1,U5165,WX3441|WX3377|WX3313|n3084
XNOR3X1,U5166,n3087|n4750|n3443|n2958
XOR3X1,U5167,test_so29|WX3375|WX3311|n3087
XNOR3X1,U5168,n3090|n4750|n3444|n2961
XOR3X1,U5169,WX3437|WX3373|WX3309|n3090
XNOR3X1,U5170,n3093|n4750|n3445|n2964
XOR3X1,U5171,WX3435|WX3371|WX3307|n3093
XNOR3X1,U5172,n3096|n4750|n3446|n2967
XOR3X1,U5173,WX3433|test_so27|WX3305|n3096
XNOR3X1,U5174,n3099|n4750|n3447|n2970
XOR3X1,U5175,WX3431|WX3367|WX3303|n3099
XNOR3X1,U5176,n3102|n4762|n3448|n2973
XOR3X1,U5177,WX3429|WX3365|WX3301|n3102
XNOR3X1,U5178,n3105|n4763|n3449|n2976
XOR3X1,U5179,WX3427|WX3363|WX3299|n3105
XNOR3X1,U5180,n3108|n4762|n3450|n2979
XOR3X1,U5181,WX3425|WX3361|test_so25|n3108
XNOR3X1,U5182,n3067|n4749|n3451|n2555
XOR3X1,U5183,WX2160|WX2096|WX2032|n3067
XNOR3X1,U5184,n3070|n4749|n3452|n2558
XOR3X1,U5185,WX2158|WX2094|WX2030|n3070
XNOR3X1,U5186,n3073|n4749|n3453|n2561
XOR3X1,U5187,WX2156|WX2092|test_so15|n3073
XNOR3X1,U5188,n3076|n4749|n3454|n2564
XOR3X1,U5189,WX2154|WX2090|WX2026|n3076
XNOR3X1,U5190,n3079|n4749|n3455|n2567
XOR3X1,U5191,WX2152|WX2088|WX2024|n3079
XNOR3X1,U5192,n3082|n4750|n3456|n2570
XOR3X1,U5193,WX2150|WX2086|WX2022|n3082
XNOR3X1,U5194,n3085|n4750|n3457|n2573
XOR3X1,U5195,WX2148|WX2084|WX2020|n3085
XNOR3X1,U5196,n3088|n4750|n3458|n2576
XOR3X1,U5197,WX2146|WX2082|WX2018|n3088
XNOR3X1,U5198,n3091|n4750|n3459|n2579
XOR3X1,U5199,WX2144|WX2080|WX2016|n3091
XNOR3X1,U5200,n3094|n4750|n3460|n2582
XOR3X1,U5201,WX2142|WX2078|WX2014|n3094
XNOR3X1,U5202,n3097|n4750|n3461|n2585
XOR3X1,U5203,WX2140|WX2076|WX2012|n3097
XNOR3X1,U5204,n3100|n4764|n3462|n2588
XOR3X1,U5205,WX2138|WX2074|WX2010|n3100
XNOR3X1,U5206,n3103|n4764|n3463|n2591
XOR3X1,U5207,test_so18|WX2072|WX2008|n3103
XNOR3X1,U5208,n3106|n4750|n3464|n2604
XOR3X1,U5209,WX2134|WX2070|WX2006|n3106
XNOR3X1,U5210,n3109|n4764|n3465|n2617
XOR3X1,U5211,WX2132|WX2068|WX2004|n3109
XOR3X1,U5212,n3530|n3531|WX11051|n2154
XNOR2X1,U5213,WX11243|WX11179|n3530
XOR3X1,U5214,n3532|n3533|WX11049|n2157
XNOR2X1,U5215,WX11241|WX11177|n3532
XOR3X1,U5216,n3534|n3535|WX11047|n2160
XNOR2X1,U5217,test_so98|WX11175|n3534
XOR3X1,U5218,n3536|n3537|WX11045|n2163
XNOR2X1,U5219,WX11237|WX11173|n3536
XOR3X1,U5220,n3538|n3539|WX11043|n2166
XNOR2X1,U5221,WX11235|test_so96|n3538
XOR3X1,U5222,n3540|n3541|WX11041|n2169
XNOR2X1,U5223,WX11233|WX11169|n3540
XOR3X1,U5224,n3542|n3543|WX11039|n2172
XNOR2X1,U5225,WX11231|WX11167|n3542
XOR3X1,U5226,n3544|n3545|WX11037|n2175
XNOR2X1,U5227,WX11229|WX11165|n3544
XOR3X1,U5228,n3546|n3547|test_so92|n2178
XNOR2X1,U5229,WX11227|WX11163|n3546
XOR3X1,U5230,n3548|n3549|WX11033|n2181
XNOR2X1,U5231,WX11225|WX11161|n3548
XOR3X1,U5232,n3550|n3551|WX11031|n2184
XNOR2X1,U5233,WX11223|WX11159|n3550
XOR3X1,U5234,n3552|n3553|WX11029|n2187
XNOR2X1,U5235,WX11221|WX11157|n3552
XOR3X1,U5236,n3554|n3555|WX11027|n2190
XNOR2X1,U5237,WX11219|WX11155|n3554
XOR3X1,U5238,n3556|n3557|WX11025|n2193
XNOR2X1,U5239,WX11217|WX11153|n3556
XOR3X1,U5240,n3558|n3559|WX11023|n2196
XNOR2X1,U5241,WX11215|WX11151|n3558
XOR3X1,U5242,n3560|n3561|WX11021|n2199
XNOR2X1,U5243,WX11213|WX11149|n3560
XOR3X1,U5244,n3562|n3563|WX9758|n2150
XNOR2X1,U5245,WX9950|WX9886|n3562
XOR3X1,U5246,n3564|n3565|WX9756|n2155
XNOR2X1,U5247,WX9948|WX9884|n3564
XOR3X1,U5248,n3566|n3567|WX9754|n2158
XNOR2X1,U5249,WX9946|WX9882|n3566
XOR3X1,U5250,n3568|n3569|test_so81|n2161
XNOR2X1,U5251,WX9944|WX9880|n3568
XOR3X1,U5252,n3570|n3571|WX9750|n2164
XNOR2X1,U5253,WX9942|WX9878|n3570
XOR3X1,U5254,n3572|n3573|WX9748|n2167
XNOR2X1,U5255,WX9940|WX9876|n3572
XOR3X1,U5256,n3574|n3575|WX9746|n2170
XNOR2X1,U5257,WX9938|WX9874|n3574
XOR3X1,U5258,n3576|n3577|WX9744|n2173
XNOR2X1,U5259,WX9936|WX9872|n3576
XOR3X1,U5260,n3578|n3579|WX9742|n2176
XNOR2X1,U5261,WX9934|WX9870|n3578
XOR3X1,U5262,n3580|n3581|WX9740|n2179
XNOR2X1,U5263,WX9932|WX9868|n3580
XOR3X1,U5264,n3582|n3583|WX9738|n2182
XNOR2X1,U5265,WX9930|WX9866|n3582
XOR3X1,U5266,n3584|n3585|WX9736|n2185
XNOR2X1,U5267,WX9928|WX9864|n3584
XOR3X1,U5268,n3586|n3587|WX9734|n2188
XNOR2X1,U5269,WX9926|WX9862|n3586
XOR3X1,U5270,n3588|n3589|WX9732|n2191
XNOR2X1,U5271,WX9924|WX9860|n3588
XOR3X1,U5272,n3590|n3591|WX9730|n2194
XNOR2X1,U5273,test_so86|WX9858|n3590
XOR3X1,U5274,n3592|n3593|WX9728|n2197
XNOR2X1,U5275,WX9920|WX9856|n3592
XOR3X1,U5276,n3594|n3595|WX8465|n2281
XNOR2X1,U5277,WX8657|WX8593|n3594
XOR3X1,U5278,n3596|n3597|WX8463|n2284
XNOR2X1,U5279,WX8655|WX8591|n3596
XOR3X1,U5280,n3598|n3599|WX8461|n2287
XNOR2X1,U5281,WX8653|WX8589|n3598
XOR3X1,U5282,n3600|n3601|WX8459|n2290
XNOR2X1,U5283,WX8651|WX8587|n3600
XOR3X1,U5284,n3602|n3603|WX8457|n2293
XNOR2X1,U5285,WX8649|WX8585|n3602
XOR3X1,U5286,n3604|n3605|WX8455|n2296
XNOR2X1,U5287,WX8647|WX8583|n3604
XOR3X1,U5288,n3606|n3607|WX8453|n2299
XNOR2X1,U5289,WX8645|WX8581|n3606
XOR3X1,U5290,n3608|n3609|WX8451|n2302
XNOR2X1,U5291,WX8643|WX8579|n3608
XOR3X1,U5292,n3610|n3611|WX8449|n2305
XNOR2X1,U5293,WX8641|WX8577|n3610
XOR3X1,U5294,n3612|n3613|WX8447|n2308
XNOR2X1,U5295,test_so75|WX8575|n3612
XOR3X1,U5296,n3614|n3615|WX8445|n2311
XNOR2X1,U5297,WX8637|WX8573|n3614
XOR3X1,U5298,n3616|n3617|WX8443|n2314
XNOR2X1,U5299,WX8635|test_so73|n3616
XOR3X1,U5300,n3618|n3619|WX8441|n2317
XNOR2X1,U5301,WX8633|WX8569|n3618
XOR3X1,U5302,n3620|n3621|WX8439|n2320
XNOR2X1,U5303,WX8631|WX8567|n3620
XOR3X1,U5304,n3622|n3623|WX8437|n2323
XNOR2X1,U5305,WX8629|WX8565|n3622
XOR3X1,U5306,n3624|n3625|test_so69|n2326
XNOR2X1,U5307,WX8627|WX8563|n3624
XOR3X1,U5308,n3626|n3627|WX7172|n2409
XNOR2X1,U5309,WX7364|WX7300|n3626
XOR3X1,U5310,n3628|n3629|WX7170|n2412
XNOR2X1,U5311,WX7362|WX7298|n3628
XOR3X1,U5312,n3630|n3631|WX7168|n2415
XNOR2X1,U5313,WX7360|WX7296|n3630
XOR3X1,U5314,n3632|n3633|WX7166|n2418
XNOR2X1,U5315,WX7358|WX7294|n3632
XOR3X1,U5316,n3634|n3635|WX7164|n2421
XNOR2X1,U5317,test_so64|WX7292|n3634
XOR3X1,U5318,n3636|n3637|WX7162|n2424
XNOR2X1,U5319,WX7354|WX7290|n3636
XOR3X1,U5320,n3638|n3639|WX7160|n2427
XNOR2X1,U5321,WX7352|test_so62|n3638
XOR3X1,U5322,n3640|n3641|WX7158|n2430
XNOR2X1,U5323,WX7350|WX7286|n3640
XOR3X1,U5324,n3642|n3643|WX7156|n2433
XNOR2X1,U5325,WX7348|WX7284|n3642
XOR3X1,U5326,n3644|n3645|WX7154|n2436
XNOR2X1,U5327,WX7346|WX7282|n3644
XOR3X1,U5328,n3646|n3647|test_so58|n2439
XNOR2X1,U5329,WX7344|WX7280|n3646
XOR3X1,U5330,n3648|n3649|WX7150|n2442
XNOR2X1,U5331,WX7342|WX7278|n3648
XOR3X1,U5332,n3650|n3651|WX7148|n2445
XNOR2X1,U5333,WX7340|WX7276|n3650
XOR3X1,U5334,n3652|n3653|WX7146|n2448
XNOR2X1,U5335,WX7338|WX7274|n3652
XOR3X1,U5336,n3654|n3655|WX7144|n2451
XNOR2X1,U5337,WX7336|WX7272|n3654
XOR3X1,U5338,n3656|n3657|WX7142|n2454
XNOR2X1,U5339,WX7334|WX7270|n3656
XOR3X1,U5340,n3658|n3659|WX5879|n2633
XNOR2X1,U5341,WX6071|WX6007|n3658
XOR3X1,U5342,n3660|n3661|WX5877|n2636
XNOR2X1,U5343,WX6069|test_so51|n3660
XOR3X1,U5344,n3662|n3663|WX5875|n2639
XNOR2X1,U5345,WX6067|WX6003|n3662
XOR3X1,U5346,n3664|n3665|WX5873|n2642
XNOR2X1,U5347,WX6065|WX6001|n3664
XOR3X1,U5348,n3666|n3667|WX5871|n2645
XNOR2X1,U5349,WX6063|WX5999|n3666
XOR3X1,U5350,n3668|n3669|test_so47|n2648
XNOR2X1,U5351,WX6061|WX5997|n3668
XOR3X1,U5352,n3670|n3671|WX5867|n2651
XNOR2X1,U5353,WX6059|WX5995|n3670
XOR3X1,U5354,n3672|n3673|WX5865|n2654
XNOR2X1,U5355,WX6057|WX5993|n3672
XOR3X1,U5356,n3674|n3675|WX5863|n2657
XNOR2X1,U5357,WX6055|WX5991|n3674
XOR3X1,U5358,n3676|n3677|WX5861|n2660
XNOR2X1,U5359,WX6053|WX5989|n3676
XOR3X1,U5360,n3678|n3679|WX5859|n2663
XNOR2X1,U5361,WX6051|WX5987|n3678
XOR3X1,U5362,n3680|n3681|WX5857|n2666
XNOR2X1,U5363,WX6049|WX5985|n3680
XOR3X1,U5364,n3682|n3683|WX5855|n2669
XNOR2X1,U5365,WX6047|WX5983|n3682
XOR3X1,U5366,n3684|n3685|WX5853|n2672
XNOR2X1,U5367,WX6045|WX5981|n3684
XOR3X1,U5368,n3686|n3687|WX5851|n2675
XNOR2X1,U5369,WX6043|WX5979|n3686
XOR3X1,U5370,n3688|n3689|WX5849|n2678
XNOR2X1,U5371,WX6041|WX5977|n3688
XOR3X1,U5372,n3690|n3691|test_so36|n2761
XNOR2X1,U5373,WX4778|WX4714|n3690
XOR3X1,U5374,n3692|n3693|WX4584|n2764
XNOR2X1,U5375,WX4776|WX4712|n3692
XOR3X1,U5376,n3694|n3695|WX4582|n2767
XNOR2X1,U5377,WX4774|WX4710|n3694
XOR3X1,U5378,n3696|n3697|WX4580|n2770
XNOR2X1,U5379,WX4772|WX4708|n3696
XOR3X1,U5380,n3698|n3699|WX4578|n2773
XNOR2X1,U5381,WX4770|WX4706|n3698
XOR3X1,U5382,n3700|n3701|WX4576|n2776
XNOR2X1,U5383,WX4768|WX4704|n3700
XOR3X1,U5384,n3702|n3703|WX4574|n2779
XNOR2X1,U5385,WX4766|WX4702|n3702
XOR3X1,U5386,n3704|n3705|WX4572|n2782
XNOR2X1,U5387,WX4764|WX4700|n3704
XOR3X1,U5388,n3706|n3707|WX4570|n2785
XNOR2X1,U5389,WX4762|WX4698|n3706
XOR3X1,U5390,n3708|n3709|WX4568|n2788
XNOR2X1,U5391,WX4760|WX4696|n3708
XOR3X1,U5392,n3710|n3711|WX4566|n2791
XNOR2X1,U5393,WX4758|WX4694|n3710
XOR3X1,U5394,n3712|n3713|WX4564|n2794
XNOR2X1,U5395,test_so41|WX4692|n3712
XOR3X1,U5396,n3714|n3715|WX4562|n2797
XNOR2X1,U5397,WX4754|WX4690|n3714
XOR3X1,U5398,n3716|n3717|WX4560|n2800
XNOR2X1,U5399,WX4752|test_so39|n3716
XOR3X1,U5400,n3718|n3719|WX4558|n2803
XNOR2X1,U5401,WX4750|WX4686|n3718
XOR3X1,U5402,n3720|n3721|WX4556|n2806
XNOR2X1,U5403,WX4748|WX4684|n3720
XOR3X1,U5404,n3722|n3723|WX3293|n2889
XNOR2X1,U5405,WX3485|WX3421|n3722
XOR3X1,U5406,n3724|n3725|WX3291|n2892
XNOR2X1,U5407,WX3483|WX3419|n3724
XOR3X1,U5408,n3726|n3727|WX3289|n2895
XNOR2X1,U5409,WX3481|WX3417|n3726
XOR3X1,U5410,n3728|n3729|WX3287|n2898
XNOR2X1,U5411,WX3479|WX3415|n3728
XOR3X1,U5412,n3730|n3731|WX3285|n2901
XNOR2X1,U5413,WX3477|WX3413|n3730
XOR3X1,U5414,n3732|n3733|WX3283|n2904
XNOR2X1,U5415,WX3475|WX3411|n3732
XOR3X1,U5416,n3734|n3735|WX3281|n2907
XNOR2X1,U5417,test_so30|WX3409|n3734
XOR3X1,U5418,n3736|n3737|WX3279|n2910
XNOR2X1,U5419,WX3471|WX3407|n3736
XOR3X1,U5420,n3738|n3739|WX3277|n2913
XNOR2X1,U5421,WX3469|test_so28|n3738
XOR3X1,U5422,n3740|n3741|WX3275|n2916
XNOR2X1,U5423,WX3467|WX3403|n3740
XOR3X1,U5424,n3742|n3743|WX3273|n2919
XNOR2X1,U5425,WX3465|WX3401|n3742
XOR3X1,U5426,n3744|n3745|WX3271|n2922
XNOR2X1,U5427,WX3463|WX3399|n3744
XOR3X1,U5428,n3746|n3747|WX3269|n2925
XNOR2X1,U5429,WX3461|WX3397|n3746
XOR3X1,U5430,n3748|n3749|WX3267|n2928
XNOR2X1,U5431,WX3459|WX3395|n3748
XOR3X1,U5432,n3750|n3751|WX3265|n2931
XNOR2X1,U5433,WX3457|WX3393|n3750
XOR3X1,U5434,n3752|n3753|WX3263|n2934
XNOR2X1,U5435,WX3455|WX3391|n3752
XOR3X1,U5436,n3754|n3755|WX2000|n2507
XNOR2X1,U5437,WX2192|WX2128|n3754
XOR3X1,U5438,n3756|n3757|WX1998|n2510
XNOR2X1,U5439,WX2190|WX2126|n3756
XOR3X1,U5440,n3758|n3759|WX1996|n2513
XNOR2X1,U5441,WX2188|WX2124|n3758
XOR3X1,U5442,n3760|n3761|WX1994|n2516
XNOR2X1,U5443,WX2186|WX2122|n3760
XOR3X1,U5444,n3762|n3763|test_so14|n2519
XNOR2X1,U5445,WX2184|WX2120|n3762
XOR3X1,U5446,n3764|n3765|WX1990|n2522
XNOR2X1,U5447,WX2182|WX2118|n3764
XOR3X1,U5448,n3766|n3767|WX1988|n2525
XNOR2X1,U5449,WX2180|WX2116|n3766
XOR3X1,U5450,n3768|n3769|WX1986|n2528
XNOR2X1,U5451,WX2178|WX2114|n3768
XOR3X1,U5452,n3770|n3771|WX1984|n2531
XNOR2X1,U5453,WX2176|WX2112|n3770
XOR3X1,U5454,n3772|n3773|WX1982|n2534
XNOR2X1,U5455,WX2174|WX2110|n3772
XOR3X1,U5456,n3774|n3775|WX1980|n2537
XNOR2X1,U5457,test_so19|WX2108|n3774
XOR3X1,U5458,n3776|n3777|WX1978|n2540
XNOR2X1,U5459,WX2170|WX2106|n3776
XOR3X1,U5460,n3778|n3779|WX1976|n2543
XNOR2X1,U5461,WX2168|WX2104|n3778
XOR3X1,U5462,n3780|n3781|WX1974|n2546
XNOR2X1,U5463,WX2166|WX2102|n3780
XOR3X1,U5464,n3782|n3783|WX1972|n2549
XNOR2X1,U5465,WX2164|test_so17|n3782
XOR3X1,U5466,n3784|n3785|WX1970|n2552
XNOR2X1,U5467,WX2162|WX2098|n3784
NOR2X0,U5468,n3786|n4586|WX10888
NOR2X0,U5469,n3787|n4586|WX10886
NOR2X0,U5470,n3788|n4586|WX10884
NOR2X0,U5471,n3789|n4586|WX10882
NOR2X0,U5472,n3790|n4586|WX10880
NOR2X0,U5473,n3791|n4586|WX10878
NOR2X0,U5474,n3792|n4586|WX10876
NOR2X0,U5475,n3793|n4586|WX10874
NOR2X0,U5476,n3794|n4586|WX10872
NOR2X0,U5477,n3795|n4586|WX10870
NOR2X0,U5478,n3796|n4587|WX10868
NOR2X0,U5479,n3797|n4587|WX10866
NOR2X0,U5480,n3798|n4587|WX10864
NOR2X0,U5481,n3799|n4587|WX10862
NOR2X0,U5482,n3800|n4587|WX10860
NOR2X0,U5483,n3801|n4587|WX10858
NOR2X0,U5484,n3802|n4587|WX10856
NOR2X0,U5485,n3803|n4587|WX10854
NOR2X0,U5486,n3804|n4587|WX10852
NOR2X0,U5487,n3805|n4587|WX10850
NOR2X0,U5488,n3806|n4587|WX10848
NOR2X0,U5489,n3807|n4587|WX10846
NOR2X0,U5490,n3808|n4587|WX10844
NOR2X0,U5491,n3809|n4587|WX10842
NOR2X0,U5492,n3810|n4587|WX10840
NOR2X0,U5493,n3811|n4588|WX10838
NOR2X0,U5494,n3812|n4588|WX10836
NOR2X0,U5495,n3813|n4588|WX10834
NOR2X0,U5496,n3814|n4588|WX10832
NOR2X0,U5497,n3815|n4588|WX10830
NOR2X0,U5498,n3816|n4588|WX10828
NOR2X0,U5499,n3817|n4612|WX9595
NOR2X0,U5500,n3818|n4612|WX9593
NOR2X0,U5501,n3819|n4612|WX9591
NOR2X0,U5502,n3820|n4612|WX9589
NOR2X0,U5503,n3821|n4612|WX9587
NOR2X0,U5504,n3822|n4612|WX9585
NOR2X0,U5505,n3823|n4612|WX9583
NOR2X0,U5506,n3824|n4612|WX9581
NOR2X0,U5507,n3825|n4612|WX9579
NOR2X0,U5508,n3826|n4613|WX9577
NOR2X0,U5509,n3827|n4613|WX9575
NOR2X0,U5510,n3828|n4613|WX9573
NOR2X0,U5511,n3829|n4613|WX9571
NOR2X0,U5512,n3830|n4613|WX9569
NOR2X0,U5513,n3831|n4613|WX9567
NOR2X0,U5514,n3832|n4613|WX9565
NOR2X0,U5515,n3833|n4613|WX9563
NOR2X0,U5516,n3834|n4613|WX9561
NOR2X0,U5517,n3835|n4613|WX9559
NOR2X0,U5518,n3836|n4613|WX9557
NOR2X0,U5519,n3837|n4613|WX9555
NOR2X0,U5520,n3838|n4613|WX9553
NOR2X0,U5521,n3839|n4613|WX9551
NOR2X0,U5522,n3840|n4613|WX9549
NOR2X0,U5523,n3841|n4614|WX9547
NOR2X0,U5524,n3842|n4614|WX9545
NOR2X0,U5525,n3843|n4614|WX9543
NOR2X0,U5526,n3844|n4614|WX9541
NOR2X0,U5527,n3845|n4614|WX9539
NOR2X0,U5528,n3846|n4614|WX9537
NOR2X0,U5529,n3847|n4614|WX9535
NOR2X0,U5530,n3848|n4601|WX8302
NOR2X0,U5531,n3849|n4601|WX8300
NOR2X0,U5532,n3850|n4601|WX8298
NOR2X0,U5533,n3851|n4601|WX8296
NOR2X0,U5534,n3852|n4601|WX8294
NOR2X0,U5535,n3853|n4601|WX8292
NOR2X0,U5536,n3854|n4601|WX8290
NOR2X0,U5537,n3855|n4601|WX8288
NOR2X0,U5538,n3856|n4601|WX8286
NOR2X0,U5539,n3857|n4602|WX8284
NOR2X0,U5540,n3858|n4602|WX8282
NOR2X0,U5541,n3859|n4602|WX8280
NOR2X0,U5542,n3860|n4602|WX8278
NOR2X0,U5543,n3861|n4602|WX8276
NOR2X0,U5544,n3862|n4602|WX8274
NOR2X0,U5545,n3863|n4602|WX8272
NOR2X0,U5546,n3864|n4602|WX8270
NOR2X0,U5547,n3865|n4602|WX8268
NOR2X0,U5548,n3866|n4602|WX8266
NOR2X0,U5549,n3867|n4602|WX8264
NOR2X0,U5550,n3868|n4602|WX8262
NOR2X0,U5551,n3869|n4602|WX8260
NOR2X0,U5552,n3870|n4603|WX8258
NOR2X0,U5553,n3871|n4603|WX8256
NOR2X0,U5554,n3872|n4603|WX8254
NOR2X0,U5555,n3873|n4603|WX8252
NOR2X0,U5556,n3874|n4603|WX8250
NOR2X0,U5557,n3875|n4603|WX8248
NOR2X0,U5558,n3876|n4603|WX8246
NOR2X0,U5559,n3877|n4603|WX8244
NOR2X0,U5560,n3878|n4603|WX8242
NOR2X0,U5561,n3879|n4633|WX7009
NOR2X0,U5562,n3880|n4633|WX7007
NOR2X0,U5563,n3881|n4633|WX7005
NOR2X0,U5564,n3882|n4633|WX7003
NOR2X0,U5565,n3883|n4633|WX7001
NOR2X0,U5566,n3884|n4634|WX6999
NOR2X0,U5567,n3885|n4634|WX6997
NOR2X0,U5568,n3886|n4634|WX6995
NOR2X0,U5569,n3887|n4634|WX6993
NOR2X0,U5570,n3888|n4634|WX6991
NOR2X0,U5571,n3889|n4634|WX6989
NOR2X0,U5572,n3890|n4634|WX6987
NOR2X0,U5573,n3891|n4634|WX6985
NOR2X0,U5574,n3892|n4634|WX6983
NOR2X0,U5575,n3893|n4634|WX6981
NOR2X0,U5576,n3894|n4634|WX6979
NOR2X0,U5577,n3895|n4634|WX6977
NOR2X0,U5578,n3896|n4634|WX6975
NOR2X0,U5579,n3897|n4634|WX6973
NOR2X0,U5580,n3898|n4634|WX6971
NOR2X0,U5581,n3899|n4635|WX6969
NOR2X0,U5582,n3900|n4635|WX6967
NOR2X0,U5583,n3901|n4635|WX6965
NOR2X0,U5584,n3902|n4635|WX6963
NOR2X0,U5585,n3903|n4635|WX6961
NOR2X0,U5586,n3904|n4635|WX6959
NOR2X0,U5587,n3905|n4635|WX6957
NOR2X0,U5588,n3906|n4635|WX6955
NOR2X0,U5589,n3907|n4635|WX6953
NOR2X0,U5590,n3908|n4635|WX6951
NOR2X0,U5591,n3909|n4635|WX6949
NOR2X0,U5592,n3910|n4620|WX5716
NOR2X0,U5593,n3911|n4620|WX5714
NOR2X0,U5594,n3912|n4620|WX5712
NOR2X0,U5595,n3913|n4620|WX5710
NOR2X0,U5596,n3914|n4620|WX5708
NOR2X0,U5597,n3915|n4620|WX5706
NOR2X0,U5598,n3916|n4620|WX5704
NOR2X0,U5599,n3917|n4620|WX5702
NOR2X0,U5600,n3918|n4620|WX5700
NOR2X0,U5601,n3919|n4620|WX5698
NOR2X0,U5602,n3920|n4621|WX5696
NOR2X0,U5603,n3921|n4621|WX5694
NOR2X0,U5604,n3922|n4621|WX5692
NOR2X0,U5605,n3923|n4621|WX5690
NOR2X0,U5606,n3924|n4621|WX5688
NOR2X0,U5607,n3925|n4621|WX5686
NOR2X0,U5608,n3926|n4621|WX5684
NOR2X0,U5609,n3927|n4621|WX5682
NOR2X0,U5610,n3928|n4621|WX5680
NOR2X0,U5611,n3929|n4621|WX5678
NOR2X0,U5612,n3930|n4621|WX5676
NOR2X0,U5613,n3931|n4621|WX5674
NOR2X0,U5614,n3932|n4621|WX5672
NOR2X0,U5615,n3933|n4621|WX5670
NOR2X0,U5616,n3934|n4621|WX5668
NOR2X0,U5617,n3935|n4622|WX5666
NOR2X0,U5618,n3936|n4622|WX5664
NOR2X0,U5619,n3937|n4622|WX5662
NOR2X0,U5620,n3938|n4622|WX5660
NOR2X0,U5621,n3939|n4622|WX5658
NOR2X0,U5622,n3940|n4622|WX5656
NOR2X0,U5623,n3941|n4573|WX4423
NOR2X0,U5624,n3942|n4572|WX4421
NOR2X0,U5625,n3943|n4572|WX4419
NOR2X0,U5626,n3944|n4572|WX4417
NOR2X0,U5627,n3945|n4572|WX4415
NOR2X0,U5628,n3946|n4573|WX4413
NOR2X0,U5629,n3947|n4572|WX4411
NOR2X0,U5630,n3948|n4572|WX4409
NOR2X0,U5631,n3949|n4572|WX4407
NOR2X0,U5632,n3950|n4572|WX4405
NOR2X0,U5633,n3951|n4571|WX4403
NOR2X0,U5634,n3952|n4572|WX4401
NOR2X0,U5635,n3953|n4569|WX4399
NOR2X0,U5636,n3954|n4568|WX4397
NOR2X0,U5637,n3955|n4572|WX4395
NOR2X0,U5638,n3956|n4566|WX4393
NOR2X0,U5639,n3957|n4571|WX4391
NOR2X0,U5640,n3958|n4564|WX4389
NOR2X0,U5641,n3959|n4570|WX4387
NOR2X0,U5642,n3960|n4560|WX4385
NOR2X0,U5643,n3961|n4559|WX4383
NOR2X0,U5644,n3962|n4567|WX4381
NOR2X0,U5645,n3963|n4571|WX4379
NOR2X0,U5646,n3964|n4558|WX4377
NOR2X0,U5647,n3965|n4574|WX4375
NOR2X0,U5648,n3966|n4565|WX4373
NOR2X0,U5649,n3967|n4563|WX4371
NOR2X0,U5650,n3968|n4562|WX4369
NOR2X0,U5651,n3969|n4561|WX4367
NOR2X0,U5652,n3970|n4556|WX4365
NOR2X0,U5653,n3971|n4557|WX4363
NOR2X0,U5654,n3972|n4592|WX3130
NOR2X0,U5655,n3973|n4588|WX3128
NOR2X0,U5656,n3974|n4588|WX3126
NOR2X0,U5657,n3975|n4588|WX3124
NOR2X0,U5658,n3976|n4588|WX3122
NOR2X0,U5659,n3977|n4588|WX3120
NOR2X0,U5660,n3978|n4588|WX3118
NOR2X0,U5661,n3979|n4588|WX3116
NOR2X0,U5662,n3980|n4588|WX3114
NOR2X0,U5663,n3981|n4588|WX3112
NOR2X0,U5664,n3982|n4589|WX3110
NOR2X0,U5665,n3983|n4589|WX3108
NOR2X0,U5666,n3984|n4589|WX3106
NOR2X0,U5667,n3985|n4589|WX3104
NOR2X0,U5668,n3986|n4589|WX3102
NOR2X0,U5669,n3987|n4589|WX3100
NOR2X0,U5670,n3988|n4589|WX3098
NOR2X0,U5671,n3989|n4589|WX3096
NOR2X0,U5672,n3990|n4589|WX3094
NOR2X0,U5673,n3991|n4589|WX3092
NOR2X0,U5674,n3992|n4589|WX3090
NOR2X0,U5675,n3993|n4589|WX3088
NOR2X0,U5676,n3994|n4589|WX3086
NOR2X0,U5677,n3995|n4589|WX3084
NOR2X0,U5678,n3996|n4589|WX3082
NOR2X0,U5679,n3997|n4590|WX3080
NOR2X0,U5680,n3998|n4590|WX3078
NOR2X0,U5681,n3999|n4590|WX3076
NOR2X0,U5682,n4000|n4590|WX3074
NOR2X0,U5683,n4001|n4590|WX3072
NOR2X0,U5684,n4002|n4590|WX3070
NOR2X0,U5685,n4003|n4595|WX1837
NOR2X0,U5686,n4004|n4595|WX1835
NOR2X0,U5687,n4005|n4595|WX1833
NOR2X0,U5688,n4006|n4596|WX1831
NOR2X0,U5689,n4007|n4596|WX1829
NOR2X0,U5690,n4008|n4596|WX1827
NOR2X0,U5691,n4009|n4596|WX1825
NOR2X0,U5692,n4010|n4596|WX1823
NOR2X0,U5693,n4011|n4596|WX1821
NOR2X0,U5694,n4012|n4596|WX1819
NOR2X0,U5695,n4013|n4596|WX1817
NOR2X0,U5696,n4014|n4596|WX1815
NOR2X0,U5697,n4015|n4596|WX1813
NOR2X0,U5698,n4016|n4596|WX1811
NOR2X0,U5699,n4017|n4596|WX1809
NOR2X0,U5700,n4018|n4596|WX1807
NOR2X0,U5701,n4019|n4584|WX1805
NOR2X0,U5702,n4020|n4579|WX1803
NOR2X0,U5703,n4021|n4580|WX1801
NOR2X0,U5704,n4022|n4580|WX1799
NOR2X0,U5705,n4023|n4580|WX1797
NOR2X0,U5706,n4024|n4580|WX1795
NOR2X0,U5707,n4025|n4580|WX1793
NOR2X0,U5708,n4026|n4580|WX1791
NOR2X0,U5709,n4027|n4580|WX1789
NOR2X0,U5710,n4028|n4580|WX1787
NOR2X0,U5711,n4029|n4580|WX1785
NOR2X0,U5712,n4030|n4580|WX1783
NOR2X0,U5713,n4031|n4580|WX1781
NOR2X0,U5714,n4032|n4580|WX1779
NOR2X0,U5715,n4033|n4580|WX1777
ISOLANDX1,U5716,WX547|n4622|WX544
ISOLANDX1,U5717,WX545|n4622|WX542
ISOLANDX1,U5718,WX543|n4622|WX540
ISOLANDX1,U5719,WX541|n4622|WX538
ISOLANDX1,U5720,WX539|n4622|WX536
ISOLANDX1,U5721,WX537|n4622|WX534
ISOLANDX1,U5722,WX535|n4622|WX532
ISOLANDX1,U5723,WX533|n4622|WX530
ISOLANDX1,U5724,WX531|n4623|WX528
ISOLANDX1,U5725,WX529|n4623|WX526
ISOLANDX1,U5726,WX527|n4623|WX524
ISOLANDX1,U5727,WX525|n4623|WX522
ISOLANDX1,U5728,WX523|n4623|WX520
ISOLANDX1,U5729,WX521|n4623|WX518
ISOLANDX1,U5730,test_so1|n4623|WX516
ISOLANDX1,U5731,WX517|n4623|WX514
ISOLANDX1,U5732,WX515|n4623|WX512
ISOLANDX1,U5733,WX513|n4623|WX510
ISOLANDX1,U5734,WX511|n4623|WX508
ISOLANDX1,U5735,WX509|n4623|WX506
ISOLANDX1,U5736,WX507|n4623|WX504
ISOLANDX1,U5737,WX505|n4623|WX502
ISOLANDX1,U5738,WX503|n4623|WX500
ISOLANDX1,U5739,WX501|n4624|WX498
ISOLANDX1,U5740,WX499|n4624|WX496
ISOLANDX1,U5741,WX497|n4624|WX494
ISOLANDX1,U5742,WX495|n4624|WX492
ISOLANDX1,U5743,WX493|n4624|WX490
ISOLANDX1,U5744,WX491|n4624|WX488
ISOLANDX1,U5745,WX489|n4624|WX486
ISOLANDX1,U5746,WX487|n4624|WX484
ISOLANDX1,U5747,WX5939|n4638|WX6002
ISOLANDX1,U5748,test_so49|n4638|WX6000
ISOLANDX1,U5749,WX5935|n4638|WX5998
ISOLANDX1,U5750,WX5933|n4638|WX5996
ISOLANDX1,U5751,WX5931|n4638|WX5994
ISOLANDX1,U5752,WX3269|n4571|WX3332
ISOLANDX1,U5753,WX3265|n4571|WX3328
ISOLANDX1,U5754,WX3263|n4571|WX3326
ISOLANDX1,U5755,WX11179|n4580|WX11242
ISOLANDX1,U5756,WX11177|n4580|WX11240
ISOLANDX1,U5757,WX11175|n4581|WX11238
ISOLANDX1,U5758,WX11173|n4581|WX11236
ISOLANDX1,U5759,test_so96|n4581|WX11234
ISOLANDX1,U5760,WX11169|n4581|WX11232
ISOLANDX1,U5761,WX11167|n4581|WX11230
ISOLANDX1,U5762,WX11165|n4581|WX11228
ISOLANDX1,U5763,WX11163|n4581|WX11226
ISOLANDX1,U5764,WX11161|n4581|WX11224
ISOLANDX1,U5765,WX11159|n4581|WX11222
ISOLANDX1,U5766,WX11157|n4581|WX11220
ISOLANDX1,U5767,WX11155|n4581|WX11218
ISOLANDX1,U5768,WX11153|n4581|WX11216
ISOLANDX1,U5769,WX11151|n4581|WX11214
ISOLANDX1,U5770,WX11149|n4581|WX11212
ISOLANDX1,U5771,WX11147|n4581|WX11210
ISOLANDX1,U5772,WX11145|n4582|WX11208
ISOLANDX1,U5773,WX11143|n4582|WX11206
ISOLANDX1,U5774,WX11141|n4582|WX11204
ISOLANDX1,U5775,WX11139|n4582|WX11202
ISOLANDX1,U5776,test_so95|n4582|WX11200
ISOLANDX1,U5777,WX11135|n4582|WX11198
ISOLANDX1,U5778,WX11133|n4582|WX11196
ISOLANDX1,U5779,WX11131|n4582|WX11194
ISOLANDX1,U5780,WX11129|n4582|WX11192
ISOLANDX1,U5781,WX11127|n4582|WX11190
ISOLANDX1,U5782,WX11125|n4582|WX11188
ISOLANDX1,U5783,WX11123|n4582|WX11186
ISOLANDX1,U5784,WX11121|n4582|WX11184
ISOLANDX1,U5785,WX11119|n4582|WX11182
ISOLANDX1,U5786,WX11117|n4582|WX11180
ISOLANDX1,U5787,WX11115|n4583|WX11178
ISOLANDX1,U5788,WX11113|n4583|WX11176
ISOLANDX1,U5789,WX11111|n4583|WX11174
ISOLANDX1,U5790,WX11109|n4583|WX11172
ISOLANDX1,U5791,WX11107|n4583|WX11170
ISOLANDX1,U5792,WX11105|n4583|WX11168
ISOLANDX1,U5793,test_so94|n4583|WX11166
ISOLANDX1,U5794,WX11101|n4583|WX11164
ISOLANDX1,U5795,WX11099|n4583|WX11162
ISOLANDX1,U5796,WX11097|n4583|WX11160
ISOLANDX1,U5797,WX11095|n4583|WX11158
ISOLANDX1,U5798,WX11093|n4583|WX11156
ISOLANDX1,U5799,WX11091|n4583|WX11154
ISOLANDX1,U5800,WX11089|n4583|WX11152
ISOLANDX1,U5801,WX11087|n4583|WX11150
ISOLANDX1,U5802,WX11085|n4584|WX11148
ISOLANDX1,U5803,WX11083|n4584|WX11146
ISOLANDX1,U5804,WX11081|n4584|WX11144
ISOLANDX1,U5805,WX11079|n4584|WX11142
ISOLANDX1,U5806,WX11077|n4584|WX11140
ISOLANDX1,U5807,WX11075|n4584|WX11138
ISOLANDX1,U5808,WX11073|n4584|WX11136
ISOLANDX1,U5809,WX11071|n4584|WX11134
ISOLANDX1,U5810,test_so93|n4584|WX11132
ISOLANDX1,U5811,WX11067|n4584|WX11130
ISOLANDX1,U5812,WX11065|n4584|WX11128
ISOLANDX1,U5813,WX11063|n4584|WX11126
ISOLANDX1,U5814,WX11061|n4584|WX11124
ISOLANDX1,U5815,WX11059|n4584|WX11122
ISOLANDX1,U5816,WX11057|n4585|WX11120
ISOLANDX1,U5817,WX11055|n4585|WX11118
ISOLANDX1,U5818,WX11053|n4585|WX11116
ISOLANDX1,U5819,WX11051|n4585|WX11114
ISOLANDX1,U5820,WX11049|n4585|WX11112
ISOLANDX1,U5821,WX11047|n4585|WX11110
ISOLANDX1,U5822,WX11045|n4585|WX11108
ISOLANDX1,U5823,WX11043|n4585|WX11106
ISOLANDX1,U5824,WX11041|n4585|WX11104
ISOLANDX1,U5825,WX11039|n4585|WX11102
ISOLANDX1,U5826,WX11037|n4585|WX11100
ISOLANDX1,U5827,test_so92|n4585|WX11098
ISOLANDX1,U5828,WX11033|n4585|WX11096
ISOLANDX1,U5829,WX11031|n4585|WX11094
ISOLANDX1,U5830,WX11029|n4585|WX11092
ISOLANDX1,U5831,WX11027|n4586|WX11090
ISOLANDX1,U5832,WX11025|n4586|WX11088
ISOLANDX1,U5833,WX11023|n4586|WX11086
ISOLANDX1,U5834,WX11021|n4586|WX11084
ISOLANDX1,U5835,WX9886|n4596|WX9949
ISOLANDX1,U5836,WX9884|n4572|WX9947
ISOLANDX1,U5837,WX9882|n4617|WX9945
ISOLANDX1,U5838,WX9880|n4612|WX9943
ISOLANDX1,U5839,WX9878|n4607|WX9941
ISOLANDX1,U5840,WX9876|n4607|WX9939
ISOLANDX1,U5841,WX9874|n4607|WX9937
ISOLANDX1,U5842,WX9872|n4607|WX9935
ISOLANDX1,U5843,WX9870|n4607|WX9933
ISOLANDX1,U5844,WX9868|n4607|WX9931
ISOLANDX1,U5845,WX9866|n4607|WX9929
ISOLANDX1,U5846,WX9864|n4607|WX9927
ISOLANDX1,U5847,WX9862|n4607|WX9925
ISOLANDX1,U5848,WX9860|n4607|WX9923
ISOLANDX1,U5849,WX9858|n4607|WX9921
ISOLANDX1,U5850,WX9856|n4608|WX9919
ISOLANDX1,U5851,test_so84|n4608|WX9917
ISOLANDX1,U5852,WX9852|n4608|WX9915
ISOLANDX1,U5853,WX9850|n4608|WX9913
ISOLANDX1,U5854,WX9848|n4608|WX9911
ISOLANDX1,U5855,WX9846|n4608|WX9909
ISOLANDX1,U5856,WX9844|n4608|WX9907
ISOLANDX1,U5857,WX9842|n4608|WX9905
ISOLANDX1,U5858,WX9840|n4608|WX9903
ISOLANDX1,U5859,WX9838|n4608|WX9901
ISOLANDX1,U5860,WX9836|n4608|WX9899
ISOLANDX1,U5861,WX9834|n4608|WX9897
ISOLANDX1,U5862,WX9832|n4608|WX9895
ISOLANDX1,U5863,WX9830|n4608|WX9893
ISOLANDX1,U5864,WX9828|n4608|WX9891
ISOLANDX1,U5865,WX9826|n4609|WX9889
ISOLANDX1,U5866,WX9824|n4609|WX9887
ISOLANDX1,U5867,WX9822|n4609|WX9885
ISOLANDX1,U5868,test_so83|n4609|WX9883
ISOLANDX1,U5869,WX9818|n4609|WX9881
ISOLANDX1,U5870,WX9816|n4609|WX9879
ISOLANDX1,U5871,WX9814|n4609|WX9877
ISOLANDX1,U5872,WX9812|n4609|WX9875
ISOLANDX1,U5873,WX9810|n4609|WX9873
ISOLANDX1,U5874,WX9808|n4609|WX9871
ISOLANDX1,U5875,WX9806|n4609|WX9869
ISOLANDX1,U5876,WX9804|n4609|WX9867
ISOLANDX1,U5877,WX9802|n4609|WX9865
ISOLANDX1,U5878,WX9800|n4609|WX9863
ISOLANDX1,U5879,WX9798|n4609|WX9861
ISOLANDX1,U5880,WX9796|n4610|WX9859
ISOLANDX1,U5881,WX9794|n4610|WX9857
ISOLANDX1,U5882,WX9792|n4610|WX9855
ISOLANDX1,U5883,WX9790|n4610|WX9853
ISOLANDX1,U5884,WX9788|n4610|WX9851
ISOLANDX1,U5885,test_so82|n4610|WX9849
ISOLANDX1,U5886,WX9784|n4610|WX9847
ISOLANDX1,U5887,WX9782|n4610|WX9845
ISOLANDX1,U5888,WX9780|n4610|WX9843
ISOLANDX1,U5889,WX9778|n4610|WX9841
ISOLANDX1,U5890,WX9776|n4610|WX9839
ISOLANDX1,U5891,WX9774|n4610|WX9837
ISOLANDX1,U5892,WX9772|n4610|WX9835
ISOLANDX1,U5893,WX9770|n4610|WX9833
ISOLANDX1,U5894,WX9768|n4610|WX9831
ISOLANDX1,U5895,WX9766|n4611|WX9829
ISOLANDX1,U5896,WX9764|n4611|WX9827
ISOLANDX1,U5897,WX9762|n4611|WX9825
ISOLANDX1,U5898,WX9760|n4611|WX9823
ISOLANDX1,U5899,WX9758|n4611|WX9821
ISOLANDX1,U5900,WX9756|n4611|WX9819
ISOLANDX1,U5901,WX9754|n4611|WX9817
ISOLANDX1,U5902,test_so81|n4611|WX9815
ISOLANDX1,U5903,WX9750|n4611|WX9813
ISOLANDX1,U5904,WX9748|n4611|WX9811
ISOLANDX1,U5905,WX9746|n4611|WX9809
ISOLANDX1,U5906,WX9744|n4611|WX9807
ISOLANDX1,U5907,WX9742|n4611|WX9805
ISOLANDX1,U5908,WX9740|n4611|WX9803
ISOLANDX1,U5909,WX9738|n4611|WX9801
ISOLANDX1,U5910,WX9736|n4612|WX9799
ISOLANDX1,U5911,WX9734|n4612|WX9797
ISOLANDX1,U5912,WX9732|n4612|WX9795
ISOLANDX1,U5913,WX9730|n4612|WX9793
ISOLANDX1,U5914,WX9728|n4612|WX9791
ISOLANDX1,U5915,WX8593|n4615|WX8656
ISOLANDX1,U5916,WX8591|n4615|WX8654
ISOLANDX1,U5917,WX8589|n4615|WX8652
ISOLANDX1,U5918,WX8587|n4615|WX8650
ISOLANDX1,U5919,WX8585|n4615|WX8648
ISOLANDX1,U5920,WX8583|n4615|WX8646
ISOLANDX1,U5921,WX8581|n4616|WX8644
ISOLANDX1,U5922,WX8579|n4616|WX8642
ISOLANDX1,U5923,WX8577|n4616|WX8640
ISOLANDX1,U5924,WX8575|n4616|WX8638
ISOLANDX1,U5925,WX8573|n4616|WX8636
ISOLANDX1,U5926,test_so73|n4616|WX8634
ISOLANDX1,U5927,WX8569|n4616|WX8632
ISOLANDX1,U5928,WX8567|n4616|WX8630
ISOLANDX1,U5929,WX8565|n4616|WX8628
ISOLANDX1,U5930,WX8563|n4616|WX8626
ISOLANDX1,U5931,WX8561|n4616|WX8624
ISOLANDX1,U5932,WX8559|n4616|WX8622
ISOLANDX1,U5933,WX8557|n4616|WX8620
ISOLANDX1,U5934,WX8555|n4617|WX8618
ISOLANDX1,U5935,WX8553|n4617|WX8616
ISOLANDX1,U5936,WX8551|n4617|WX8614
ISOLANDX1,U5937,WX8549|n4617|WX8612
ISOLANDX1,U5938,WX8547|n4617|WX8610
ISOLANDX1,U5939,WX8545|n4617|WX8608
ISOLANDX1,U5940,WX8543|n4617|WX8606
ISOLANDX1,U5941,WX8541|n4617|WX8604
ISOLANDX1,U5942,WX8539|n4617|WX8602
ISOLANDX1,U5943,test_so72|n4602|WX8600
ISOLANDX1,U5944,WX8535|n4597|WX8598
ISOLANDX1,U5945,WX8533|n4597|WX8596
ISOLANDX1,U5946,WX8531|n4597|WX8594
ISOLANDX1,U5947,WX8529|n4597|WX8592
ISOLANDX1,U5948,WX8527|n4597|WX8590
ISOLANDX1,U5949,WX8525|n4597|WX8588
ISOLANDX1,U5950,WX8523|n4597|WX8586
ISOLANDX1,U5951,WX8521|n4597|WX8584
ISOLANDX1,U5952,WX8519|n4597|WX8582
ISOLANDX1,U5953,WX8517|n4597|WX8580
ISOLANDX1,U5954,WX8515|n4597|WX8578
ISOLANDX1,U5955,WX8513|n4597|WX8576
ISOLANDX1,U5956,WX8511|n4597|WX8574
ISOLANDX1,U5957,WX8509|n4597|WX8572
ISOLANDX1,U5958,WX8507|n4598|WX8570
ISOLANDX1,U5959,WX8505|n4598|WX8568
ISOLANDX1,U5960,test_so71|n4598|WX8566
ISOLANDX1,U5961,WX8501|n4598|WX8564
ISOLANDX1,U5962,WX8499|n4598|WX8562
ISOLANDX1,U5963,WX8497|n4598|WX8560
ISOLANDX1,U5964,WX8495|n4598|WX8558
ISOLANDX1,U5965,WX8493|n4598|WX8556
ISOLANDX1,U5966,WX8491|n4598|WX8554
ISOLANDX1,U5967,WX8489|n4598|WX8552
ISOLANDX1,U5968,WX8487|n4598|WX8550
ISOLANDX1,U5969,WX8485|n4598|WX8548
ISOLANDX1,U5970,WX8483|n4598|WX8546
ISOLANDX1,U5971,WX8481|n4598|WX8544
ISOLANDX1,U5972,WX8479|n4599|WX8542
ISOLANDX1,U5973,WX8477|n4599|WX8540
ISOLANDX1,U5974,WX8475|n4599|WX8538
ISOLANDX1,U5975,WX8473|n4599|WX8536
ISOLANDX1,U5976,WX8471|n4599|WX8534
ISOLANDX1,U5977,test_so70|n4599|WX8532
ISOLANDX1,U5978,WX8467|n4599|WX8530
ISOLANDX1,U5979,WX8465|n4599|WX8528
ISOLANDX1,U5980,WX8463|n4599|WX8526
ISOLANDX1,U5981,WX8461|n4599|WX8524
ISOLANDX1,U5982,WX8459|n4599|WX8522
ISOLANDX1,U5983,WX8457|n4599|WX8520
ISOLANDX1,U5984,WX8455|n4599|WX8518
ISOLANDX1,U5985,WX8453|n4600|WX8516
ISOLANDX1,U5986,WX8451|n4600|WX8514
ISOLANDX1,U5987,WX8449|n4600|WX8512
ISOLANDX1,U5988,WX8447|n4600|WX8510
ISOLANDX1,U5989,WX8445|n4600|WX8508
ISOLANDX1,U5990,WX8443|n4600|WX8506
ISOLANDX1,U5991,WX8441|n4600|WX8504
ISOLANDX1,U5992,WX8439|n4600|WX8502
ISOLANDX1,U5993,WX8437|n4600|WX8500
ISOLANDX1,U5994,test_so69|n4600|WX8498
ISOLANDX1,U5995,WX7300|n4606|WX7363
ISOLANDX1,U5996,WX7298|n4606|WX7361
ISOLANDX1,U5997,WX7296|n4606|WX7359
ISOLANDX1,U5998,WX7294|n4606|WX7357
ISOLANDX1,U5999,WX7292|n4606|WX7355
ISOLANDX1,U6000,WX7290|n4607|WX7353
ISOLANDX1,U6001,test_so62|n4607|WX7351
ISOLANDX1,U6002,WX7286|n4607|WX7349
ISOLANDX1,U6003,WX7284|n4607|WX7347
ISOLANDX1,U6004,WX7282|n4633|WX7345
ISOLANDX1,U6005,WX7280|n4628|WX7343
ISOLANDX1,U6006,WX7278|n4628|WX7341
ISOLANDX1,U6007,WX7276|n4628|WX7339
ISOLANDX1,U6008,WX7274|n4628|WX7337
ISOLANDX1,U6009,WX7272|n4628|WX7335
ISOLANDX1,U6010,WX7270|n4628|WX7333
ISOLANDX1,U6011,WX7268|n4628|WX7331
ISOLANDX1,U6012,WX7266|n4628|WX7329
ISOLANDX1,U6013,WX7264|n4628|WX7327
ISOLANDX1,U6014,WX7262|n4628|WX7325
ISOLANDX1,U6015,WX7260|n4628|WX7323
ISOLANDX1,U6016,WX7258|n4628|WX7321
ISOLANDX1,U6017,WX7256|n4628|WX7319
ISOLANDX1,U6018,test_so61|n4629|WX7317
ISOLANDX1,U6019,WX7252|n4629|WX7315
ISOLANDX1,U6020,WX7250|n4629|WX7313
ISOLANDX1,U6021,WX7248|n4629|WX7311
ISOLANDX1,U6022,WX7246|n4629|WX7309
ISOLANDX1,U6023,WX7244|n4629|WX7307
ISOLANDX1,U6024,WX7242|n4629|WX7305
ISOLANDX1,U6025,WX7240|n4629|WX7303
ISOLANDX1,U6026,WX7238|n4629|WX7301
ISOLANDX1,U6027,WX7236|n4629|WX7299
ISOLANDX1,U6028,WX7234|n4629|WX7297
ISOLANDX1,U6029,WX7232|n4629|WX7295
ISOLANDX1,U6030,WX7230|n4629|WX7293
ISOLANDX1,U6031,WX7228|n4629|WX7291
ISOLANDX1,U6032,WX7226|n4630|WX7289
ISOLANDX1,U6033,WX7224|n4630|WX7287
ISOLANDX1,U6034,WX7222|n4630|WX7285
ISOLANDX1,U6035,test_so60|n4630|WX7283
ISOLANDX1,U6036,WX7218|n4630|WX7281
ISOLANDX1,U6037,WX7216|n4630|WX7279
ISOLANDX1,U6038,WX7214|n4630|WX7277
ISOLANDX1,U6039,WX7212|n4630|WX7275
ISOLANDX1,U6040,WX7210|n4630|WX7273
ISOLANDX1,U6041,WX7208|n4630|WX7271
ISOLANDX1,U6042,WX7206|n4630|WX7269
ISOLANDX1,U6043,WX7204|n4630|WX7267
ISOLANDX1,U6044,WX7202|n4630|WX7265
ISOLANDX1,U6045,WX7200|n4630|WX7263
ISOLANDX1,U6046,WX7198|n4631|WX7261
ISOLANDX1,U6047,WX7196|n4631|WX7259
ISOLANDX1,U6048,WX7194|n4631|WX7257
ISOLANDX1,U6049,WX7192|n4631|WX7255
ISOLANDX1,U6050,WX7190|n4631|WX7253
ISOLANDX1,U6051,WX7188|n4631|WX7251
ISOLANDX1,U6052,test_so59|n4631|WX7249
ISOLANDX1,U6053,WX7184|n4631|WX7247
ISOLANDX1,U6054,WX7182|n4631|WX7245
ISOLANDX1,U6055,WX7180|n4631|WX7243
ISOLANDX1,U6056,WX7178|n4631|WX7241
ISOLANDX1,U6057,WX7176|n4631|WX7239
ISOLANDX1,U6058,WX7174|n4631|WX7237
ISOLANDX1,U6059,WX7172|n4632|WX7235
ISOLANDX1,U6060,WX7170|n4632|WX7233
ISOLANDX1,U6061,WX7168|n4632|WX7231
ISOLANDX1,U6062,WX7166|n4632|WX7229
ISOLANDX1,U6063,WX7164|n4632|WX7227
ISOLANDX1,U6064,WX7162|n4632|WX7225
ISOLANDX1,U6065,WX7160|n4632|WX7223
ISOLANDX1,U6066,WX7158|n4632|WX7221
ISOLANDX1,U6067,WX7156|n4632|WX7219
ISOLANDX1,U6068,WX7154|n4632|WX7217
ISOLANDX1,U6069,test_so58|n4632|WX7215
ISOLANDX1,U6070,WX7150|n4632|WX7213
ISOLANDX1,U6071,WX7148|n4632|WX7211
ISOLANDX1,U6072,WX7146|n4632|WX7209
ISOLANDX1,U6073,WX7144|n4633|WX7207
ISOLANDX1,U6074,WX7142|n4633|WX7205
ISOLANDX1,U6075,WX6007|n4635|WX6070
ISOLANDX1,U6076,test_so51|n4635|WX6068
ISOLANDX1,U6077,WX6003|n4635|WX6066
ISOLANDX1,U6078,WX6001|n4635|WX6064
ISOLANDX1,U6079,WX5999|n4636|WX6062
ISOLANDX1,U6080,WX5997|n4636|WX6060
ISOLANDX1,U6081,WX5995|n4636|WX6058
ISOLANDX1,U6082,WX5993|n4636|WX6056
ISOLANDX1,U6083,WX5991|n4636|WX6054
ISOLANDX1,U6084,WX5989|n4636|WX6052
ISOLANDX1,U6085,WX5987|n4636|WX6050
ISOLANDX1,U6086,WX5985|n4636|WX6048
ISOLANDX1,U6087,WX5983|n4636|WX6046
ISOLANDX1,U6088,WX5981|n4636|WX6044
ISOLANDX1,U6089,WX5979|n4636|WX6042
ISOLANDX1,U6090,WX5977|n4636|WX6040
ISOLANDX1,U6091,WX5975|n4636|WX6038
ISOLANDX1,U6092,WX5973|n4636|WX6036
ISOLANDX1,U6093,test_so50|n4636|WX6034
ISOLANDX1,U6094,WX5969|n4637|WX6032
ISOLANDX1,U6095,WX5967|n4637|WX6030
ISOLANDX1,U6096,WX5965|n4637|WX6028
ISOLANDX1,U6097,WX5963|n4637|WX6026
ISOLANDX1,U6098,WX5961|n4637|WX6024
ISOLANDX1,U6099,WX5959|n4637|WX6022
ISOLANDX1,U6100,WX5957|n4637|WX6020
ISOLANDX1,U6101,WX5955|n4637|WX6018
ISOLANDX1,U6102,WX5953|n4637|WX6016
ISOLANDX1,U6103,WX5951|n4637|WX6014
ISOLANDX1,U6104,WX5949|n4637|WX6012
ISOLANDX1,U6105,WX5947|n4637|WX6010
ISOLANDX1,U6106,WX5945|n4637|WX6008
ISOLANDX1,U6107,WX5943|n4637|WX6006
ISOLANDX1,U6108,WX5941|n4637|WX6004
ISOLANDX1,U6109,WX5929|n4622|WX5992
ISOLANDX1,U6110,WX5927|n4617|WX5990
ISOLANDX1,U6111,WX5925|n4617|WX5988
ISOLANDX1,U6112,WX5923|n4617|WX5986
ISOLANDX1,U6113,WX5921|n4617|WX5984
ISOLANDX1,U6114,WX5919|n4617|WX5982
ISOLANDX1,U6115,WX5917|n4618|WX5980
ISOLANDX1,U6116,WX5915|n4618|WX5978
ISOLANDX1,U6117,WX5913|n4618|WX5976
ISOLANDX1,U6118,WX5911|n4618|WX5974
ISOLANDX1,U6119,WX5909|n4618|WX5972
ISOLANDX1,U6120,WX5907|n4618|WX5970
ISOLANDX1,U6121,WX5905|n4618|WX5968
ISOLANDX1,U6122,test_so48|n4618|WX5966
ISOLANDX1,U6123,WX5901|n4618|WX5964
ISOLANDX1,U6124,WX5899|n4618|WX5962
ISOLANDX1,U6125,WX5897|n4618|WX5960
ISOLANDX1,U6126,WX5895|n4618|WX5958
ISOLANDX1,U6127,WX5893|n4618|WX5956
ISOLANDX1,U6128,WX5891|n4618|WX5954
ISOLANDX1,U6129,WX5889|n4618|WX5952
ISOLANDX1,U6130,WX5887|n4619|WX5950
ISOLANDX1,U6131,WX5885|n4619|WX5948
ISOLANDX1,U6132,WX5883|n4619|WX5946
ISOLANDX1,U6133,WX5881|n4619|WX5944
ISOLANDX1,U6134,WX5879|n4619|WX5942
ISOLANDX1,U6135,WX5877|n4619|WX5940
ISOLANDX1,U6136,WX5875|n4619|WX5938
ISOLANDX1,U6137,WX5873|n4619|WX5936
ISOLANDX1,U6138,WX5871|n4619|WX5934
ISOLANDX1,U6139,test_so47|n4619|WX5932
ISOLANDX1,U6140,WX5867|n4619|WX5930
ISOLANDX1,U6141,WX5865|n4619|WX5928
ISOLANDX1,U6142,WX5863|n4619|WX5926
ISOLANDX1,U6143,WX5861|n4619|WX5924
ISOLANDX1,U6144,WX5859|n4619|WX5922
ISOLANDX1,U6145,WX5857|n4620|WX5920
ISOLANDX1,U6146,WX5855|n4620|WX5918
ISOLANDX1,U6147,WX5853|n4620|WX5916
ISOLANDX1,U6148,WX5851|n4620|WX5914
ISOLANDX1,U6149,WX5849|n4620|WX5912
ISOLANDX1,U6150,WX4714|n4624|WX4777
ISOLANDX1,U6151,WX4712|n4624|WX4775
ISOLANDX1,U6152,WX4710|n4624|WX4773
ISOLANDX1,U6153,WX4708|n4624|WX4771
ISOLANDX1,U6154,WX4706|n4624|WX4769
ISOLANDX1,U6155,WX4704|n4624|WX4767
ISOLANDX1,U6156,WX4702|n4624|WX4765
ISOLANDX1,U6157,WX4700|n4625|WX4763
ISOLANDX1,U6158,WX4698|n4625|WX4761
ISOLANDX1,U6159,WX4696|n4625|WX4759
ISOLANDX1,U6160,WX4694|n4625|WX4757
ISOLANDX1,U6161,WX4692|n4625|WX4755
ISOLANDX1,U6162,WX4690|n4625|WX4753
ISOLANDX1,U6163,test_so39|n4625|WX4751
ISOLANDX1,U6164,WX4686|n4625|WX4749
ISOLANDX1,U6165,WX4684|n4625|WX4747
ISOLANDX1,U6166,WX4682|n4625|WX4745
ISOLANDX1,U6167,WX4680|n4625|WX4743
ISOLANDX1,U6168,WX4678|n4625|WX4741
ISOLANDX1,U6169,WX4676|n4625|WX4739
ISOLANDX1,U6170,WX4674|n4625|WX4737
ISOLANDX1,U6171,WX4672|n4625|WX4735
ISOLANDX1,U6172,WX4670|n4626|WX4733
ISOLANDX1,U6173,WX4668|n4626|WX4731
ISOLANDX1,U6174,WX4666|n4626|WX4729
ISOLANDX1,U6175,WX4664|n4626|WX4727
ISOLANDX1,U6176,WX4662|n4626|WX4725
ISOLANDX1,U6177,WX4660|n4626|WX4723
ISOLANDX1,U6178,WX4658|n4626|WX4721
ISOLANDX1,U6179,WX4656|n4626|WX4719
ISOLANDX1,U6180,test_so38|n4626|WX4717
ISOLANDX1,U6181,WX4652|n4626|WX4715
ISOLANDX1,U6182,WX4650|n4626|WX4713
ISOLANDX1,U6183,WX4648|n4626|WX4711
ISOLANDX1,U6184,WX4646|n4626|WX4709
ISOLANDX1,U6185,WX4644|n4626|WX4707
ISOLANDX1,U6186,WX4642|n4626|WX4705
ISOLANDX1,U6187,WX4640|n4627|WX4703
ISOLANDX1,U6188,WX4638|n4627|WX4701
ISOLANDX1,U6189,WX4636|n4627|WX4699
ISOLANDX1,U6190,WX4634|n4627|WX4697
ISOLANDX1,U6191,WX4632|n4627|WX4695
ISOLANDX1,U6192,WX4630|n4627|WX4693
ISOLANDX1,U6193,WX4628|n4627|WX4691
ISOLANDX1,U6194,WX4626|n4627|WX4689
ISOLANDX1,U6195,WX4624|n4627|WX4687
ISOLANDX1,U6196,WX4622|n4627|WX4685
ISOLANDX1,U6197,test_so37|n4627|WX4683
ISOLANDX1,U6198,WX4618|n4627|WX4681
ISOLANDX1,U6199,WX4616|n4627|WX4679
ISOLANDX1,U6200,WX4614|n4627|WX4677
ISOLANDX1,U6201,WX4612|n4627|WX4675
ISOLANDX1,U6202,WX4610|n4579|WX4673
ISOLANDX1,U6203,WX4608|n4573|WX4671
ISOLANDX1,U6204,WX4606|n4573|WX4669
ISOLANDX1,U6205,WX4604|n4573|WX4667
ISOLANDX1,U6206,WX4602|n4573|WX4665
ISOLANDX1,U6207,WX4600|n4573|WX4663
ISOLANDX1,U6208,WX4598|n4572|WX4661
ISOLANDX1,U6209,WX4596|n4574|WX4659
ISOLANDX1,U6210,WX4594|n4574|WX4657
ISOLANDX1,U6211,WX4592|n4574|WX4655
ISOLANDX1,U6212,WX4590|n4574|WX4653
ISOLANDX1,U6213,WX4588|n4574|WX4651
ISOLANDX1,U6214,test_so36|n4574|WX4649
ISOLANDX1,U6215,WX4584|n4574|WX4647
ISOLANDX1,U6216,WX4582|n4574|WX4645
ISOLANDX1,U6217,WX4580|n4574|WX4643
ISOLANDX1,U6218,WX4578|n4574|WX4641
ISOLANDX1,U6219,WX4576|n4574|WX4639
ISOLANDX1,U6220,WX4574|n4574|WX4637
ISOLANDX1,U6221,WX4572|n4574|WX4635
ISOLANDX1,U6222,WX4570|n4575|WX4633
ISOLANDX1,U6223,WX4568|n4575|WX4631
ISOLANDX1,U6224,WX4566|n4575|WX4629
ISOLANDX1,U6225,WX4564|n4575|WX4627
ISOLANDX1,U6226,WX4562|n4575|WX4625
ISOLANDX1,U6227,WX4560|n4575|WX4623
ISOLANDX1,U6228,WX4558|n4575|WX4621
ISOLANDX1,U6229,WX4556|n4575|WX4619
ISOLANDX1,U6230,WX3421|n4579|WX3484
ISOLANDX1,U6231,WX3419|n4579|WX3482
ISOLANDX1,U6232,WX3417|n4579|WX3480
ISOLANDX1,U6233,WX3415|n4579|WX3478
ISOLANDX1,U6234,WX3413|n4579|WX3476
ISOLANDX1,U6235,WX3411|n4573|WX3474
ISOLANDX1,U6236,WX3409|n4579|WX3472
ISOLANDX1,U6237,WX3407|n4579|WX3470
ISOLANDX1,U6238,test_so28|n4579|WX3468
ISOLANDX1,U6239,WX3403|n4579|WX3466
ISOLANDX1,U6240,WX3401|n4579|WX3464
ISOLANDX1,U6241,WX3399|n4579|WX3462
ISOLANDX1,U6242,WX3397|n4579|WX3460
ISOLANDX1,U6243,WX3395|n4579|WX3458
ISOLANDX1,U6244,WX3393|n4578|WX3456
ISOLANDX1,U6245,WX3391|n4578|WX3454
ISOLANDX1,U6246,WX3389|n4578|WX3452
ISOLANDX1,U6247,WX3387|n4578|WX3450
ISOLANDX1,U6248,WX3385|n4578|WX3448
ISOLANDX1,U6249,WX3383|n4578|WX3446
ISOLANDX1,U6250,WX3381|n4578|WX3444
ISOLANDX1,U6251,WX3379|n4578|WX3442
ISOLANDX1,U6252,WX3377|n4578|WX3440
ISOLANDX1,U6253,WX3375|n4578|WX3438
ISOLANDX1,U6254,WX3373|n4578|WX3436
ISOLANDX1,U6255,WX3371|n4578|WX3434
ISOLANDX1,U6256,test_so27|n4578|WX3432
ISOLANDX1,U6257,WX3367|n4578|WX3430
ISOLANDX1,U6258,WX3365|n4578|WX3428
ISOLANDX1,U6259,WX3363|n4577|WX3426
ISOLANDX1,U6260,WX3361|n4577|WX3424
ISOLANDX1,U6261,WX3359|n4577|WX3422
ISOLANDX1,U6262,WX3357|n4577|WX3420
ISOLANDX1,U6263,WX3355|n4577|WX3418
ISOLANDX1,U6264,WX3353|n4577|WX3416
ISOLANDX1,U6265,WX3351|n4577|WX3414
ISOLANDX1,U6266,WX3349|n4577|WX3412
ISOLANDX1,U6267,WX3347|n4577|WX3410
ISOLANDX1,U6268,WX3345|n4577|WX3408
ISOLANDX1,U6269,WX3343|n4577|WX3406
ISOLANDX1,U6270,WX3341|n4577|WX3404
ISOLANDX1,U6271,WX3339|n4577|WX3402
ISOLANDX1,U6272,WX3337|n4577|WX3400
ISOLANDX1,U6273,WX3335|n4577|WX3398
ISOLANDX1,U6274,test_so26|n4576|WX3396
ISOLANDX1,U6275,WX3331|n4576|WX3394
ISOLANDX1,U6276,WX3329|n4576|WX3392
ISOLANDX1,U6277,WX3327|n4576|WX3390
ISOLANDX1,U6278,WX3325|n4576|WX3388
ISOLANDX1,U6279,WX3323|n4576|WX3386
ISOLANDX1,U6280,WX3321|n4576|WX3384
ISOLANDX1,U6281,WX3319|n4576|WX3382
ISOLANDX1,U6282,WX3317|n4576|WX3380
ISOLANDX1,U6283,WX3315|n4576|WX3378
ISOLANDX1,U6284,WX3313|n4576|WX3376
ISOLANDX1,U6285,WX3311|n4576|WX3374
ISOLANDX1,U6286,WX3309|n4576|WX3372
ISOLANDX1,U6287,WX3307|n4576|WX3370
ISOLANDX1,U6288,WX3305|n4576|WX3368
ISOLANDX1,U6289,WX3303|n4575|WX3366
ISOLANDX1,U6290,WX3301|n4575|WX3364
ISOLANDX1,U6291,WX3299|n4575|WX3362
ISOLANDX1,U6292,test_so25|n4575|WX3360
ISOLANDX1,U6293,WX3295|n4575|WX3358
ISOLANDX1,U6294,WX3293|n4575|WX3356
ISOLANDX1,U6295,WX3291|n4575|WX3354
ISOLANDX1,U6296,WX3289|n4573|WX3352
ISOLANDX1,U6297,WX3287|n4573|WX3350
ISOLANDX1,U6298,WX3285|n4573|WX3348
ISOLANDX1,U6299,WX3283|n4573|WX3346
ISOLANDX1,U6300,WX3281|n4573|WX3344
ISOLANDX1,U6301,WX3279|n4573|WX3342
ISOLANDX1,U6302,WX3277|n4572|WX3340
ISOLANDX1,U6303,WX3275|n4573|WX3338
ISOLANDX1,U6304,WX3273|n4572|WX3336
ISOLANDX1,U6305,WX3271|n4572|WX3334
ISOLANDX1,U6306,WX3267|n4574|WX3330
ISOLANDX1,U6307,WX2128|n4590|WX2191
ISOLANDX1,U6308,WX2126|n4590|WX2189
ISOLANDX1,U6309,WX2124|n4590|WX2187
ISOLANDX1,U6310,WX2122|n4590|WX2185
ISOLANDX1,U6311,WX2120|n4590|WX2183
ISOLANDX1,U6312,WX2118|n4590|WX2181
ISOLANDX1,U6313,WX2116|n4590|WX2179
ISOLANDX1,U6314,WX2114|n4590|WX2177
ISOLANDX1,U6315,WX2112|n4590|WX2175
ISOLANDX1,U6316,WX2110|n4591|WX2173
ISOLANDX1,U6317,WX2108|n4591|WX2171
ISOLANDX1,U6318,WX2106|n4591|WX2169
ISOLANDX1,U6319,WX2104|n4591|WX2167
ISOLANDX1,U6320,WX2102|n4591|WX2165
ISOLANDX1,U6321,test_so17|n4591|WX2163
ISOLANDX1,U6322,WX2098|n4591|WX2161
ISOLANDX1,U6323,WX2096|n4591|WX2159
ISOLANDX1,U6324,WX2094|n4591|WX2157
ISOLANDX1,U6325,WX2092|n4591|WX2155
ISOLANDX1,U6326,WX2090|n4591|WX2153
ISOLANDX1,U6327,WX2088|n4591|WX2151
ISOLANDX1,U6328,WX2086|n4591|WX2149
ISOLANDX1,U6329,WX2084|n4591|WX2147
ISOLANDX1,U6330,WX2082|n4591|WX2145
ISOLANDX1,U6331,WX2080|n4592|WX2143
ISOLANDX1,U6332,WX2078|n4592|WX2141
ISOLANDX1,U6333,WX2076|n4592|WX2139
ISOLANDX1,U6334,WX2074|n4592|WX2137
ISOLANDX1,U6335,WX2072|n4592|WX2135
ISOLANDX1,U6336,WX2070|n4592|WX2133
ISOLANDX1,U6337,WX2068|n4592|WX2131
ISOLANDX1,U6338,WX2066|n4592|WX2129
ISOLANDX1,U6339,test_so16|n4592|WX2127
ISOLANDX1,U6340,WX2062|n4592|WX2125
ISOLANDX1,U6341,WX2060|n4592|WX2123
ISOLANDX1,U6342,WX2058|n4592|WX2121
ISOLANDX1,U6343,WX2056|n4592|WX2119
ISOLANDX1,U6344,WX2054|n4592|WX2117
ISOLANDX1,U6345,WX2052|n4593|WX2115
ISOLANDX1,U6346,WX2050|n4593|WX2113
ISOLANDX1,U6347,WX2048|n4593|WX2111
ISOLANDX1,U6348,WX2046|n4593|WX2109
ISOLANDX1,U6349,WX2044|n4593|WX2107
ISOLANDX1,U6350,WX2042|n4593|WX2105
ISOLANDX1,U6351,WX2040|n4593|WX2103
ISOLANDX1,U6352,WX2038|n4593|WX2101
ISOLANDX1,U6353,WX2036|n4593|WX2099
ISOLANDX1,U6354,WX2034|n4593|WX2097
ISOLANDX1,U6355,WX2032|n4593|WX2095
ISOLANDX1,U6356,WX2030|n4593|WX2093
ISOLANDX1,U6357,test_so15|n4593|WX2091
ISOLANDX1,U6358,WX2026|n4593|WX2089
ISOLANDX1,U6359,WX2024|n4593|WX2087
ISOLANDX1,U6360,WX2022|n4594|WX2085
ISOLANDX1,U6361,WX2020|n4594|WX2083
ISOLANDX1,U6362,WX2018|n4594|WX2081
ISOLANDX1,U6363,WX2016|n4594|WX2079
ISOLANDX1,U6364,WX2014|n4594|WX2077
ISOLANDX1,U6365,WX2012|n4594|WX2075
ISOLANDX1,U6366,WX2010|n4594|WX2073
ISOLANDX1,U6367,WX2008|n4594|WX2071
ISOLANDX1,U6368,WX2006|n4594|WX2069
ISOLANDX1,U6369,WX2004|n4594|WX2067
ISOLANDX1,U6370,WX2002|n4594|WX2065
ISOLANDX1,U6371,WX2000|n4594|WX2063
ISOLANDX1,U6372,WX1998|n4594|WX2061
ISOLANDX1,U6373,WX1996|n4594|WX2059
ISOLANDX1,U6374,WX1994|n4594|WX2057
ISOLANDX1,U6375,test_so14|n4595|WX2055
ISOLANDX1,U6376,WX1990|n4595|WX2053
ISOLANDX1,U6377,WX1988|n4595|WX2051
ISOLANDX1,U6378,WX1986|n4595|WX2049
ISOLANDX1,U6379,WX1984|n4595|WX2047
ISOLANDX1,U6380,WX1982|n4595|WX2045
ISOLANDX1,U6381,WX1980|n4595|WX2043
ISOLANDX1,U6382,WX1978|n4595|WX2041
ISOLANDX1,U6383,WX1976|n4595|WX2039
ISOLANDX1,U6384,WX1974|n4595|WX2037
ISOLANDX1,U6385,WX1972|n4595|WX2035
ISOLANDX1,U6386,WX1970|n4595|WX2033
ISOLANDX1,U6387,WX835|n4614|WX898
ISOLANDX1,U6388,WX833|n4614|WX896
ISOLANDX1,U6389,test_so7|n4614|WX894
ISOLANDX1,U6390,WX829|n4614|WX892
ISOLANDX1,U6391,WX827|n4614|WX890
ISOLANDX1,U6392,WX825|n4614|WX888
ISOLANDX1,U6393,WX823|n4614|WX886
ISOLANDX1,U6394,WX821|n4614|WX884
ISOLANDX1,U6395,WX819|n4615|WX882
ISOLANDX1,U6396,WX817|n4615|WX880
ISOLANDX1,U6397,WX815|n4615|WX878
ISOLANDX1,U6398,WX813|n4615|WX876
ISOLANDX1,U6399,WX811|n4615|WX874
ISOLANDX1,U6400,WX809|n4615|WX872
ISOLANDX1,U6401,WX807|n4615|WX870
ISOLANDX1,U6402,WX805|n4615|WX868
ISOLANDX1,U6403,WX803|n4615|WX866
ISOLANDX1,U6404,WX801|n4616|WX864
ISOLANDX1,U6405,WX799|n4616|WX862
ISOLANDX1,U6406,WX797|n4596|WX860
ISOLANDX1,U6407,test_so6|n4597|WX858
ISOLANDX1,U6408,WX793|n4598|WX856
ISOLANDX1,U6409,WX791|n4599|WX854
ISOLANDX1,U6410,WX789|n4599|WX852
ISOLANDX1,U6411,WX787|n4600|WX850
ISOLANDX1,U6412,WX785|n4600|WX848
ISOLANDX1,U6413,WX783|n4600|WX846
ISOLANDX1,U6414,WX781|n4600|WX844
ISOLANDX1,U6415,WX779|n4600|WX842
ISOLANDX1,U6416,WX777|n4601|WX840
ISOLANDX1,U6417,WX775|n4601|WX838
ISOLANDX1,U6418,WX773|n4601|WX836
ISOLANDX1,U6419,WX771|n4601|WX834
ISOLANDX1,U6420,WX769|n4601|WX832
ISOLANDX1,U6421,WX767|n4601|WX830
ISOLANDX1,U6422,WX765|n4602|WX828
ISOLANDX1,U6423,WX763|n4603|WX826
ISOLANDX1,U6424,WX761|n4603|WX824
ISOLANDX1,U6425,test_so5|n4603|WX822
ISOLANDX1,U6426,WX757|n4603|WX820
ISOLANDX1,U6427,WX755|n4603|WX818
ISOLANDX1,U6428,WX753|n4603|WX816
ISOLANDX1,U6429,WX751|n4604|WX814
ISOLANDX1,U6430,WX749|n4604|WX812
ISOLANDX1,U6431,WX747|n4604|WX810
ISOLANDX1,U6432,WX745|n4604|WX808
ISOLANDX1,U6433,WX743|n4604|WX806
ISOLANDX1,U6434,WX741|n4604|WX804
ISOLANDX1,U6435,WX739|n4604|WX802
ISOLANDX1,U6436,WX737|n4604|WX800
ISOLANDX1,U6437,WX735|n4604|WX798
ISOLANDX1,U6438,WX733|n4604|WX796
ISOLANDX1,U6439,WX731|n4604|WX794
ISOLANDX1,U6440,WX729|n4604|WX792
ISOLANDX1,U6441,WX727|n4604|WX790
ISOLANDX1,U6442,WX725|n4604|WX788
ISOLANDX1,U6443,test_so4|n4604|WX786
ISOLANDX1,U6444,WX721|n4605|WX784
ISOLANDX1,U6445,WX719|n4605|WX782
ISOLANDX1,U6446,WX717|n4605|WX780
ISOLANDX1,U6447,WX715|n4605|WX778
ISOLANDX1,U6448,WX713|n4605|WX776
ISOLANDX1,U6449,WX711|n4605|WX774
ISOLANDX1,U6450,WX709|n4605|WX772
ISOLANDX1,U6451,WX707|n4605|WX770
ISOLANDX1,U6452,WX705|n4605|WX768
ISOLANDX1,U6453,WX703|n4605|WX766
ISOLANDX1,U6454,WX701|n4605|WX764
ISOLANDX1,U6455,WX699|n4605|WX762
ISOLANDX1,U6456,WX697|n4605|WX760
ISOLANDX1,U6457,WX695|n4605|WX758
ISOLANDX1,U6458,WX693|n4605|WX756
ISOLANDX1,U6459,WX691|n4606|WX754
ISOLANDX1,U6460,WX689|n4606|WX752
ISOLANDX1,U6461,test_so3|n4606|WX750
ISOLANDX1,U6462,WX685|n4606|WX748
ISOLANDX1,U6463,WX683|n4606|WX746
ISOLANDX1,U6464,WX681|n4606|WX744
ISOLANDX1,U6465,WX679|n4606|WX742
ISOLANDX1,U6466,WX677|n4606|WX740
ISOLANDX1,U6467,WX675|n4606|WX738
ISOLANDX1,U6468,WX673|n4606|WX736
ISOLANDX1,U6469,WX671|n4628|WX734
ISOLANDX1,U6470,WX669|n4628|WX732
ISOLANDX1,U6471,WX667|n4629|WX730
ISOLANDX1,U6472,WX665|n4630|WX728
ISOLANDX1,U6473,WX663|n4631|WX726
ISOLANDX1,U6474,WX661|n4631|WX724
ISOLANDX1,U6475,WX659|n4632|WX722
ISOLANDX1,U6476,WX657|n4633|WX720
ISOLANDX1,U6477,WX655|n4633|WX718
ISOLANDX1,U6478,WX653|n4633|WX716
ISOLANDX1,U6479,test_so2|n4633|WX714
ISOLANDX1,U6480,WX649|n4633|WX712
ISOLANDX1,U6481,WX647|n4633|WX710
ISOLANDX1,U6482,WX645|n4633|WX708
NOR2X0,U6483,WX485|n4536|WX546
NOR2X0,U6484,WX10829|n4548|WX10890
NOR2X0,U6485,WX9536|n4548|WX9597
NOR2X0,U6486,WX8243|n4536|WX8304
NOR2X0,U6487,WX6950|n4545|WX7011
NOR2X0,U6488,WX5657|n4539|WX5718
NOR2X0,U6489,WX4364|n4548|WX4425
NOR2X0,U6490,WX3071|n4546|WX3132
NOR2X0,U6491,WX1778|n4539|WX1839
NOR2X0,U6492,n4567|n3178|WX11640
XNOR3X1,U6493,WX11211|CRC_OUT_1_31|DFF_1711_n1|n3178
NOR2X0,U6494,n4567|n3185|WX11630
XNOR3X1,U6495,WX11221|CRC_OUT_1_31|DFF_1706_n1|n3185
NOR2X0,U6496,n4567|n3192|WX11616
XNOR3X1,U6497,WX11235|CRC_OUT_1_31|DFF_1699_n1|n3192
NOR2X0,U6498,n4563|n3313|WX10347
XNOR3X1,U6499,WX9918|CRC_OUT_2_31|DFF_1519_n1|n3313
NOR2X0,U6500,n4563|n3318|WX10337
XNOR3X1,U6501,WX9928|CRC_OUT_2_31|DFF_1514_n1|n3318
NOR2X0,U6502,n4562|n3325|WX10323
XNOR3X1,U6503,WX9942|CRC_OUT_2_31|DFF_1507_n1|n3325
NOR2X0,U6504,n4567|n2264|WX9054
XNOR3X1,U6505,WX8625|CRC_OUT_3_31|DFF_1327_n1|n2264
NOR2X0,U6506,n4567|n2269|WX9044
XNOR3X1,U6507,WX8635|CRC_OUT_3_31|DFF_1322_n1|n2269
NOR2X0,U6508,n4567|n2276|WX9030
XNOR3X1,U6509,WX8649|CRC_OUT_3_31|DFF_1315_n1|n2276
NOR2X0,U6510,n4557|n2392|WX7761
XNOR3X1,U6511,WX7332|CRC_OUT_4_31|DFF_1135_n1|n2392
NOR2X0,U6512,n4558|n2397|WX7751
XNOR3X1,U6513,WX7342|CRC_OUT_4_31|DFF_1130_n1|n2397
NOR2X0,U6514,n4558|n2404|WX7737
XNOR3X1,U6515,test_so64|CRC_OUT_4_31|DFF_1123_n1|n2404
NOR2X0,U6516,n4562|n2610|WX6468
XNOR3X1,U6517,test_so52|CRC_OUT_5_31|DFF_943_n1|n2610
NOR2X0,U6518,n4562|n2618|WX6458
XNOR3X1,U6519,WX6049|CRC_OUT_5_31|DFF_938_n1|n2618
NOR2X0,U6520,n4562|n2625|WX6444
XNOR3X1,U6521,WX6063|CRC_OUT_5_31|DFF_931_n1|n2625
NOR2X0,U6522,n4571|n2744|WX5175
XNOR3X1,U6523,WX4746|CRC_OUT_6_31|DFF_751_n1|n2744
NOR2X0,U6524,n4567|n2749|WX5165
XNOR3X1,U6525,test_so41|CRC_OUT_6_31|DFF_746_n1|n2749
NOR2X0,U6526,n4567|n2756|WX5151
XNOR3X1,U6527,WX4770|CRC_OUT_6_31|DFF_739_n1|n2756
NOR2X0,U6528,n4564|n2872|WX3882
XNOR3X1,U6529,WX3453|CRC_OUT_7_31|DFF_559_n1|n2872
NOR2X0,U6530,n4565|n2877|WX3872
XNOR3X1,U6531,WX3463|CRC_OUT_7_31|DFF_554_n1|n2877
NOR2X0,U6532,n4568|n2884|WX3858
XNOR3X1,U6533,WX3477|CRC_OUT_7_31|DFF_547_n1|n2884
NOR2X0,U6534,n4560|n3000|WX2589
XNOR3X1,U6535,WX2160|CRC_OUT_8_31|DFF_367_n1|n3000
NOR2X0,U6536,n4560|n3005|WX2579
XNOR3X1,U6537,WX2170|CRC_OUT_8_31|DFF_362_n1|n3005
NOR2X0,U6538,n4560|n3012|WX2565
XNOR3X1,U6539,WX2184|CRC_OUT_8_31|DFF_355_n1|n3012
NOR2X0,U6540,n4566|n3128|WX1296
XNOR3X1,U6541,test_so8|CRC_OUT_9_31|DFF_175_n1|n3128
NOR2X0,U6542,n4567|n3133|WX1286
XNOR3X1,U6543,WX877|CRC_OUT_9_31|DFF_170_n1|n3133
NOR2X0,U6544,n4567|n3140|WX1272
XNOR3X1,U6545,WX891|CRC_OUT_9_31|DFF_163_n1|n3140
NOR2X0,U6546,n3196|n4530|WX11608
XNOR2X1,U6547,WX11243|DFF_1727_n1|n3196
NOR2X0,U6548,n3329|n4548|WX10315
XNOR2X1,U6549,WX9950|DFF_1535_n1|n3329
NOR2X0,U6550,n2280|n4552|WX9022
XNOR2X1,U6551,WX8657|DFF_1343_n1|n2280
NOR2X0,U6552,n2408|n4542|WX7729
XNOR2X1,U6553,WX7364|DFF_1151_n1|n2408
NOR2X0,U6554,n2632|n4545|WX6436
XNOR2X1,U6555,WX6071|DFF_959_n1|n2632
NOR2X0,U6556,n2760|n4553|WX5143
XNOR2X1,U6557,WX4778|DFF_767_n1|n2760
NOR2X0,U6558,n2888|n4538|WX3850
XNOR2X1,U6559,WX3485|DFF_575_n1|n2888
NOR2X0,U6560,n3016|n4542|WX2557
XNOR2X1,U6561,WX2192|DFF_383_n1|n3016
NOR2X0,U6562,n3144|n4533|WX1264
XNOR2X1,U6563,WX899|DFF_191_n1|n3144
NOR2X0,U6564,n3163|n4533|WX11670
XNOR2X1,U6565,DFF_1726_n1|WX11181|n3163
NOR2X0,U6566,n3164|n4533|WX11668
XNOR2X1,U6567,DFF_1725_n1|WX11183|n3164
NOR2X0,U6568,n3165|n4533|WX11666
XNOR2X1,U6569,DFF_1724_n1|WX11185|n3165
NOR2X0,U6570,n3166|n4533|WX11664
XNOR2X1,U6571,DFF_1723_n1|WX11187|n3166
NOR2X0,U6572,n3167|n4532|WX11662
XNOR2X1,U6573,DFF_1722_n1|WX11189|n3167
NOR2X0,U6574,n3168|n4532|WX11660
XNOR2X1,U6575,DFF_1721_n1|WX11191|n3168
NOR2X0,U6576,n3169|n4532|WX11658
XNOR2X1,U6577,DFF_1720_n1|WX11193|n3169
NOR2X0,U6578,n3170|n4532|WX11656
XNOR2X1,U6579,DFF_1719_n1|WX11195|n3170
NOR2X0,U6580,n3171|n4532|WX11654
XNOR2X1,U6581,DFF_1718_n1|WX11197|n3171
NOR2X0,U6582,n3172|n4532|WX11652
XNOR2X1,U6583,DFF_1717_n1|WX11199|n3172
NOR2X0,U6584,n3173|n4532|WX11650
XNOR2X1,U6585,DFF_1716_n1|WX11201|n3173
NOR2X0,U6586,n3174|n4532|WX11648
XNOR2X1,U6587,DFF_1715_n1|WX11203|n3174
NOR2X0,U6588,n3175|n4532|WX11646
XNOR2X1,U6589,DFF_1714_n1|test_so97|n3175
NOR2X0,U6590,n3176|n4532|WX11644
XNOR2X1,U6591,DFF_1713_n1|WX11207|n3176
NOR2X0,U6592,n3177|n4531|WX11642
XNOR2X1,U6593,DFF_1712_n1|WX11209|n3177
NOR2X0,U6594,n3181|n4531|WX11638
XNOR2X1,U6595,DFF_1710_n1|WX11213|n3181
NOR2X0,U6596,n3182|n4531|WX11636
XNOR2X1,U6597,DFF_1709_n1|WX11215|n3182
NOR2X0,U6598,n3183|n4531|WX11634
XNOR2X1,U6599,DFF_1708_n1|WX11217|n3183
NOR2X0,U6600,n3184|n4531|WX11632
XNOR2X1,U6601,DFF_1707_n1|WX11219|n3184
NOR2X0,U6602,n3186|n4531|WX11628
XNOR2X1,U6603,DFF_1705_n1|WX11223|n3186
NOR2X0,U6604,n3187|n4531|WX11626
XNOR2X1,U6605,DFF_1704_n1|WX11225|n3187
NOR2X0,U6606,n3188|n4531|WX11624
XNOR2X1,U6607,DFF_1703_n1|WX11227|n3188
NOR2X0,U6608,n3189|n4531|WX11622
XNOR2X1,U6609,DFF_1702_n1|WX11229|n3189
NOR2X0,U6610,n3190|n4531|WX11620
XNOR2X1,U6611,DFF_1701_n1|WX11231|n3190
NOR2X0,U6612,n3191|n4530|WX11618
XNOR2X1,U6613,DFF_1700_n1|WX11233|n3191
NOR2X0,U6614,n3193|n4530|WX11614
XNOR2X1,U6615,DFF_1698_n1|WX11237|n3193
NOR2X0,U6616,n3194|n4530|WX11612
XNOR2X1,U6617,DFF_1697_n1|test_so98|n3194
NOR2X0,U6618,n3195|n4530|WX11610
XNOR2X1,U6619,DFF_1696_n1|WX11241|n3195
NOR2X0,U6620,n3298|n4548|WX10377
XNOR2X1,U6621,DFF_1534_n1|test_so85|n3298
NOR2X0,U6622,n3299|n4548|WX10375
XNOR2X1,U6623,DFF_1533_n1|WX9890|n3299
NOR2X0,U6624,n3300|n4548|WX10373
XNOR2X1,U6625,DFF_1532_n1|WX9892|n3300
NOR2X0,U6626,n3301|n4548|WX10371
XNOR2X1,U6627,DFF_1531_n1|WX9894|n3301
NOR2X0,U6628,n3302|n4548|WX10369
XNOR2X1,U6629,DFF_1530_n1|WX9896|n3302
NOR2X0,U6630,n3303|n4548|WX10367
XNOR2X1,U6631,DFF_1529_n1|WX9898|n3303
NOR2X0,U6632,n3304|n4549|WX10365
XNOR2X1,U6633,DFF_1528_n1|WX9900|n3304
NOR2X0,U6634,n3305|n4549|WX10363
XNOR2X1,U6635,DFF_1527_n1|WX9902|n3305
NOR2X0,U6636,n3306|n4549|WX10361
XNOR2X1,U6637,DFF_1526_n1|WX9904|n3306
NOR2X0,U6638,n3307|n4549|WX10359
XNOR2X1,U6639,DFF_1525_n1|WX9906|n3307
NOR2X0,U6640,n3308|n4549|WX10357
XNOR2X1,U6641,DFF_1524_n1|WX9908|n3308
NOR2X0,U6642,n3309|n4549|WX10355
XNOR2X1,U6643,DFF_1523_n1|WX9910|n3309
NOR2X0,U6644,n3310|n4549|WX10353
XNOR2X1,U6645,DFF_1522_n1|WX9912|n3310
NOR2X0,U6646,n3311|n4552|WX10351
XNOR2X1,U6647,DFF_1521_n1|WX9914|n3311
NOR2X0,U6648,n3312|n4552|WX10349
XNOR2X1,U6649,DFF_1520_n1|WX9916|n3312
NOR2X0,U6650,n3314|n4553|WX10345
XNOR2X1,U6651,DFF_1518_n1|WX9920|n3314
NOR2X0,U6652,n3315|n4553|WX10343
XNOR2X1,U6653,DFF_1517_n1|test_so86|n3315
NOR2X0,U6654,n3316|n4553|WX10341
XNOR2X1,U6655,DFF_1516_n1|WX9924|n3316
NOR2X0,U6656,n3317|n4553|WX10339
XNOR2X1,U6657,DFF_1515_n1|WX9926|n3317
NOR2X0,U6658,n3319|n4553|WX10335
XNOR2X1,U6659,DFF_1513_n1|WX9930|n3319
NOR2X0,U6660,n3320|n4554|WX10333
XNOR2X1,U6661,DFF_1512_n1|WX9932|n3320
NOR2X0,U6662,n3321|n4555|WX10331
XNOR2X1,U6663,DFF_1511_n1|WX9934|n3321
NOR2X0,U6664,n3322|n4555|WX10329
XNOR2X1,U6665,DFF_1510_n1|WX9936|n3322
NOR2X0,U6666,n3323|n4554|WX10327
XNOR2X1,U6667,DFF_1509_n1|WX9938|n3323
NOR2X0,U6668,n3324|n4555|WX10325
XNOR2X1,U6669,DFF_1508_n1|WX9940|n3324
NOR2X0,U6670,n3326|n4552|WX10321
XNOR2X1,U6671,DFF_1506_n1|WX9944|n3326
NOR2X0,U6672,n3327|n4555|WX10319
XNOR2X1,U6673,DFF_1505_n1|WX9946|n3327
NOR2X0,U6674,n3328|n4555|WX10317
XNOR2X1,U6675,DFF_1504_n1|WX9948|n3328
NOR2X0,U6676,n2249|n4549|WX9084
XNOR2X1,U6677,DFF_1342_n1|WX8595|n2249
NOR2X0,U6678,n2250|n4549|WX9082
XNOR2X1,U6679,DFF_1341_n1|WX8597|n2250
NOR2X0,U6680,n2251|n4549|WX9080
XNOR2X1,U6681,DFF_1340_n1|WX8599|n2251
NOR2X0,U6682,n2252|n4550|WX9078
XNOR2X1,U6683,DFF_1339_n1|WX8601|n2252
NOR2X0,U6684,n2253|n4550|WX9076
XNOR2X1,U6685,DFF_1338_n1|WX8603|n2253
NOR2X0,U6686,n2254|n4550|WX9074
XNOR2X1,U6687,DFF_1337_n1|test_so74|n2254
NOR2X0,U6688,n2255|n4550|WX9072
XNOR2X1,U6689,DFF_1336_n1|WX8607|n2255
NOR2X0,U6690,n2256|n4550|WX9070
XNOR2X1,U6691,DFF_1335_n1|WX8609|n2256
NOR2X0,U6692,n2257|n4550|WX9068
XNOR2X1,U6693,DFF_1334_n1|WX8611|n2257
NOR2X0,U6694,n2258|n4550|WX9066
XNOR2X1,U6695,DFF_1333_n1|WX8613|n2258
NOR2X0,U6696,n2259|n4550|WX9064
XNOR2X1,U6697,DFF_1332_n1|WX8615|n2259
NOR2X0,U6698,n2260|n4550|WX9062
XNOR2X1,U6699,DFF_1331_n1|WX8617|n2260
NOR2X0,U6700,n2261|n4550|WX9060
XNOR2X1,U6701,DFF_1330_n1|WX8619|n2261
NOR2X0,U6702,n2262|n4551|WX9058
XNOR2X1,U6703,DFF_1329_n1|WX8621|n2262
NOR2X0,U6704,n2263|n4551|WX9056
XNOR2X1,U6705,DFF_1328_n1|WX8623|n2263
NOR2X0,U6706,n2265|n4551|WX9052
XNOR2X1,U6707,DFF_1326_n1|WX8627|n2265
NOR2X0,U6708,n2266|n4551|WX9050
XNOR2X1,U6709,DFF_1325_n1|WX8629|n2266
NOR2X0,U6710,n2267|n4551|WX9048
XNOR2X1,U6711,DFF_1324_n1|WX8631|n2267
NOR2X0,U6712,n2268|n4551|WX9046
XNOR2X1,U6713,DFF_1323_n1|WX8633|n2268
NOR2X0,U6714,n2270|n4551|WX9042
XNOR2X1,U6715,DFF_1321_n1|WX8637|n2270
NOR2X0,U6716,n2271|n4551|WX9040
XNOR2X1,U6717,DFF_1320_n1|test_so75|n2271
NOR2X0,U6718,n2272|n4551|WX9038
XNOR2X1,U6719,DFF_1319_n1|WX8641|n2272
NOR2X0,U6720,n2273|n4551|WX9036
XNOR2X1,U6721,DFF_1318_n1|WX8643|n2273
NOR2X0,U6722,n2274|n4552|WX9034
XNOR2X1,U6723,DFF_1317_n1|WX8645|n2274
NOR2X0,U6724,n2275|n4552|WX9032
XNOR2X1,U6725,DFF_1316_n1|WX8647|n2275
NOR2X0,U6726,n2277|n4552|WX9028
XNOR2X1,U6727,DFF_1314_n1|WX8651|n2277
NOR2X0,U6728,n2278|n4552|WX9026
XNOR2X1,U6729,DFF_1313_n1|WX8653|n2278
NOR2X0,U6730,n2279|n4552|WX9024
XNOR2X1,U6731,DFF_1312_n1|WX8655|n2279
NOR2X0,U6732,n2377|n4539|WX7791
XNOR2X1,U6733,DFF_1150_n1|WX7302|n2377
NOR2X0,U6734,n2378|n4539|WX7789
XNOR2X1,U6735,DFF_1149_n1|WX7304|n2378
NOR2X0,U6736,n2379|n4539|WX7787
XNOR2X1,U6737,DFF_1148_n1|WX7306|n2379
NOR2X0,U6738,n2380|n4539|WX7785
XNOR2X1,U6739,DFF_1147_n1|WX7308|n2380
NOR2X0,U6740,n2381|n4539|WX7783
XNOR2X1,U6741,DFF_1146_n1|WX7310|n2381
NOR2X0,U6742,n2382|n4539|WX7781
XNOR2X1,U6743,DFF_1145_n1|WX7312|n2382
NOR2X0,U6744,n2383|n4539|WX7779
XNOR2X1,U6745,DFF_1144_n1|WX7314|n2383
NOR2X0,U6746,n2384|n4539|WX7777
XNOR2X1,U6747,DFF_1143_n1|WX7316|n2384
NOR2X0,U6748,n2385|n4540|WX7775
XNOR2X1,U6749,DFF_1142_n1|WX7318|n2385
NOR2X0,U6750,n2386|n4540|WX7773
XNOR2X1,U6751,DFF_1141_n1|WX7320|n2386
NOR2X0,U6752,n2387|n4540|WX7771
XNOR2X1,U6753,DFF_1140_n1|test_so63|n2387
NOR2X0,U6754,n2388|n4540|WX7769
XNOR2X1,U6755,DFF_1139_n1|WX7324|n2388
NOR2X0,U6756,n2389|n4540|WX7767
XNOR2X1,U6757,DFF_1138_n1|WX7326|n2389
NOR2X0,U6758,n2390|n4540|WX7765
XNOR2X1,U6759,DFF_1137_n1|WX7328|n2390
NOR2X0,U6760,n2391|n4540|WX7763
XNOR2X1,U6761,DFF_1136_n1|WX7330|n2391
NOR2X0,U6762,n2393|n4540|WX7759
XNOR2X1,U6763,DFF_1134_n1|WX7334|n2393
NOR2X0,U6764,n2394|n4540|WX7757
XNOR2X1,U6765,DFF_1133_n1|WX7336|n2394
NOR2X0,U6766,n2395|n4540|WX7755
XNOR2X1,U6767,DFF_1132_n1|WX7338|n2395
NOR2X0,U6768,n2396|n4541|WX7753
XNOR2X1,U6769,DFF_1131_n1|WX7340|n2396
NOR2X0,U6770,n2398|n4541|WX7749
XNOR2X1,U6771,DFF_1129_n1|WX7344|n2398
NOR2X0,U6772,n2399|n4541|WX7747
XNOR2X1,U6773,DFF_1128_n1|WX7346|n2399
NOR2X0,U6774,n2400|n4541|WX7745
XNOR2X1,U6775,DFF_1127_n1|WX7348|n2400
NOR2X0,U6776,n2401|n4541|WX7743
XNOR2X1,U6777,DFF_1126_n1|WX7350|n2401
NOR2X0,U6778,n2402|n4541|WX7741
XNOR2X1,U6779,DFF_1125_n1|WX7352|n2402
NOR2X0,U6780,n2403|n4541|WX7739
XNOR2X1,U6781,DFF_1124_n1|WX7354|n2403
NOR2X0,U6782,n2405|n4541|WX7735
XNOR2X1,U6783,DFF_1122_n1|WX7358|n2405
NOR2X0,U6784,n2406|n4541|WX7733
XNOR2X1,U6785,DFF_1121_n1|WX7360|n2406
NOR2X0,U6786,n2407|n4541|WX7731
XNOR2X1,U6787,DFF_1120_n1|WX7362|n2407
NOR2X0,U6788,n2592|n4546|WX6498
XNOR2X1,U6789,DFF_958_n1|WX6009|n2592
NOR2X0,U6790,n2593|n4546|WX6496
XNOR2X1,U6791,DFF_957_n1|WX6011|n2593
NOR2X0,U6792,n2594|n4546|WX6494
XNOR2X1,U6793,DFF_956_n1|WX6013|n2594
NOR2X0,U6794,n2595|n4546|WX6492
XNOR2X1,U6795,DFF_955_n1|WX6015|n2595
NOR2X0,U6796,n2596|n4546|WX6490
XNOR2X1,U6797,DFF_954_n1|WX6017|n2596
NOR2X0,U6798,n2597|n4546|WX6488
XNOR2X1,U6799,DFF_953_n1|WX6019|n2597
NOR2X0,U6800,n2598|n4546|WX6486
XNOR2X1,U6801,DFF_952_n1|WX6021|n2598
NOR2X0,U6802,n2599|n4546|WX6484
XNOR2X1,U6803,DFF_951_n1|WX6023|n2599
NOR2X0,U6804,n2600|n4547|WX6482
XNOR2X1,U6805,DFF_950_n1|WX6025|n2600
NOR2X0,U6806,n2601|n4547|WX6480
XNOR2X1,U6807,DFF_949_n1|WX6027|n2601
NOR2X0,U6808,n2605|n4547|WX6478
XNOR2X1,U6809,DFF_948_n1|WX6029|n2605
NOR2X0,U6810,n2606|n4547|WX6476
XNOR2X1,U6811,DFF_947_n1|WX6031|n2606
NOR2X0,U6812,n2607|n4547|WX6474
XNOR2X1,U6813,DFF_946_n1|WX6033|n2607
NOR2X0,U6814,n2608|n4547|WX6472
XNOR2X1,U6815,DFF_945_n1|WX6035|n2608
NOR2X0,U6816,n2609|n4547|WX6470
XNOR2X1,U6817,DFF_944_n1|WX6037|n2609
NOR2X0,U6818,n2611|n4547|WX6466
XNOR2X1,U6819,DFF_942_n1|WX6041|n2611
NOR2X0,U6820,n2612|n4547|WX6464
XNOR2X1,U6821,DFF_941_n1|WX6043|n2612
NOR2X0,U6822,n2613|n4547|WX6462
XNOR2X1,U6823,DFF_940_n1|WX6045|n2613
NOR2X0,U6824,n2614|n4529|WX6460
XNOR2X1,U6825,DFF_939_n1|WX6047|n2614
NOR2X0,U6826,n2619|n4546|WX6456
XNOR2X1,U6827,DFF_937_n1|WX6051|n2619
NOR2X0,U6828,n2620|n4545|WX6454
XNOR2X1,U6829,DFF_936_n1|WX6053|n2620
NOR2X0,U6830,n2621|n4545|WX6452
XNOR2X1,U6831,DFF_935_n1|WX6055|n2621
NOR2X0,U6832,n2622|n4545|WX6450
XNOR2X1,U6833,DFF_934_n1|WX6057|n2622
NOR2X0,U6834,n2623|n4545|WX6448
XNOR2X1,U6835,DFF_933_n1|WX6059|n2623
NOR2X0,U6836,n2624|n4545|WX6446
XNOR2X1,U6837,DFF_932_n1|WX6061|n2624
NOR2X0,U6838,n2626|n4545|WX6442
XNOR2X1,U6839,DFF_930_n1|WX6065|n2626
NOR2X0,U6840,n2627|n4545|WX6440
XNOR2X1,U6841,DFF_929_n1|WX6067|n2627
NOR2X0,U6842,n2631|n4545|WX6438
XNOR2X1,U6843,DFF_928_n1|WX6069|n2631
NOR2X0,U6844,n2729|n4529|WX5205
XNOR2X1,U6845,DFF_766_n1|WX4716|n2729
NOR2X0,U6846,n2730|n4529|WX5203
XNOR2X1,U6847,DFF_765_n1|WX4718|n2730
NOR2X0,U6848,n2731|n4529|WX5201
XNOR2X1,U6849,DFF_764_n1|WX4720|n2731
NOR2X0,U6850,n2732|n4529|WX5199
XNOR2X1,U6851,DFF_763_n1|test_so40|n2732
NOR2X0,U6852,n2733|n4529|WX5197
XNOR2X1,U6853,DFF_762_n1|WX4724|n2733
NOR2X0,U6854,n2734|n4529|WX5195
XNOR2X1,U6855,DFF_761_n1|WX4726|n2734
NOR2X0,U6856,n2735|n4529|WX5193
XNOR2X1,U6857,DFF_760_n1|WX4728|n2735
NOR2X0,U6858,n2736|n4529|WX5191
XNOR2X1,U6859,DFF_759_n1|WX4730|n2736
NOR2X0,U6860,n2737|n4529|WX5189
XNOR2X1,U6861,DFF_758_n1|WX4732|n2737
NOR2X0,U6862,n2738|n4538|WX5187
XNOR2X1,U6863,DFF_757_n1|WX4734|n2738
NOR2X0,U6864,n2739|n4554|WX5185
XNOR2X1,U6865,DFF_756_n1|WX4736|n2739
NOR2X0,U6866,n2740|n4555|WX5183
XNOR2X1,U6867,DFF_755_n1|WX4738|n2740
NOR2X0,U6868,n2741|n4555|WX5181
XNOR2X1,U6869,DFF_754_n1|WX4740|n2741
NOR2X0,U6870,n2742|n4555|WX5179
XNOR2X1,U6871,DFF_753_n1|WX4742|n2742
NOR2X0,U6872,n2743|n4555|WX5177
XNOR2X1,U6873,DFF_752_n1|WX4744|n2743
NOR2X0,U6874,n2745|n4555|WX5173
XNOR2X1,U6875,DFF_750_n1|WX4748|n2745
NOR2X0,U6876,n2746|n4554|WX5171
XNOR2X1,U6877,DFF_749_n1|WX4750|n2746
NOR2X0,U6878,n2747|n4554|WX5169
XNOR2X1,U6879,DFF_748_n1|WX4752|n2747
NOR2X0,U6880,n2748|n4554|WX5167
XNOR2X1,U6881,DFF_747_n1|WX4754|n2748
NOR2X0,U6882,n2750|n4554|WX5163
XNOR2X1,U6883,DFF_745_n1|WX4758|n2750
NOR2X0,U6884,n2751|n4552|WX5161
XNOR2X1,U6885,DFF_744_n1|WX4760|n2751
NOR2X0,U6886,n2752|n4554|WX5159
XNOR2X1,U6887,DFF_743_n1|WX4762|n2752
NOR2X0,U6888,n2753|n4554|WX5157
XNOR2X1,U6889,DFF_742_n1|WX4764|n2753
NOR2X0,U6890,n2754|n4553|WX5155
XNOR2X1,U6891,DFF_741_n1|WX4766|n2754
NOR2X0,U6892,n2755|n4554|WX5153
XNOR2X1,U6893,DFF_740_n1|WX4768|n2755
NOR2X0,U6894,n2757|n4553|WX5149
XNOR2X1,U6895,DFF_738_n1|WX4772|n2757
NOR2X0,U6896,n2758|n4553|WX5147
XNOR2X1,U6897,DFF_737_n1|WX4774|n2758
NOR2X0,U6898,n2759|n4553|WX5145
XNOR2X1,U6899,DFF_736_n1|WX4776|n2759
NOR2X0,U6900,n2857|n4530|WX3912
XNOR2X1,U6901,DFF_574_n1|WX3423|n2857
NOR2X0,U6902,n2858|n4530|WX3910
XNOR2X1,U6903,DFF_573_n1|WX3425|n2858
NOR2X0,U6904,n2859|n4530|WX3908
XNOR2X1,U6905,DFF_572_n1|WX3427|n2859
NOR2X0,U6906,n2860|n4530|WX3906
XNOR2X1,U6907,DFF_571_n1|WX3429|n2860
NOR2X0,U6908,n2861|n4530|WX3904
XNOR2X1,U6909,DFF_570_n1|WX3431|n2861
NOR2X0,U6910,n2862|n4536|WX3902
XNOR2X1,U6911,DFF_569_n1|WX3433|n2862
NOR2X0,U6912,n2863|n4536|WX3900
XNOR2X1,U6913,DFF_568_n1|WX3435|n2863
NOR2X0,U6914,n2864|n4536|WX3898
XNOR2X1,U6915,DFF_567_n1|WX3437|n2864
NOR2X0,U6916,n2865|n4536|WX3896
XNOR2X1,U6917,DFF_566_n1|test_so29|n2865
NOR2X0,U6918,n2866|n4536|WX3894
XNOR2X1,U6919,DFF_565_n1|WX3441|n2866
NOR2X0,U6920,n2867|n4537|WX3892
XNOR2X1,U6921,DFF_564_n1|WX3443|n2867
NOR2X0,U6922,n2868|n4537|WX3890
XNOR2X1,U6923,DFF_563_n1|WX3445|n2868
NOR2X0,U6924,n2869|n4537|WX3888
XNOR2X1,U6925,DFF_562_n1|WX3447|n2869
NOR2X0,U6926,n2870|n4537|WX3886
XNOR2X1,U6927,DFF_561_n1|WX3449|n2870
NOR2X0,U6928,n2871|n4537|WX3884
XNOR2X1,U6929,DFF_560_n1|WX3451|n2871
NOR2X0,U6930,n2873|n4537|WX3880
XNOR2X1,U6931,DFF_558_n1|WX3455|n2873
NOR2X0,U6932,n2874|n4537|WX3878
XNOR2X1,U6933,DFF_557_n1|WX3457|n2874
NOR2X0,U6934,n2875|n4537|WX3876
XNOR2X1,U6935,DFF_556_n1|WX3459|n2875
NOR2X0,U6936,n2876|n4537|WX3874
XNOR2X1,U6937,DFF_555_n1|WX3461|n2876
NOR2X0,U6938,n2878|n4537|WX3870
XNOR2X1,U6939,DFF_553_n1|WX3465|n2878
NOR2X0,U6940,n2879|n4538|WX3868
XNOR2X1,U6941,DFF_552_n1|WX3467|n2879
NOR2X0,U6942,n2880|n4538|WX3866
XNOR2X1,U6943,DFF_551_n1|WX3469|n2880
NOR2X0,U6944,n2881|n4538|WX3864
XNOR2X1,U6945,DFF_550_n1|WX3471|n2881
NOR2X0,U6946,n2882|n4538|WX3862
XNOR2X1,U6947,DFF_549_n1|test_so30|n2882
NOR2X0,U6948,n2883|n4538|WX3860
XNOR2X1,U6949,DFF_548_n1|WX3475|n2883
NOR2X0,U6950,n2885|n4538|WX3856
XNOR2X1,U6951,DFF_546_n1|WX3479|n2885
NOR2X0,U6952,n2886|n4538|WX3854
XNOR2X1,U6953,DFF_545_n1|WX3481|n2886
NOR2X0,U6954,n2887|n4538|WX3852
XNOR2X1,U6955,DFF_544_n1|WX3483|n2887
NOR2X0,U6956,n2985|n4544|WX2619
XNOR2X1,U6957,DFF_382_n1|WX2130|n2985
NOR2X0,U6958,n2986|n4544|WX2617
XNOR2X1,U6959,DFF_381_n1|WX2132|n2986
NOR2X0,U6960,n2987|n4544|WX2615
XNOR2X1,U6961,DFF_380_n1|WX2134|n2987
NOR2X0,U6962,n2988|n4544|WX2613
XNOR2X1,U6963,DFF_379_n1|test_so18|n2988
NOR2X0,U6964,n2989|n4544|WX2611
XNOR2X1,U6965,DFF_378_n1|WX2138|n2989
NOR2X0,U6966,n2990|n4544|WX2609
XNOR2X1,U6967,DFF_377_n1|WX2140|n2990
NOR2X0,U6968,n2991|n4544|WX2607
XNOR2X1,U6969,DFF_376_n1|WX2142|n2991
NOR2X0,U6970,n2992|n4544|WX2605
XNOR2X1,U6971,DFF_375_n1|WX2144|n2992
NOR2X0,U6972,n2993|n4544|WX2603
XNOR2X1,U6973,DFF_374_n1|WX2146|n2993
NOR2X0,U6974,n2994|n4544|WX2601
XNOR2X1,U6975,DFF_373_n1|WX2148|n2994
NOR2X0,U6976,n2995|n4543|WX2599
XNOR2X1,U6977,DFF_372_n1|WX2150|n2995
NOR2X0,U6978,n2996|n4543|WX2597
XNOR2X1,U6979,DFF_371_n1|WX2152|n2996
NOR2X0,U6980,n2997|n4543|WX2595
XNOR2X1,U6981,DFF_370_n1|WX2154|n2997
NOR2X0,U6982,n2998|n4543|WX2593
XNOR2X1,U6983,DFF_369_n1|WX2156|n2998
NOR2X0,U6984,n2999|n4543|WX2591
XNOR2X1,U6985,DFF_368_n1|WX2158|n2999
NOR2X0,U6986,n3001|n4543|WX2587
XNOR2X1,U6987,DFF_366_n1|WX2162|n3001
NOR2X0,U6988,n3002|n4543|WX2585
XNOR2X1,U6989,DFF_365_n1|WX2164|n3002
NOR2X0,U6990,n3003|n4543|WX2583
XNOR2X1,U6991,DFF_364_n1|WX2166|n3003
NOR2X0,U6992,n3004|n4543|WX2581
XNOR2X1,U6993,DFF_363_n1|WX2168|n3004
NOR2X0,U6994,n3006|n4543|WX2577
XNOR2X1,U6995,DFF_361_n1|test_so19|n3006
NOR2X0,U6996,n3007|n4542|WX2575
XNOR2X1,U6997,DFF_360_n1|WX2174|n3007
NOR2X0,U6998,n3008|n4542|WX2573
XNOR2X1,U6999,DFF_359_n1|WX2176|n3008
NOR2X0,U7000,n3009|n4542|WX2571
XNOR2X1,U7001,DFF_358_n1|WX2178|n3009
NOR2X0,U7002,n3010|n4542|WX2569
XNOR2X1,U7003,DFF_357_n1|WX2180|n3010
NOR2X0,U7004,n3011|n4542|WX2567
XNOR2X1,U7005,DFF_356_n1|WX2182|n3011
NOR2X0,U7006,n3013|n4542|WX2563
XNOR2X1,U7007,DFF_354_n1|WX2186|n3013
NOR2X0,U7008,n3014|n4542|WX2561
XNOR2X1,U7009,DFF_353_n1|WX2188|n3014
NOR2X0,U7010,n3015|n4542|WX2559
XNOR2X1,U7011,DFF_352_n1|WX2190|n3015
NOR2X0,U7012,n3113|n4536|WX1326
XNOR2X1,U7013,DFF_190_n1|WX837|n3113
NOR2X0,U7014,n3114|n4536|WX1324
XNOR2X1,U7015,DFF_189_n1|WX839|n3114
NOR2X0,U7016,n3115|n4536|WX1322
XNOR2X1,U7017,DFF_188_n1|WX841|n3115
NOR2X0,U7018,n3116|n4535|WX1320
XNOR2X1,U7019,DFF_187_n1|WX843|n3116
NOR2X0,U7020,n3117|n4535|WX1318
XNOR2X1,U7021,DFF_186_n1|WX845|n3117
NOR2X0,U7022,n3118|n4535|WX1316
XNOR2X1,U7023,DFF_185_n1|WX847|n3118
NOR2X0,U7024,n3119|n4535|WX1314
XNOR2X1,U7025,DFF_184_n1|WX849|n3119
NOR2X0,U7026,n3120|n4535|WX1312
XNOR2X1,U7027,DFF_183_n1|WX851|n3120
NOR2X0,U7028,n3121|n4535|WX1310
XNOR2X1,U7029,DFF_182_n1|WX853|n3121
NOR2X0,U7030,n3122|n4535|WX1308
XNOR2X1,U7031,DFF_181_n1|WX855|n3122
NOR2X0,U7032,n3123|n4535|WX1306
XNOR2X1,U7033,DFF_180_n1|WX857|n3123
NOR2X0,U7034,n3124|n4535|WX1304
XNOR2X1,U7035,DFF_179_n1|WX859|n3124
NOR2X0,U7036,n3125|n4535|WX1302
XNOR2X1,U7037,DFF_178_n1|WX861|n3125
NOR2X0,U7038,n3126|n4534|WX1300
XNOR2X1,U7039,DFF_177_n1|WX863|n3126
NOR2X0,U7040,n3127|n4534|WX1298
XNOR2X1,U7041,DFF_176_n1|WX865|n3127
NOR2X0,U7042,n3129|n4534|WX1294
XNOR2X1,U7043,DFF_174_n1|WX869|n3129
NOR2X0,U7044,n3130|n4534|WX1292
XNOR2X1,U7045,DFF_173_n1|WX871|n3130
NOR2X0,U7046,n3131|n4534|WX1290
XNOR2X1,U7047,DFF_172_n1|WX873|n3131
NOR2X0,U7048,n3132|n4534|WX1288
XNOR2X1,U7049,DFF_171_n1|WX875|n3132
NOR2X0,U7050,n3134|n4534|WX1284
XNOR2X1,U7051,DFF_169_n1|WX879|n3134
NOR2X0,U7052,n3135|n4534|WX1282
XNOR2X1,U7053,DFF_168_n1|WX881|n3135
NOR2X0,U7054,n3136|n4534|WX1280
XNOR2X1,U7055,DFF_167_n1|WX883|n3136
NOR2X0,U7056,n3137|n4534|WX1278
XNOR2X1,U7057,DFF_166_n1|WX885|n3137
NOR2X0,U7058,n3138|n4533|WX1276
XNOR2X1,U7059,DFF_165_n1|WX887|n3138
NOR2X0,U7060,n3139|n4533|WX1274
XNOR2X1,U7061,DFF_164_n1|WX889|n3139
NOR2X0,U7062,n3141|n4533|WX1270
XNOR2X1,U7063,DFF_162_n1|WX893|n3141
NOR2X0,U7064,n3142|n4533|WX1268
XNOR2X1,U7065,DFF_161_n1|WX895|n3142
NOR2X0,U7066,n3143|n4533|WX1266
XNOR2X1,U7067,DFF_160_n1|WX897|n3143
