net,fanin,fanout,gate_count,num_gate_types,num_instances,role,label
WX484,2,2,3,3,3,benign_or_unconfirmed,0
test_si1,0,1,1,1,1,benign_or_unconfirmed,0
test_se,0,1728,1728,1,1728,victim_control,1
CK,0,1728,1728,1,1728,benign_or_unconfirmed,0
WX485,4,4,5,4,5,benign_or_unconfirmed,0
WX486,2,2,3,3,3,benign_or_unconfirmed,0
WX487,4,3,4,3,4,benign_or_unconfirmed,0
WX488,2,2,3,3,3,benign_or_unconfirmed,0
WX489,4,3,4,3,4,benign_or_unconfirmed,0
WX490,2,2,3,3,3,benign_or_unconfirmed,0
WX491,4,3,4,3,4,benign_or_unconfirmed,0
WX492,2,2,3,3,3,benign_or_unconfirmed,0
WX493,4,3,4,3,4,benign_or_unconfirmed,0
WX494,2,2,3,3,3,benign_or_unconfirmed,0
WX495,4,3,4,3,4,benign_or_unconfirmed,0
WX496,2,2,3,3,3,benign_or_unconfirmed,0
WX497,4,3,4,3,4,benign_or_unconfirmed,0
WX498,2,2,3,3,3,benign_or_unconfirmed,0
WX499,4,3,4,3,4,benign_or_unconfirmed,0
WX500,2,2,3,3,3,benign_or_unconfirmed,0
WX501,4,3,4,3,4,benign_or_unconfirmed,0
WX502,2,2,3,3,3,benign_or_unconfirmed,0
WX503,4,3,4,3,4,benign_or_unconfirmed,0
WX504,2,2,3,3,3,benign_or_unconfirmed,0
WX505,4,3,4,3,4,benign_or_unconfirmed,0
WX506,2,2,3,3,3,benign_or_unconfirmed,0
WX507,4,3,4,3,4,benign_or_unconfirmed,0
WX508,2,2,3,3,3,benign_or_unconfirmed,0
WX509,4,3,4,3,4,benign_or_unconfirmed,0
WX510,2,2,3,3,3,benign_or_unconfirmed,0
WX511,4,3,4,3,4,benign_or_unconfirmed,0
WX512,2,2,3,3,3,benign_or_unconfirmed,0
WX513,4,3,4,3,4,benign_or_unconfirmed,0
WX514,2,2,3,3,3,benign_or_unconfirmed,0
WX515,4,3,4,3,4,benign_or_unconfirmed,0
WX516,2,2,3,3,3,benign_or_unconfirmed,0
WX517,4,3,4,3,4,benign_or_unconfirmed,0
WX518,2,2,3,3,3,benign_or_unconfirmed,0
test_so1,4,2,3,3,3,benign_or_unconfirmed,0
WX520,2,2,3,3,3,benign_or_unconfirmed,0
test_si2,0,1,1,1,1,benign_or_unconfirmed,0
WX521,4,3,4,3,4,benign_or_unconfirmed,0
WX522,2,2,3,3,3,benign_or_unconfirmed,0
WX523,4,3,4,3,4,benign_or_unconfirmed,0
WX524,2,2,3,3,3,benign_or_unconfirmed,0
WX525,4,3,4,3,4,benign_or_unconfirmed,0
WX526,2,2,3,3,3,benign_or_unconfirmed,0
WX527,4,3,4,3,4,benign_or_unconfirmed,0
WX528,2,2,3,3,3,benign_or_unconfirmed,0
WX529,4,3,4,3,4,benign_or_unconfirmed,0
WX530,2,2,3,3,3,benign_or_unconfirmed,0
WX531,4,3,4,3,4,benign_or_unconfirmed,0
WX532,2,2,3,3,3,benign_or_unconfirmed,0
WX533,4,3,4,3,4,benign_or_unconfirmed,0
WX534,2,2,3,3,3,benign_or_unconfirmed,0
WX535,4,3,4,3,4,benign_or_unconfirmed,0
WX536,2,2,3,3,3,benign_or_unconfirmed,0
WX537,4,3,4,3,4,benign_or_unconfirmed,0
WX538,2,2,3,3,3,benign_or_unconfirmed,0
WX539,4,3,4,3,4,benign_or_unconfirmed,0
WX540,2,2,3,3,3,benign_or_unconfirmed,0
WX541,4,3,4,3,4,benign_or_unconfirmed,0
WX542,2,2,3,3,3,benign_or_unconfirmed,0
WX543,4,3,4,3,4,benign_or_unconfirmed,0
WX544,2,2,3,3,3,benign_or_unconfirmed,0
WX545,4,3,4,3,4,benign_or_unconfirmed,0
WX546,2,1,2,2,2,benign_or_unconfirmed,0
WX547,4,3,4,3,4,benign_or_unconfirmed,0
WX644,5,1,2,2,2,benign_or_unconfirmed,0
WX645,0,3,3,2,3,benign_or_unconfirmed,0
n3529,5,1,2,2,2,benign_or_unconfirmed,0
WX646,5,1,2,2,2,benign_or_unconfirmed,0
WX647,0,3,3,2,3,benign_or_unconfirmed,0
n3527,5,1,2,2,2,benign_or_unconfirmed,0
WX648,5,1,2,2,2,benign_or_unconfirmed,0
WX649,0,3,3,2,3,benign_or_unconfirmed,0
n3525,5,1,2,2,2,benign_or_unconfirmed,0
WX650,5,1,2,2,2,benign_or_unconfirmed,0
test_so2,0,2,2,2,2,benign_or_unconfirmed,0
n3523,5,1,2,2,2,benign_or_unconfirmed,0
WX652,5,1,2,2,2,benign_or_unconfirmed,0
test_si3,0,1,1,1,1,benign_or_unconfirmed,0
WX653,0,3,3,2,3,benign_or_unconfirmed,0
n3521,5,1,2,2,2,benign_or_unconfirmed,0
WX654,5,1,2,2,2,benign_or_unconfirmed,0
WX655,0,3,3,2,3,benign_or_unconfirmed,0
n3519,5,1,2,2,2,benign_or_unconfirmed,0
WX656,5,1,2,2,2,benign_or_unconfirmed,0
WX657,0,3,3,2,3,benign_or_unconfirmed,0
n3517,5,1,2,2,2,benign_or_unconfirmed,0
WX658,5,1,2,2,2,benign_or_unconfirmed,0
WX659,0,3,3,2,3,benign_or_unconfirmed,0
n3515,5,1,2,2,2,benign_or_unconfirmed,0
WX660,5,1,2,2,2,benign_or_unconfirmed,0
WX661,0,3,3,2,3,benign_or_unconfirmed,0
n3513,5,1,2,2,2,benign_or_unconfirmed,0
WX662,5,1,2,2,2,benign_or_unconfirmed,0
WX663,0,3,3,2,3,benign_or_unconfirmed,0
n3511,5,1,2,2,2,benign_or_unconfirmed,0
WX664,5,1,2,2,2,benign_or_unconfirmed,0
WX665,0,3,3,2,3,benign_or_unconfirmed,0
n3509,5,1,2,2,2,benign_or_unconfirmed,0
WX666,5,1,2,2,2,benign_or_unconfirmed,0
WX667,0,3,3,2,3,benign_or_unconfirmed,0
n3507,5,1,2,2,2,benign_or_unconfirmed,0
WX668,5,1,2,2,2,benign_or_unconfirmed,0
WX669,0,3,3,2,3,benign_or_unconfirmed,0
n3505,5,1,2,2,2,benign_or_unconfirmed,0
WX670,5,1,2,2,2,benign_or_unconfirmed,0
WX671,0,3,3,2,3,benign_or_unconfirmed,0
n3503,5,1,2,2,2,benign_or_unconfirmed,0
WX672,5,1,2,2,2,benign_or_unconfirmed,0
WX673,0,3,3,2,3,benign_or_unconfirmed,0
n3501,5,1,2,2,2,benign_or_unconfirmed,0
WX674,5,1,2,2,2,benign_or_unconfirmed,0
WX675,0,3,3,2,3,benign_or_unconfirmed,0
n3499,5,1,2,2,2,benign_or_unconfirmed,0
WX676,5,1,2,2,2,benign_or_unconfirmed,0
WX677,0,3,3,2,3,benign_or_unconfirmed,0
n3497,5,1,2,2,2,benign_or_unconfirmed,0
WX678,5,1,2,2,2,benign_or_unconfirmed,0
WX679,0,3,3,2,3,benign_or_unconfirmed,0
n3495,5,1,2,2,2,benign_or_unconfirmed,0
WX680,5,1,2,2,2,benign_or_unconfirmed,0
WX681,0,3,3,2,3,benign_or_unconfirmed,0
n3493,5,1,2,2,2,benign_or_unconfirmed,0
WX682,5,1,2,2,2,benign_or_unconfirmed,0
WX683,0,3,3,2,3,benign_or_unconfirmed,0
n3491,5,1,2,2,2,benign_or_unconfirmed,0
WX684,5,1,2,2,2,benign_or_unconfirmed,0
WX685,0,3,3,2,3,benign_or_unconfirmed,0
n3489,5,1,2,2,2,benign_or_unconfirmed,0
WX686,5,1,2,2,2,benign_or_unconfirmed,0
test_so3,0,2,2,2,2,benign_or_unconfirmed,0
n3487,5,1,2,2,2,benign_or_unconfirmed,0
WX688,5,1,2,2,2,benign_or_unconfirmed,0
test_si4,0,1,1,1,1,benign_or_unconfirmed,0
WX689,0,3,3,2,3,benign_or_unconfirmed,0
n3485,5,1,2,2,2,benign_or_unconfirmed,0
WX690,5,1,2,2,2,benign_or_unconfirmed,0
WX691,0,3,3,2,3,benign_or_unconfirmed,0
n3483,5,1,2,2,2,benign_or_unconfirmed,0
WX692,5,1,2,2,2,benign_or_unconfirmed,0
WX693,0,3,3,2,3,benign_or_unconfirmed,0
n3481,5,1,2,2,2,benign_or_unconfirmed,0
WX694,5,1,2,2,2,benign_or_unconfirmed,0
WX695,0,3,3,2,3,benign_or_unconfirmed,0
n3479,5,1,2,2,2,benign_or_unconfirmed,0
WX696,5,1,2,2,2,benign_or_unconfirmed,0
WX697,0,3,3,2,3,benign_or_unconfirmed,0
n3477,5,1,2,2,2,benign_or_unconfirmed,0
WX698,5,1,2,2,2,benign_or_unconfirmed,0
WX699,0,3,3,2,3,benign_or_unconfirmed,0
n3475,5,1,2,2,2,benign_or_unconfirmed,0
WX700,5,1,2,2,2,benign_or_unconfirmed,0
WX701,0,3,3,2,3,benign_or_unconfirmed,0
n3473,5,1,2,2,2,benign_or_unconfirmed,0
WX702,5,1,2,2,2,benign_or_unconfirmed,0
WX703,0,3,3,2,3,benign_or_unconfirmed,0
n3471,5,1,2,2,2,benign_or_unconfirmed,0
WX704,5,1,2,2,2,benign_or_unconfirmed,0
WX705,0,3,3,2,3,benign_or_unconfirmed,0
n3469,5,1,2,2,2,benign_or_unconfirmed,0
WX706,5,1,2,2,2,benign_or_unconfirmed,0
WX707,0,3,3,2,3,benign_or_unconfirmed,0
n3467,5,1,2,2,2,benign_or_unconfirmed,0
WX708,2,1,2,2,2,benign_or_unconfirmed,0
WX709,4,3,4,3,4,benign_or_unconfirmed,0
WX710,2,1,2,2,2,benign_or_unconfirmed,0
WX711,4,3,4,3,4,benign_or_unconfirmed,0
WX712,2,1,2,2,2,benign_or_unconfirmed,0
WX713,4,3,4,3,4,benign_or_unconfirmed,0
WX714,2,1,2,2,2,benign_or_unconfirmed,0
WX715,4,3,4,3,4,benign_or_unconfirmed,0
WX716,2,1,2,2,2,benign_or_unconfirmed,0
WX717,4,3,4,3,4,benign_or_unconfirmed,0
WX718,2,1,2,2,2,benign_or_unconfirmed,0
WX719,4,3,4,3,4,benign_or_unconfirmed,0
WX720,2,1,2,2,2,benign_or_unconfirmed,0
WX721,4,3,4,3,4,benign_or_unconfirmed,0
WX722,2,1,2,2,2,benign_or_unconfirmed,0
test_so4,4,2,3,3,3,benign_or_unconfirmed,0
WX724,2,1,2,2,2,benign_or_unconfirmed,0
test_si5,0,1,1,1,1,benign_or_unconfirmed,0
WX725,4,3,4,3,4,benign_or_unconfirmed,0
WX726,2,1,2,2,2,benign_or_unconfirmed,0
WX727,4,3,4,3,4,benign_or_unconfirmed,0
WX728,2,1,2,2,2,benign_or_unconfirmed,0
WX729,4,3,4,3,4,benign_or_unconfirmed,0
WX730,2,1,2,2,2,benign_or_unconfirmed,0
WX731,4,3,4,3,4,benign_or_unconfirmed,0
WX732,2,1,2,2,2,benign_or_unconfirmed,0
WX733,4,3,4,3,4,benign_or_unconfirmed,0
WX734,2,1,2,2,2,benign_or_unconfirmed,0
WX735,4,3,4,3,4,benign_or_unconfirmed,0
WX736,2,1,2,2,2,benign_or_unconfirmed,0
WX737,4,3,4,3,4,benign_or_unconfirmed,0
WX738,2,1,2,2,2,benign_or_unconfirmed,0
WX739,4,3,4,3,4,benign_or_unconfirmed,0
WX740,2,1,2,2,2,benign_or_unconfirmed,0
WX741,4,3,4,3,4,benign_or_unconfirmed,0
WX742,2,1,2,2,2,trigger_tap,1
WX743,4,3,4,3,4,benign_or_unconfirmed,0
WX744,2,1,2,2,2,benign_or_unconfirmed,0
WX745,4,3,4,3,4,benign_or_unconfirmed,0
WX746,2,1,2,2,2,benign_or_unconfirmed,0
WX747,4,3,4,3,4,benign_or_unconfirmed,0
WX748,2,1,2,2,2,benign_or_unconfirmed,0
WX749,4,3,4,3,4,benign_or_unconfirmed,0
WX750,2,1,2,2,2,benign_or_unconfirmed,0
WX751,4,3,4,3,4,benign_or_unconfirmed,0
WX752,2,1,2,2,2,benign_or_unconfirmed,0
WX753,4,3,4,3,4,benign_or_unconfirmed,0
WX754,2,1,2,2,2,benign_or_unconfirmed,0
WX755,4,3,4,3,4,benign_or_unconfirmed,0
WX756,2,1,2,2,2,benign_or_unconfirmed,0
WX757,4,3,4,3,4,benign_or_unconfirmed,0
WX758,2,1,2,2,2,benign_or_unconfirmed,0
test_so5,4,2,3,3,3,benign_or_unconfirmed,0
WX760,2,1,2,2,2,benign_or_unconfirmed,0
test_si6,0,1,1,1,1,benign_or_unconfirmed,0
WX761,4,3,4,3,4,benign_or_unconfirmed,0
WX762,2,1,2,2,2,benign_or_unconfirmed,0
WX763,4,3,4,3,4,benign_or_unconfirmed,0
WX764,2,1,2,2,2,benign_or_unconfirmed,0
WX765,4,3,4,3,4,benign_or_unconfirmed,0
WX766,2,1,2,2,2,benign_or_unconfirmed,0
WX767,4,3,4,3,4,benign_or_unconfirmed,0
WX768,2,1,2,2,2,benign_or_unconfirmed,0
WX769,4,3,4,3,4,benign_or_unconfirmed,0
WX770,2,1,2,2,2,benign_or_unconfirmed,0
WX771,4,3,4,3,4,benign_or_unconfirmed,0
WX772,2,1,2,2,2,benign_or_unconfirmed,0
WX773,4,3,4,3,4,benign_or_unconfirmed,0
WX774,2,1,2,2,2,benign_or_unconfirmed,0
WX775,4,3,4,3,4,benign_or_unconfirmed,0
WX776,2,1,2,2,2,benign_or_unconfirmed,0
WX777,4,3,4,3,4,benign_or_unconfirmed,0
WX778,2,1,2,2,2,benign_or_unconfirmed,0
WX779,4,3,4,3,4,benign_or_unconfirmed,0
WX780,2,1,2,2,2,benign_or_unconfirmed,0
WX781,4,3,4,3,4,benign_or_unconfirmed,0
WX782,2,1,2,2,2,benign_or_unconfirmed,0
WX783,4,3,4,3,4,benign_or_unconfirmed,0
WX784,2,1,2,2,2,benign_or_unconfirmed,0
WX785,4,3,4,3,4,benign_or_unconfirmed,0
WX786,2,1,2,2,2,benign_or_unconfirmed,0
WX787,4,3,4,3,4,benign_or_unconfirmed,0
WX788,2,1,2,2,2,benign_or_unconfirmed,0
WX789,4,3,4,3,4,benign_or_unconfirmed,0
WX790,2,1,2,2,2,benign_or_unconfirmed,0
WX791,4,3,4,3,4,benign_or_unconfirmed,0
WX792,2,1,2,2,2,benign_or_unconfirmed,0
WX793,4,3,4,3,4,benign_or_unconfirmed,0
WX794,2,1,2,2,2,benign_or_unconfirmed,0
test_so6,4,2,3,3,3,benign_or_unconfirmed,0
WX796,2,1,2,2,2,benign_or_unconfirmed,0
test_si7,0,1,1,1,1,benign_or_unconfirmed,0
WX797,4,3,4,3,4,benign_or_unconfirmed,0
WX798,2,1,2,2,2,benign_or_unconfirmed,0
WX799,4,3,4,3,4,benign_or_unconfirmed,0
WX800,2,1,2,2,2,benign_or_unconfirmed,0
WX801,4,3,4,3,4,benign_or_unconfirmed,0
WX802,2,1,2,2,2,benign_or_unconfirmed,0
WX803,4,3,4,3,4,benign_or_unconfirmed,0
WX804,2,1,2,2,2,benign_or_unconfirmed,0
WX805,4,3,4,3,4,benign_or_unconfirmed,0
WX806,2,1,2,2,2,benign_or_unconfirmed,0
WX807,4,3,4,3,4,benign_or_unconfirmed,0
WX808,2,1,2,2,2,benign_or_unconfirmed,0
WX809,4,3,4,3,4,benign_or_unconfirmed,0
WX810,2,1,2,2,2,benign_or_unconfirmed,0
WX811,4,3,4,3,4,benign_or_unconfirmed,0
WX812,2,1,2,2,2,benign_or_unconfirmed,0
WX813,4,3,4,3,4,benign_or_unconfirmed,0
WX814,2,1,2,2,2,benign_or_unconfirmed,0
WX815,4,3,4,3,4,benign_or_unconfirmed,0
WX816,2,1,2,2,2,benign_or_unconfirmed,0
WX817,4,3,4,3,4,benign_or_unconfirmed,0
WX818,2,1,2,2,2,benign_or_unconfirmed,0
WX819,4,3,4,3,4,benign_or_unconfirmed,0
WX820,2,1,2,2,2,benign_or_unconfirmed,0
WX821,4,3,4,3,4,benign_or_unconfirmed,0
WX822,2,1,2,2,2,benign_or_unconfirmed,0
WX823,4,3,4,3,4,benign_or_unconfirmed,0
WX824,2,1,2,2,2,benign_or_unconfirmed,0
WX825,4,3,4,3,4,benign_or_unconfirmed,0
WX826,2,1,2,2,2,benign_or_unconfirmed,0
WX827,4,3,4,3,4,benign_or_unconfirmed,0
WX828,2,1,2,2,2,benign_or_unconfirmed,0
WX829,4,3,4,3,4,benign_or_unconfirmed,0
WX830,2,1,2,2,2,benign_or_unconfirmed,0
test_so7,4,2,3,3,3,benign_or_unconfirmed,0
WX832,2,1,2,2,2,benign_or_unconfirmed,0
test_si8,0,1,1,1,1,benign_or_unconfirmed,0
WX833,4,3,4,3,4,benign_or_unconfirmed,0
WX834,2,1,2,2,2,benign_or_unconfirmed,0
WX835,4,3,4,3,4,benign_or_unconfirmed,0
WX836,2,1,2,2,2,benign_or_unconfirmed,0
WX837,4,3,4,3,4,benign_or_unconfirmed,0
WX838,2,1,2,2,2,benign_or_unconfirmed,0
WX839,4,3,4,3,4,benign_or_unconfirmed,0
WX840,2,1,2,2,2,benign_or_unconfirmed,0
WX841,4,3,4,3,4,benign_or_unconfirmed,0
WX842,2,1,2,2,2,benign_or_unconfirmed,0
WX843,4,3,4,3,4,benign_or_unconfirmed,0
WX844,2,1,2,2,2,benign_or_unconfirmed,0
WX845,4,3,4,3,4,benign_or_unconfirmed,0
WX846,2,1,2,2,2,benign_or_unconfirmed,0
WX847,4,3,4,3,4,benign_or_unconfirmed,0
WX848,2,1,2,2,2,benign_or_unconfirmed,0
WX849,4,3,4,3,4,benign_or_unconfirmed,0
WX850,2,1,2,2,2,benign_or_unconfirmed,0
WX851,4,3,4,3,4,benign_or_unconfirmed,0
WX852,2,1,2,2,2,benign_or_unconfirmed,0
WX853,4,3,4,3,4,benign_or_unconfirmed,0
WX854,2,1,2,2,2,benign_or_unconfirmed,0
WX855,4,3,4,3,4,benign_or_unconfirmed,0
WX856,2,1,2,2,2,benign_or_unconfirmed,0
WX857,4,3,4,3,4,benign_or_unconfirmed,0
WX858,2,1,2,2,2,benign_or_unconfirmed,0
WX859,4,3,4,3,4,benign_or_unconfirmed,0
WX860,2,1,2,2,2,benign_or_unconfirmed,0
WX861,4,3,4,3,4,benign_or_unconfirmed,0
WX862,2,1,2,2,2,benign_or_unconfirmed,0
WX863,4,3,4,3,4,benign_or_unconfirmed,0
WX864,2,1,2,2,2,benign_or_unconfirmed,0
WX865,4,3,4,3,4,benign_or_unconfirmed,0
WX866,2,1,2,2,2,benign_or_unconfirmed,0
test_so8,4,2,3,2,3,benign_or_unconfirmed,0
WX868,2,1,2,2,2,benign_or_unconfirmed,0
test_si9,0,1,1,1,1,benign_or_unconfirmed,0
WX869,4,3,4,3,4,benign_or_unconfirmed,0
WX870,2,1,2,2,2,benign_or_unconfirmed,0
WX871,4,3,4,3,4,benign_or_unconfirmed,0
WX872,2,1,2,2,2,benign_or_unconfirmed,0
WX873,4,3,4,3,4,benign_or_unconfirmed,0
WX874,2,1,2,2,2,benign_or_unconfirmed,0
WX875,4,3,4,3,4,benign_or_unconfirmed,0
WX876,2,1,2,2,2,benign_or_unconfirmed,0
WX877,4,3,4,2,4,benign_or_unconfirmed,0
WX878,2,1,2,2,2,benign_or_unconfirmed,0
WX879,4,3,4,3,4,benign_or_unconfirmed,0
WX880,2,1,2,2,2,benign_or_unconfirmed,0
WX881,4,3,4,3,4,benign_or_unconfirmed,0
WX882,2,1,2,2,2,benign_or_unconfirmed,0
WX883,4,3,4,3,4,benign_or_unconfirmed,0
WX884,2,1,2,2,2,benign_or_unconfirmed,0
WX885,4,3,4,3,4,benign_or_unconfirmed,0
WX886,2,1,2,2,2,benign_or_unconfirmed,0
WX887,4,3,4,3,4,benign_or_unconfirmed,0
WX888,2,1,2,2,2,benign_or_unconfirmed,0
WX889,4,3,4,3,4,benign_or_unconfirmed,0
WX890,2,1,2,2,2,benign_or_unconfirmed,0
WX891,4,3,4,2,4,benign_or_unconfirmed,0
WX892,2,1,2,2,2,benign_or_unconfirmed,0
WX893,4,3,4,3,4,benign_or_unconfirmed,0
WX894,2,1,2,2,2,benign_or_unconfirmed,0
WX895,4,3,4,3,4,benign_or_unconfirmed,0
WX896,2,1,2,2,2,benign_or_unconfirmed,0
WX897,4,3,4,3,4,benign_or_unconfirmed,0
WX898,2,1,2,2,2,benign_or_unconfirmed,0
WX899,4,3,4,3,4,benign_or_unconfirmed,0
WX1264,2,1,2,2,2,benign_or_unconfirmed,0
CRC_OUT_9_0,0,3,3,2,3,benign_or_unconfirmed,0
DFF_160_n1,5,1,2,2,2,benign_or_unconfirmed,0
WX1266,2,1,2,2,2,benign_or_unconfirmed,0
CRC_OUT_9_1,0,2,2,2,2,benign_or_unconfirmed,0
DFF_161_n1,5,1,2,2,2,benign_or_unconfirmed,0
WX1268,2,1,2,2,2,benign_or_unconfirmed,0
test_si10,0,1,1,1,1,benign_or_unconfirmed,0
CRC_OUT_9_2,0,3,3,2,3,benign_or_unconfirmed,0
DFF_162_n1,5,1,2,2,2,benign_or_unconfirmed,0
WX1270,2,1,2,2,2,benign_or_unconfirmed,0
CRC_OUT_9_3,0,3,3,2,3,benign_or_unconfirmed,0
DFF_163_n1,5,1,2,2,2,benign_or_unconfirmed,0
WX1272,2,1,2,2,2,benign_or_unconfirmed,0
CRC_OUT_9_4,0,3,3,2,3,benign_or_unconfirmed,0
DFF_164_n1,5,1,2,2,2,benign_or_unconfirmed,0
WX1274,2,1,2,2,2,benign_or_unconfirmed,0
CRC_OUT_9_5,0,3,3,2,3,benign_or_unconfirmed,0
DFF_165_n1,5,1,2,2,2,benign_or_unconfirmed,0
WX1276,2,1,2,2,2,benign_or_unconfirmed,0
CRC_OUT_9_6,0,3,3,2,3,benign_or_unconfirmed,0
DFF_166_n1,5,1,2,2,2,benign_or_unconfirmed,0
WX1278,2,1,2,2,2,benign_or_unconfirmed,0
CRC_OUT_9_7,0,3,3,2,3,benign_or_unconfirmed,0
DFF_167_n1,5,1,2,2,2,benign_or_unconfirmed,0
WX1280,2,1,2,2,2,benign_or_unconfirmed,0
CRC_OUT_9_8,0,3,3,2,3,benign_or_unconfirmed,0
DFF_168_n1,5,1,2,2,2,benign_or_unconfirmed,0
WX1282,2,1,2,2,2,benign_or_unconfirmed,0
CRC_OUT_9_9,0,3,3,2,3,benign_or_unconfirmed,0
DFF_169_n1,5,1,2,2,2,benign_or_unconfirmed,0
WX1284,2,1,2,2,2,benign_or_unconfirmed,0
CRC_OUT_9_10,0,3,3,2,3,benign_or_unconfirmed,0
DFF_170_n1,5,1,2,2,2,benign_or_unconfirmed,0
WX1286,2,1,2,2,2,benign_or_unconfirmed,0
CRC_OUT_9_11,0,3,3,2,3,benign_or_unconfirmed,0
DFF_171_n1,5,1,2,2,2,benign_or_unconfirmed,0
WX1288,2,1,2,2,2,benign_or_unconfirmed,0
CRC_OUT_9_12,0,3,3,2,3,benign_or_unconfirmed,0
DFF_172_n1,5,1,2,2,2,benign_or_unconfirmed,0
WX1290,2,1,2,2,2,benign_or_unconfirmed,0
CRC_OUT_9_13,0,3,3,2,3,benign_or_unconfirmed,0
DFF_173_n1,5,1,2,2,2,benign_or_unconfirmed,0
WX1292,2,1,2,2,2,benign_or_unconfirmed,0
CRC_OUT_9_14,0,3,3,2,3,benign_or_unconfirmed,0
DFF_174_n1,5,1,2,2,2,benign_or_unconfirmed,0
WX1294,2,1,2,2,2,benign_or_unconfirmed,0
CRC_OUT_9_15,0,3,3,2,3,benign_or_unconfirmed,0
DFF_175_n1,5,1,2,2,2,benign_or_unconfirmed,0
WX1296,2,1,2,2,2,benign_or_unconfirmed,0
CRC_OUT_9_16,0,3,3,2,3,benign_or_unconfirmed,0
DFF_176_n1,5,1,2,2,2,benign_or_unconfirmed,0
WX1298,2,1,2,2,2,benign_or_unconfirmed,0
CRC_OUT_9_17,0,3,3,2,3,benign_or_unconfirmed,0
DFF_177_n1,5,1,2,2,2,benign_or_unconfirmed,0
WX1300,2,1,2,2,2,benign_or_unconfirmed,0
CRC_OUT_9_18,0,3,3,2,3,benign_or_unconfirmed,0
DFF_178_n1,5,1,2,2,2,benign_or_unconfirmed,0
WX1302,2,1,2,2,2,benign_or_unconfirmed,0
CRC_OUT_9_19,0,2,2,2,2,benign_or_unconfirmed,0
DFF_179_n1,5,1,2,2,2,benign_or_unconfirmed,0
WX1304,2,1,2,2,2,benign_or_unconfirmed,0
test_si11,0,1,1,1,1,benign_or_unconfirmed,0
CRC_OUT_9_20,0,3,3,2,3,benign_or_unconfirmed,0
DFF_180_n1,5,1,2,2,2,benign_or_unconfirmed,0
WX1306,2,1,2,2,2,benign_or_unconfirmed,0
CRC_OUT_9_21,0,3,3,2,3,benign_or_unconfirmed,0
DFF_181_n1,5,1,2,2,2,benign_or_unconfirmed,0
WX1308,2,1,2,2,2,benign_or_unconfirmed,0
CRC_OUT_9_22,0,3,3,2,3,benign_or_unconfirmed,0
DFF_182_n1,5,1,2,2,2,benign_or_unconfirmed,0
WX1310,2,1,2,2,2,benign_or_unconfirmed,0
CRC_OUT_9_23,0,3,3,2,3,benign_or_unconfirmed,0
DFF_183_n1,5,1,2,2,2,benign_or_unconfirmed,0
WX1312,2,1,2,2,2,benign_or_unconfirmed,0
CRC_OUT_9_24,0,3,3,2,3,benign_or_unconfirmed,0
DFF_184_n1,5,1,2,2,2,benign_or_unconfirmed,0
WX1314,2,1,2,2,2,benign_or_unconfirmed,0
CRC_OUT_9_25,0,3,3,2,3,benign_or_unconfirmed,0
DFF_185_n1,5,1,2,2,2,benign_or_unconfirmed,0
WX1316,2,1,2,2,2,benign_or_unconfirmed,0
CRC_OUT_9_26,0,3,3,2,3,benign_or_unconfirmed,0
DFF_186_n1,5,1,2,2,2,benign_or_unconfirmed,0
WX1318,2,1,2,2,2,benign_or_unconfirmed,0
CRC_OUT_9_27,0,3,3,2,3,benign_or_unconfirmed,0
DFF_187_n1,5,1,2,2,2,benign_or_unconfirmed,0
WX1320,2,1,2,2,2,benign_or_unconfirmed,0
CRC_OUT_9_28,0,3,3,2,3,benign_or_unconfirmed,0
DFF_188_n1,5,1,2,2,2,benign_or_unconfirmed,0
WX1322,2,1,2,2,2,benign_or_unconfirmed,0
CRC_OUT_9_29,0,3,3,2,3,benign_or_unconfirmed,0
DFF_189_n1,5,1,2,2,2,benign_or_unconfirmed,0
WX1324,2,1,2,2,2,benign_or_unconfirmed,0
CRC_OUT_9_30,0,3,3,2,3,benign_or_unconfirmed,0
DFF_190_n1,5,1,2,2,2,benign_or_unconfirmed,0
WX1326,2,1,2,2,2,benign_or_unconfirmed,0
CRC_OUT_9_31,0,6,6,3,6,benign_or_unconfirmed,0
DFF_191_n1,5,1,2,2,2,benign_or_unconfirmed,0
WX1777,2,2,3,3,3,benign_or_unconfirmed,0
WX1778,4,3,4,3,4,benign_or_unconfirmed,0
WX1779,2,2,3,3,3,benign_or_unconfirmed,0
n8702,0,2,2,1,2,benign_or_unconfirmed,0
n4033,5,1,2,2,2,benign_or_unconfirmed,0
WX1781,2,2,3,3,3,benign_or_unconfirmed,0
n8701,0,2,2,1,2,benign_or_unconfirmed,0
n4032,5,1,2,2,2,benign_or_unconfirmed,0
WX1783,2,2,3,3,3,benign_or_unconfirmed,0
n8700,0,2,2,1,2,benign_or_unconfirmed,0
n4031,5,1,2,2,2,benign_or_unconfirmed,0
WX1785,2,2,3,3,3,benign_or_unconfirmed,0
n8699,0,2,2,1,2,benign_or_unconfirmed,0
n4030,5,1,2,2,2,benign_or_unconfirmed,0
WX1787,2,2,3,3,3,benign_or_unconfirmed,0
test_so11,0,1,1,1,1,benign_or_unconfirmed,0
n4029,5,1,2,2,2,benign_or_unconfirmed,0
WX1789,2,2,3,3,3,benign_or_unconfirmed,0
test_si12,0,1,1,1,1,benign_or_unconfirmed,0
n8696,0,2,2,1,2,benign_or_unconfirmed,0
n4028,5,1,2,2,2,benign_or_unconfirmed,0
WX1791,2,2,3,3,3,benign_or_unconfirmed,0
n8695,0,2,2,1,2,benign_or_unconfirmed,0
n4027,5,1,2,2,2,benign_or_unconfirmed,0
WX1793,2,2,3,3,3,benign_or_unconfirmed,0
n8694,0,2,2,1,2,benign_or_unconfirmed,0
n4026,5,1,2,2,2,benign_or_unconfirmed,0
WX1795,2,2,3,3,3,benign_or_unconfirmed,0
n8693,0,2,2,1,2,benign_or_unconfirmed,0
n4025,5,1,2,2,2,benign_or_unconfirmed,0
WX1797,2,2,3,3,3,benign_or_unconfirmed,0
n8692,0,2,2,1,2,benign_or_unconfirmed,0
n4024,5,1,2,2,2,benign_or_unconfirmed,0
WX1799,2,2,3,3,3,benign_or_unconfirmed,0
n8691,0,2,2,1,2,benign_or_unconfirmed,0
n4023,5,1,2,2,2,benign_or_unconfirmed,0
WX1801,2,2,3,3,3,benign_or_unconfirmed,0
n8690,0,2,2,1,2,benign_or_unconfirmed,0
n4022,5,1,2,2,2,benign_or_unconfirmed,0
WX1803,2,2,3,3,3,benign_or_unconfirmed,0
n8689,0,2,2,1,2,benign_or_unconfirmed,0
n4021,5,1,2,2,2,benign_or_unconfirmed,0
WX1805,2,2,3,3,3,benign_or_unconfirmed,0
n8688,0,2,2,1,2,benign_or_unconfirmed,0
n4020,5,1,2,2,2,benign_or_unconfirmed,0
WX1807,2,2,3,3,3,benign_or_unconfirmed,0
n8687,0,2,2,1,2,benign_or_unconfirmed,0
n4019,5,1,2,2,2,benign_or_unconfirmed,0
WX1809,2,2,3,3,3,benign_or_unconfirmed,0
n8686,0,2,2,1,2,benign_or_unconfirmed,0
n4018,5,1,2,2,2,benign_or_unconfirmed,0
WX1811,2,2,3,3,3,benign_or_unconfirmed,0
n8685,0,2,2,1,2,benign_or_unconfirmed,0
n4017,5,1,2,2,2,benign_or_unconfirmed,0
WX1813,2,2,3,3,3,trigger_tap,1
n8684,0,2,2,1,2,benign_or_unconfirmed,0
n4016,5,1,2,2,2,benign_or_unconfirmed,0
WX1815,2,2,3,3,3,benign_or_unconfirmed,0
n8683,0,2,2,1,2,benign_or_unconfirmed,0
n4015,5,1,2,2,2,benign_or_unconfirmed,0
WX1817,2,2,3,3,3,benign_or_unconfirmed,0
n8682,0,2,2,1,2,benign_or_unconfirmed,0
n4014,5,1,2,2,2,benign_or_unconfirmed,0
WX1819,2,2,3,3,3,benign_or_unconfirmed,0
n8681,0,2,2,1,2,benign_or_unconfirmed,0
n4013,5,1,2,2,2,benign_or_unconfirmed,0
WX1821,2,2,3,3,3,benign_or_unconfirmed,0
n8680,0,2,2,1,2,benign_or_unconfirmed,0
n4012,5,1,2,2,2,benign_or_unconfirmed,0
WX1823,2,2,3,3,3,benign_or_unconfirmed,0
test_so12,0,1,1,1,1,benign_or_unconfirmed,0
n4011,5,1,2,2,2,benign_or_unconfirmed,0
WX1825,2,2,3,3,3,benign_or_unconfirmed,0
test_si13,0,1,1,1,1,benign_or_unconfirmed,0
n8677,0,2,2,1,2,benign_or_unconfirmed,0
n4010,5,1,2,2,2,benign_or_unconfirmed,0
WX1827,2,2,3,3,3,benign_or_unconfirmed,0
n8676,0,2,2,1,2,benign_or_unconfirmed,0
n4009,5,1,2,2,2,benign_or_unconfirmed,0
WX1829,2,2,3,3,3,benign_or_unconfirmed,0
n8675,0,2,2,1,2,benign_or_unconfirmed,0
n4008,5,1,2,2,2,benign_or_unconfirmed,0
WX1831,2,2,3,3,3,benign_or_unconfirmed,0
n8674,0,2,2,1,2,benign_or_unconfirmed,0
n4007,5,1,2,2,2,benign_or_unconfirmed,0
WX1833,2,2,3,3,3,benign_or_unconfirmed,0
n8673,0,2,2,1,2,benign_or_unconfirmed,0
n4006,5,1,2,2,2,benign_or_unconfirmed,0
WX1835,2,2,3,3,3,benign_or_unconfirmed,0
n8672,0,2,2,1,2,benign_or_unconfirmed,0
n4005,5,1,2,2,2,benign_or_unconfirmed,0
WX1837,2,2,3,3,3,benign_or_unconfirmed,0
n8671,0,2,2,1,2,benign_or_unconfirmed,0
n4004,5,1,2,2,2,benign_or_unconfirmed,0
WX1839,2,1,2,2,2,benign_or_unconfirmed,0
n8670,0,2,2,1,2,benign_or_unconfirmed,0
n4003,5,1,2,2,2,benign_or_unconfirmed,0
WX1937,5,1,2,2,2,benign_or_unconfirmed,0
n8669,0,2,2,1,2,benign_or_unconfirmed,0
n3345,5,2,3,3,3,benign_or_unconfirmed,0
WX1939,5,1,2,2,2,benign_or_unconfirmed,0
n8668,0,2,2,1,2,benign_or_unconfirmed,0
n3465,5,2,3,3,3,benign_or_unconfirmed,0
WX1941,5,1,2,2,2,benign_or_unconfirmed,0
n8667,0,2,2,1,2,benign_or_unconfirmed,0
n3464,5,2,3,3,3,benign_or_unconfirmed,0
WX1943,5,1,2,2,2,benign_or_unconfirmed,0
n8666,0,2,2,1,2,benign_or_unconfirmed,0
n3463,5,2,3,3,3,benign_or_unconfirmed,0
WX1945,5,1,2,2,2,benign_or_unconfirmed,0
n8665,0,2,2,1,2,benign_or_unconfirmed,0
n3462,5,2,3,3,3,benign_or_unconfirmed,0
WX1947,5,1,2,2,2,benign_or_unconfirmed,0
n8664,0,2,2,1,2,benign_or_unconfirmed,0
n3461,5,2,3,3,3,benign_or_unconfirmed,0
WX1949,5,1,2,2,2,benign_or_unconfirmed,0
n8663,0,2,2,1,2,benign_or_unconfirmed,0
n3460,5,2,3,3,3,benign_or_unconfirmed,0
WX1951,5,1,2,2,2,benign_or_unconfirmed,0
n8662,0,2,2,1,2,benign_or_unconfirmed,0
n3459,5,2,3,3,3,benign_or_unconfirmed,0
WX1953,5,1,2,2,2,benign_or_unconfirmed,0
n8661,0,2,2,1,2,benign_or_unconfirmed,0
n3458,5,2,3,3,3,benign_or_unconfirmed,0
WX1955,5,1,2,2,2,benign_or_unconfirmed,0
test_so13,0,1,1,1,1,benign_or_unconfirmed,0
n3457,5,2,3,3,3,benign_or_unconfirmed,0
WX1957,5,1,2,2,2,benign_or_unconfirmed,0
test_si14,0,1,1,1,1,benign_or_unconfirmed,0
n8658,0,2,2,1,2,benign_or_unconfirmed,0
n3456,5,2,3,3,3,benign_or_unconfirmed,0
WX1959,5,1,2,2,2,benign_or_unconfirmed,0
n8657,0,2,2,1,2,benign_or_unconfirmed,0
n3455,5,2,3,3,3,benign_or_unconfirmed,0
WX1961,5,1,2,2,2,benign_or_unconfirmed,0
n8656,0,2,2,1,2,benign_or_unconfirmed,0
n3454,5,2,3,3,3,benign_or_unconfirmed,0
WX1963,5,1,2,2,2,benign_or_unconfirmed,0
n8655,0,2,2,1,2,benign_or_unconfirmed,0
n3453,5,2,3,3,3,benign_or_unconfirmed,0
WX1965,5,1,2,2,2,benign_or_unconfirmed,0
n8654,0,2,2,1,2,benign_or_unconfirmed,0
n3452,5,2,3,3,3,benign_or_unconfirmed,0
WX1967,5,1,2,2,2,benign_or_unconfirmed,0
n8653,0,2,2,1,2,benign_or_unconfirmed,0
n3451,5,2,3,3,3,benign_or_unconfirmed,0
WX1969,5,1,2,2,2,benign_or_unconfirmed,0
WX1970,4,3,4,3,4,benign_or_unconfirmed,0
WX1971,5,1,2,2,2,benign_or_unconfirmed,0
WX1972,4,3,4,3,4,benign_or_unconfirmed,0
WX1973,5,1,2,2,2,benign_or_unconfirmed,0
WX1974,4,3,4,3,4,benign_or_unconfirmed,0
WX1975,5,1,2,2,2,benign_or_unconfirmed,0
WX1976,4,3,4,3,4,benign_or_unconfirmed,0
WX1977,5,1,2,2,2,benign_or_unconfirmed,0
WX1978,4,3,4,3,4,benign_or_unconfirmed,0
WX1979,5,1,2,2,2,benign_or_unconfirmed,0
WX1980,4,3,4,3,4,benign_or_unconfirmed,0
WX1981,5,1,2,2,2,benign_or_unconfirmed,0
WX1982,4,3,4,3,4,benign_or_unconfirmed,0
WX1983,5,1,2,2,2,benign_or_unconfirmed,0
WX1984,4,3,4,3,4,benign_or_unconfirmed,0
WX1985,5,1,2,2,2,benign_or_unconfirmed,0
WX1986,4,3,4,3,4,benign_or_unconfirmed,0
WX1987,5,1,2,2,2,benign_or_unconfirmed,0
WX1988,4,3,4,3,4,benign_or_unconfirmed,0
WX1989,5,1,2,2,2,benign_or_unconfirmed,0
WX1990,4,3,4,3,4,benign_or_unconfirmed,0
WX1991,5,1,2,2,2,benign_or_unconfirmed,0
test_so14,4,2,3,3,3,benign_or_unconfirmed,0
WX1993,5,1,2,2,2,benign_or_unconfirmed,0
test_si15,0,1,1,1,1,benign_or_unconfirmed,0
WX1994,4,3,4,3,4,benign_or_unconfirmed,0
WX1995,5,1,2,2,2,benign_or_unconfirmed,0
WX1996,4,3,4,3,4,benign_or_unconfirmed,0
WX1997,5,1,2,2,2,benign_or_unconfirmed,0
WX1998,4,3,4,3,4,benign_or_unconfirmed,0
WX1999,5,1,2,2,2,benign_or_unconfirmed,0
WX2000,4,3,4,3,4,benign_or_unconfirmed,0
WX2001,2,1,2,2,2,benign_or_unconfirmed,0
WX2002,4,3,4,3,4,benign_or_unconfirmed,0
WX2003,2,1,2,2,2,benign_or_unconfirmed,0
WX2004,4,3,4,3,4,benign_or_unconfirmed,0
WX2005,2,1,2,2,2,benign_or_unconfirmed,0
WX2006,4,3,4,3,4,benign_or_unconfirmed,0
WX2007,2,1,2,2,2,benign_or_unconfirmed,0
WX2008,4,3,4,3,4,benign_or_unconfirmed,0
WX2009,2,1,2,2,2,benign_or_unconfirmed,0
WX2010,4,3,4,3,4,benign_or_unconfirmed,0
WX2011,2,1,2,2,2,benign_or_unconfirmed,0
WX2012,4,3,4,3,4,benign_or_unconfirmed,0
WX2013,2,1,2,2,2,benign_or_unconfirmed,0
WX2014,4,3,4,3,4,benign_or_unconfirmed,0
WX2015,2,1,2,2,2,benign_or_unconfirmed,0
WX2016,4,3,4,3,4,benign_or_unconfirmed,0
WX2017,2,1,2,2,2,benign_or_unconfirmed,0
WX2018,4,3,4,3,4,benign_or_unconfirmed,0
WX2019,2,1,2,2,2,benign_or_unconfirmed,0
WX2020,4,3,4,3,4,benign_or_unconfirmed,0
WX2021,2,1,2,2,2,benign_or_unconfirmed,0
WX2022,4,3,4,3,4,benign_or_unconfirmed,0
WX2023,2,1,2,2,2,benign_or_unconfirmed,0
WX2024,4,3,4,3,4,benign_or_unconfirmed,0
WX2025,2,1,2,2,2,benign_or_unconfirmed,0
WX2026,4,3,4,3,4,benign_or_unconfirmed,0
WX2027,2,1,2,2,2,benign_or_unconfirmed,0
test_so15,4,2,3,3,3,benign_or_unconfirmed,0
WX2029,2,1,2,2,2,benign_or_unconfirmed,0
test_si16,0,1,1,1,1,benign_or_unconfirmed,0
WX2030,4,3,4,3,4,benign_or_unconfirmed,0
WX2031,2,1,2,2,2,benign_or_unconfirmed,0
WX2032,4,3,4,3,4,benign_or_unconfirmed,0
WX2033,2,1,2,2,2,benign_or_unconfirmed,0
WX2034,0,3,3,2,3,benign_or_unconfirmed,0
n3785,5,1,2,2,2,benign_or_unconfirmed,0
WX2035,2,1,2,2,2,benign_or_unconfirmed,0
WX2036,0,3,3,2,3,benign_or_unconfirmed,0
n3783,5,1,2,2,2,benign_or_unconfirmed,0
WX2037,2,1,2,2,2,benign_or_unconfirmed,0
WX2038,0,3,3,2,3,benign_or_unconfirmed,0
n3781,5,1,2,2,2,benign_or_unconfirmed,0
WX2039,2,1,2,2,2,benign_or_unconfirmed,0
WX2040,0,3,3,2,3,benign_or_unconfirmed,0
n3779,5,1,2,2,2,benign_or_unconfirmed,0
WX2041,2,1,2,2,2,benign_or_unconfirmed,0
WX2042,0,3,3,2,3,benign_or_unconfirmed,0
n3777,5,1,2,2,2,benign_or_unconfirmed,0
WX2043,2,1,2,2,2,benign_or_unconfirmed,0
WX2044,0,3,3,2,3,benign_or_unconfirmed,0
n3775,5,1,2,2,2,benign_or_unconfirmed,0
WX2045,2,1,2,2,2,benign_or_unconfirmed,0
WX2046,0,3,3,2,3,benign_or_unconfirmed,0
n3773,5,1,2,2,2,benign_or_unconfirmed,0
WX2047,2,1,2,2,2,benign_or_unconfirmed,0
WX2048,0,3,3,2,3,benign_or_unconfirmed,0
n3771,5,1,2,2,2,benign_or_unconfirmed,0
WX2049,2,1,2,2,2,benign_or_unconfirmed,0
WX2050,0,3,3,2,3,benign_or_unconfirmed,0
n3769,5,1,2,2,2,benign_or_unconfirmed,0
WX2051,2,1,2,2,2,benign_or_unconfirmed,0
WX2052,0,3,3,2,3,benign_or_unconfirmed,0
n3767,5,1,2,2,2,benign_or_unconfirmed,0
WX2053,2,1,2,2,2,benign_or_unconfirmed,0
WX2054,0,3,3,2,3,benign_or_unconfirmed,0
n3765,5,1,2,2,2,benign_or_unconfirmed,0
WX2055,2,1,2,2,2,benign_or_unconfirmed,0
WX2056,0,3,3,2,3,benign_or_unconfirmed,0
n3763,5,1,2,2,2,benign_or_unconfirmed,0
WX2057,2,1,2,2,2,benign_or_unconfirmed,0
WX2058,0,3,3,2,3,benign_or_unconfirmed,0
n3761,5,1,2,2,2,benign_or_unconfirmed,0
WX2059,2,1,2,2,2,benign_or_unconfirmed,0
WX2060,0,3,3,2,3,benign_or_unconfirmed,0
n3759,5,1,2,2,2,benign_or_unconfirmed,0
WX2061,2,1,2,2,2,benign_or_unconfirmed,0
WX2062,0,3,3,2,3,benign_or_unconfirmed,0
n3757,5,1,2,2,2,benign_or_unconfirmed,0
WX2063,2,1,2,2,2,benign_or_unconfirmed,0
test_so16,0,2,2,2,2,benign_or_unconfirmed,0
n3755,5,1,2,2,2,benign_or_unconfirmed,0
WX2065,2,1,2,2,2,benign_or_unconfirmed,0
test_si17,0,1,1,1,1,benign_or_unconfirmed,0
WX2066,4,3,4,3,4,benign_or_unconfirmed,0
WX2067,2,1,2,2,2,benign_or_unconfirmed,0
WX2068,4,3,4,3,4,benign_or_unconfirmed,0
WX2069,2,1,2,2,2,benign_or_unconfirmed,0
WX2070,4,3,4,3,4,benign_or_unconfirmed,0
WX2071,2,1,2,2,2,benign_or_unconfirmed,0
WX2072,4,3,4,3,4,benign_or_unconfirmed,0
WX2073,2,1,2,2,2,benign_or_unconfirmed,0
WX2074,4,3,4,3,4,benign_or_unconfirmed,0
WX2075,2,1,2,2,2,benign_or_unconfirmed,0
WX2076,4,3,4,3,4,benign_or_unconfirmed,0
WX2077,2,1,2,2,2,benign_or_unconfirmed,0
WX2078,4,3,4,3,4,benign_or_unconfirmed,0
WX2079,2,1,2,2,2,benign_or_unconfirmed,0
WX2080,4,3,4,3,4,benign_or_unconfirmed,0
WX2081,2,1,2,2,2,benign_or_unconfirmed,0
WX2082,4,3,4,3,4,benign_or_unconfirmed,0
WX2083,2,1,2,2,2,benign_or_unconfirmed,0
WX2084,4,3,4,3,4,benign_or_unconfirmed,0
WX2085,2,1,2,2,2,benign_or_unconfirmed,0
WX2086,4,3,4,3,4,benign_or_unconfirmed,0
WX2087,2,1,2,2,2,benign_or_unconfirmed,0
WX2088,4,3,4,3,4,benign_or_unconfirmed,0
WX2089,2,1,2,2,2,benign_or_unconfirmed,0
WX2090,4,3,4,3,4,benign_or_unconfirmed,0
WX2091,2,1,2,2,2,benign_or_unconfirmed,0
WX2092,4,3,4,3,4,benign_or_unconfirmed,0
WX2093,2,1,2,2,2,benign_or_unconfirmed,0
WX2094,4,3,4,3,4,benign_or_unconfirmed,0
WX2095,2,1,2,2,2,benign_or_unconfirmed,0
WX2096,4,3,4,3,4,benign_or_unconfirmed,0
WX2097,2,1,2,2,2,benign_or_unconfirmed,0
WX2098,4,3,4,3,4,benign_or_unconfirmed,0
WX2099,2,1,2,2,2,benign_or_unconfirmed,0
test_so17,4,2,3,3,3,benign_or_unconfirmed,0
WX2101,2,1,2,2,2,benign_or_unconfirmed,0
test_si18,0,1,1,1,1,benign_or_unconfirmed,0
WX2102,4,3,4,3,4,benign_or_unconfirmed,0
WX2103,2,1,2,2,2,benign_or_unconfirmed,0
WX2104,4,3,4,3,4,benign_or_unconfirmed,0
WX2105,2,1,2,2,2,benign_or_unconfirmed,0
WX2106,4,3,4,3,4,benign_or_unconfirmed,0
WX2107,2,1,2,2,2,benign_or_unconfirmed,0
WX2108,4,3,4,3,4,benign_or_unconfirmed,0
WX2109,2,1,2,2,2,benign_or_unconfirmed,0
WX2110,4,3,4,3,4,benign_or_unconfirmed,0
WX2111,2,1,2,2,2,benign_or_unconfirmed,0
WX2112,4,3,4,3,4,benign_or_unconfirmed,0
WX2113,2,1,2,2,2,benign_or_unconfirmed,0
WX2114,4,3,4,3,4,benign_or_unconfirmed,0
WX2115,2,1,2,2,2,benign_or_unconfirmed,0
WX2116,4,3,4,3,4,benign_or_unconfirmed,0
WX2117,2,1,2,2,2,benign_or_unconfirmed,0
WX2118,4,3,4,3,4,benign_or_unconfirmed,0
WX2119,2,1,2,2,2,benign_or_unconfirmed,0
WX2120,4,3,4,3,4,benign_or_unconfirmed,0
WX2121,2,1,2,2,2,benign_or_unconfirmed,0
WX2122,4,3,4,3,4,benign_or_unconfirmed,0
WX2123,2,1,2,2,2,benign_or_unconfirmed,0
WX2124,4,3,4,3,4,benign_or_unconfirmed,0
WX2125,2,1,2,2,2,benign_or_unconfirmed,0
WX2126,4,3,4,3,4,benign_or_unconfirmed,0
WX2127,2,1,2,2,2,benign_or_unconfirmed,0
WX2128,4,3,4,3,4,benign_or_unconfirmed,0
WX2129,2,1,2,2,2,benign_or_unconfirmed,0
WX2130,4,3,4,3,4,benign_or_unconfirmed,0
WX2131,2,1,2,2,2,benign_or_unconfirmed,0
WX2132,4,3,4,3,4,benign_or_unconfirmed,0
WX2133,2,1,2,2,2,benign_or_unconfirmed,0
WX2134,4,3,4,3,4,benign_or_unconfirmed,0
WX2135,2,1,2,2,2,benign_or_unconfirmed,0
test_so18,4,2,3,3,3,benign_or_unconfirmed,0
WX2137,2,1,2,2,2,benign_or_unconfirmed,0
test_si19,0,1,1,1,1,benign_or_unconfirmed,0
WX2138,4,3,4,3,4,benign_or_unconfirmed,0
WX2139,2,1,2,2,2,benign_or_unconfirmed,0
WX2140,4,3,4,3,4,benign_or_unconfirmed,0
WX2141,2,1,2,2,2,benign_or_unconfirmed,0
WX2142,4,3,4,3,4,benign_or_unconfirmed,0
WX2143,2,1,2,2,2,benign_or_unconfirmed,0
WX2144,4,3,4,3,4,benign_or_unconfirmed,0
WX2145,2,1,2,2,2,benign_or_unconfirmed,0
WX2146,4,3,4,3,4,benign_or_unconfirmed,0
WX2147,2,1,2,2,2,benign_or_unconfirmed,0
WX2148,4,3,4,3,4,benign_or_unconfirmed,0
WX2149,2,1,2,2,2,benign_or_unconfirmed,0
WX2150,4,3,4,3,4,benign_or_unconfirmed,0
WX2151,2,1,2,2,2,benign_or_unconfirmed,0
WX2152,4,3,4,3,4,benign_or_unconfirmed,0
WX2153,2,1,2,2,2,benign_or_unconfirmed,0
WX2154,4,3,4,3,4,benign_or_unconfirmed,0
WX2155,2,1,2,2,2,benign_or_unconfirmed,0
WX2156,4,3,4,3,4,benign_or_unconfirmed,0
WX2157,2,1,2,2,2,benign_or_unconfirmed,0
WX2158,4,3,4,3,4,benign_or_unconfirmed,0
WX2159,2,1,2,2,2,benign_or_unconfirmed,0
WX2160,4,3,4,3,4,benign_or_unconfirmed,0
WX2161,2,1,2,2,2,benign_or_unconfirmed,0
WX2162,4,3,4,2,4,benign_or_unconfirmed,0
WX2163,2,1,2,2,2,benign_or_unconfirmed,0
WX2164,4,3,4,2,4,benign_or_unconfirmed,0
WX2165,2,1,2,2,2,benign_or_unconfirmed,0
WX2166,4,3,4,2,4,benign_or_unconfirmed,0
WX2167,2,1,2,2,2,benign_or_unconfirmed,0
WX2168,4,3,4,2,4,benign_or_unconfirmed,0
WX2169,2,1,2,2,2,benign_or_unconfirmed,0
WX2170,4,3,4,3,4,benign_or_unconfirmed,0
WX2171,2,1,2,2,2,benign_or_unconfirmed,0
test_so19,4,2,3,2,3,benign_or_unconfirmed,0
WX2173,2,1,2,2,2,benign_or_unconfirmed,0
test_si20,0,1,1,1,1,benign_or_unconfirmed,0
WX2174,4,3,4,2,4,benign_or_unconfirmed,0
WX2175,2,1,2,2,2,benign_or_unconfirmed,0
WX2176,4,3,4,2,4,benign_or_unconfirmed,0
WX2177,2,1,2,2,2,benign_or_unconfirmed,0
WX2178,4,3,4,2,4,benign_or_unconfirmed,0
WX2179,2,1,2,2,2,benign_or_unconfirmed,0
WX2180,4,3,4,2,4,benign_or_unconfirmed,0
WX2181,2,1,2,2,2,benign_or_unconfirmed,0
WX2182,4,3,4,2,4,benign_or_unconfirmed,0
WX2183,2,1,2,2,2,benign_or_unconfirmed,0
WX2184,4,3,4,3,4,benign_or_unconfirmed,0
WX2185,2,1,2,2,2,benign_or_unconfirmed,0
WX2186,4,3,4,2,4,benign_or_unconfirmed,0
WX2187,2,1,2,2,2,benign_or_unconfirmed,0
WX2188,4,3,4,2,4,benign_or_unconfirmed,0
WX2189,2,1,2,2,2,benign_or_unconfirmed,0
WX2190,4,3,4,2,4,benign_or_unconfirmed,0
WX2191,2,1,2,2,2,benign_or_unconfirmed,0
WX2192,4,3,4,2,4,benign_or_unconfirmed,0
WX2557,2,1,2,2,2,benign_or_unconfirmed,0
CRC_OUT_8_0,0,3,3,2,3,benign_or_unconfirmed,0
DFF_352_n1,5,1,2,2,2,benign_or_unconfirmed,0
WX2559,2,1,2,2,2,benign_or_unconfirmed,0
CRC_OUT_8_1,0,3,3,2,3,benign_or_unconfirmed,0
DFF_353_n1,5,1,2,2,2,benign_or_unconfirmed,0
WX2561,2,1,2,2,2,benign_or_unconfirmed,0
CRC_OUT_8_2,0,3,3,2,3,benign_or_unconfirmed,0
DFF_354_n1,5,1,2,2,2,benign_or_unconfirmed,0
WX2563,2,1,2,2,2,benign_or_unconfirmed,0
CRC_OUT_8_3,0,3,3,2,3,benign_or_unconfirmed,0
DFF_355_n1,5,1,2,2,2,benign_or_unconfirmed,0
WX2565,2,1,2,2,2,benign_or_unconfirmed,0
CRC_OUT_8_4,0,3,3,2,3,benign_or_unconfirmed,0
DFF_356_n1,5,1,2,2,2,benign_or_unconfirmed,0
WX2567,2,1,2,2,2,benign_or_unconfirmed,0
CRC_OUT_8_5,0,3,3,2,3,benign_or_unconfirmed,0
DFF_357_n1,5,1,2,2,2,benign_or_unconfirmed,0
WX2569,2,1,2,2,2,benign_or_unconfirmed,0
CRC_OUT_8_6,0,3,3,2,3,benign_or_unconfirmed,0
DFF_358_n1,5,1,2,2,2,benign_or_unconfirmed,0
WX2571,2,1,2,2,2,benign_or_unconfirmed,0
CRC_OUT_8_7,0,2,2,2,2,benign_or_unconfirmed,0
DFF_359_n1,5,1,2,2,2,benign_or_unconfirmed,0
WX2573,2,1,2,2,2,benign_or_unconfirmed,0
test_si21,0,1,1,1,1,benign_or_unconfirmed,0
CRC_OUT_8_8,0,3,3,2,3,benign_or_unconfirmed,0
DFF_360_n1,5,1,2,2,2,benign_or_unconfirmed,0
WX2575,2,1,2,2,2,benign_or_unconfirmed,0
CRC_OUT_8_9,0,3,3,2,3,benign_or_unconfirmed,0
DFF_361_n1,5,1,2,2,2,benign_or_unconfirmed,0
WX2577,2,1,2,2,2,benign_or_unconfirmed,0
CRC_OUT_8_10,0,3,3,2,3,benign_or_unconfirmed,0
DFF_362_n1,5,1,2,2,2,benign_or_unconfirmed,0
WX2579,2,1,2,2,2,benign_or_unconfirmed,0
CRC_OUT_8_11,0,3,3,2,3,benign_or_unconfirmed,0
DFF_363_n1,5,1,2,2,2,benign_or_unconfirmed,0
WX2581,2,1,2,2,2,benign_or_unconfirmed,0
CRC_OUT_8_12,0,3,3,2,3,benign_or_unconfirmed,0
DFF_364_n1,5,1,2,2,2,benign_or_unconfirmed,0
WX2583,2,1,2,2,2,benign_or_unconfirmed,0
CRC_OUT_8_13,0,3,3,2,3,benign_or_unconfirmed,0
DFF_365_n1,5,1,2,2,2,benign_or_unconfirmed,0
WX2585,2,1,2,2,2,benign_or_unconfirmed,0
CRC_OUT_8_14,0,3,3,2,3,benign_or_unconfirmed,0
DFF_366_n1,5,1,2,2,2,benign_or_unconfirmed,0
WX2587,2,1,2,2,2,benign_or_unconfirmed,0
CRC_OUT_8_15,0,3,3,2,3,benign_or_unconfirmed,0
DFF_367_n1,5,1,2,2,2,benign_or_unconfirmed,0
WX2589,2,1,2,2,2,benign_or_unconfirmed,0
CRC_OUT_8_16,0,3,3,2,3,benign_or_unconfirmed,0
DFF_368_n1,5,1,2,2,2,benign_or_unconfirmed,0
WX2591,2,1,2,2,2,benign_or_unconfirmed,0
CRC_OUT_8_17,0,3,3,2,3,benign_or_unconfirmed,0
DFF_369_n1,5,1,2,2,2,benign_or_unconfirmed,0
WX2593,2,1,2,2,2,benign_or_unconfirmed,0
CRC_OUT_8_18,0,3,3,2,3,benign_or_unconfirmed,0
DFF_370_n1,5,1,2,2,2,benign_or_unconfirmed,0
WX2595,2,1,2,2,2,benign_or_unconfirmed,0
CRC_OUT_8_19,0,3,3,2,3,benign_or_unconfirmed,0
DFF_371_n1,5,1,2,2,2,benign_or_unconfirmed,0
WX2597,2,1,2,2,2,benign_or_unconfirmed,0
CRC_OUT_8_20,0,3,3,2,3,benign_or_unconfirmed,0
DFF_372_n1,5,1,2,2,2,benign_or_unconfirmed,0
WX2599,2,1,2,2,2,benign_or_unconfirmed,0
CRC_OUT_8_21,0,3,3,2,3,benign_or_unconfirmed,0
DFF_373_n1,5,1,2,2,2,benign_or_unconfirmed,0
WX2601,2,1,2,2,2,benign_or_unconfirmed,0
CRC_OUT_8_22,0,3,3,2,3,benign_or_unconfirmed,0
DFF_374_n1,5,1,2,2,2,benign_or_unconfirmed,0
WX2603,2,1,2,2,2,benign_or_unconfirmed,0
CRC_OUT_8_23,0,3,3,2,3,benign_or_unconfirmed,0
DFF_375_n1,5,1,2,2,2,benign_or_unconfirmed,0
WX2605,2,1,2,2,2,benign_or_unconfirmed,0
CRC_OUT_8_24,0,3,3,2,3,benign_or_unconfirmed,0
DFF_376_n1,5,1,2,2,2,benign_or_unconfirmed,0
WX2607,2,1,2,2,2,benign_or_unconfirmed,0
CRC_OUT_8_25,0,2,2,2,2,benign_or_unconfirmed,0
DFF_377_n1,5,1,2,2,2,benign_or_unconfirmed,0
WX2609,2,1,2,2,2,benign_or_unconfirmed,0
test_si22,0,1,1,1,1,benign_or_unconfirmed,0
CRC_OUT_8_26,0,3,3,2,3,benign_or_unconfirmed,0
DFF_378_n1,5,1,2,2,2,benign_or_unconfirmed,0
WX2611,2,1,2,2,2,benign_or_unconfirmed,0
CRC_OUT_8_27,0,3,3,2,3,benign_or_unconfirmed,0
DFF_379_n1,5,1,2,2,2,benign_or_unconfirmed,0
WX2613,2,1,2,2,2,benign_or_unconfirmed,0
CRC_OUT_8_28,0,3,3,2,3,benign_or_unconfirmed,0
DFF_380_n1,5,1,2,2,2,benign_or_unconfirmed,0
WX2615,2,1,2,2,2,benign_or_unconfirmed,0
CRC_OUT_8_29,0,3,3,2,3,benign_or_unconfirmed,0
DFF_381_n1,5,1,2,2,2,benign_or_unconfirmed,0
WX2617,2,1,2,2,2,benign_or_unconfirmed,0
CRC_OUT_8_30,0,3,3,2,3,benign_or_unconfirmed,0
DFF_382_n1,5,1,2,2,2,benign_or_unconfirmed,0
WX2619,2,1,2,2,2,benign_or_unconfirmed,0
CRC_OUT_8_31,0,6,6,3,6,benign_or_unconfirmed,0
DFF_383_n1,5,1,2,2,2,benign_or_unconfirmed,0
WX3070,2,2,3,3,3,benign_or_unconfirmed,0
WX3071,4,3,4,3,4,benign_or_unconfirmed,0
WX3072,2,2,3,3,3,benign_or_unconfirmed,0
n8644,0,2,2,1,2,benign_or_unconfirmed,0
n4002,5,1,2,2,2,benign_or_unconfirmed,0
WX3074,2,2,3,3,3,benign_or_unconfirmed,0
n8643,0,2,2,1,2,benign_or_unconfirmed,0
n4001,5,1,2,2,2,benign_or_unconfirmed,0
WX3076,2,2,3,3,3,benign_or_unconfirmed,0
n8642,0,2,2,1,2,benign_or_unconfirmed,0
n4000,5,1,2,2,2,benign_or_unconfirmed,0
WX3078,2,2,3,3,3,benign_or_unconfirmed,0
n8641,0,2,2,1,2,benign_or_unconfirmed,0
n3999,5,1,2,2,2,benign_or_unconfirmed,0
WX3080,2,2,3,3,3,benign_or_unconfirmed,0
n8640,0,2,2,1,2,benign_or_unconfirmed,0
n3998,5,1,2,2,2,benign_or_unconfirmed,0
WX3082,2,2,3,3,3,benign_or_unconfirmed,0
n8639,0,2,2,1,2,benign_or_unconfirmed,0
n3997,5,1,2,2,2,benign_or_unconfirmed,0
WX3084,2,2,3,3,3,benign_or_unconfirmed,0
n8638,0,2,2,1,2,benign_or_unconfirmed,0
n3996,5,1,2,2,2,benign_or_unconfirmed,0
WX3086,2,2,3,3,3,benign_or_unconfirmed,0
n8637,0,2,2,1,2,benign_or_unconfirmed,0
n3995,5,1,2,2,2,benign_or_unconfirmed,0
WX3088,2,2,3,3,3,benign_or_unconfirmed,0
n8636,0,2,2,1,2,benign_or_unconfirmed,0
n3994,5,1,2,2,2,benign_or_unconfirmed,0
WX3090,2,2,3,3,3,benign_or_unconfirmed,0
n8635,0,2,2,1,2,benign_or_unconfirmed,0
n3993,5,1,2,2,2,benign_or_unconfirmed,0
WX3092,2,2,3,3,3,benign_or_unconfirmed,0
test_so22,0,1,1,1,1,benign_or_unconfirmed,0
n3992,5,1,2,2,2,benign_or_unconfirmed,0
WX3094,2,2,3,3,3,benign_or_unconfirmed,0
test_si23,0,1,1,1,1,benign_or_unconfirmed,0
n8632,0,2,2,1,2,benign_or_unconfirmed,0
n3991,5,1,2,2,2,benign_or_unconfirmed,0
WX3096,2,2,3,3,3,benign_or_unconfirmed,0
n8631,0,2,2,1,2,benign_or_unconfirmed,0
n3990,5,1,2,2,2,benign_or_unconfirmed,0
WX3098,2,2,3,3,3,benign_or_unconfirmed,0
n8630,0,2,2,1,2,benign_or_unconfirmed,0
n3989,5,1,2,2,2,benign_or_unconfirmed,0
WX3100,2,2,3,3,3,benign_or_unconfirmed,0
n8629,0,2,2,1,2,benign_or_unconfirmed,0
n3988,5,1,2,2,2,benign_or_unconfirmed,0
WX3102,2,2,3,3,3,benign_or_unconfirmed,0
n8628,0,2,2,1,2,benign_or_unconfirmed,0
n3987,5,1,2,2,2,benign_or_unconfirmed,0
WX3104,2,2,3,3,3,benign_or_unconfirmed,0
n8627,0,2,2,1,2,benign_or_unconfirmed,0
n3986,5,1,2,2,2,benign_or_unconfirmed,0
WX3106,2,2,3,3,3,benign_or_unconfirmed,0
n8626,0,2,2,1,2,benign_or_unconfirmed,0
n3985,5,1,2,2,2,benign_or_unconfirmed,0
WX3108,2,2,3,3,3,benign_or_unconfirmed,0
n8625,0,2,2,1,2,benign_or_unconfirmed,0
n3984,5,1,2,2,2,benign_or_unconfirmed,0
WX3110,2,2,3,3,3,benign_or_unconfirmed,0
n8624,0,2,2,1,2,benign_or_unconfirmed,0
n3983,5,1,2,2,2,benign_or_unconfirmed,0
WX3112,2,2,3,3,3,benign_or_unconfirmed,0
n8623,0,2,2,1,2,benign_or_unconfirmed,0
n3982,5,1,2,2,2,benign_or_unconfirmed,0
WX3114,2,2,3,3,3,benign_or_unconfirmed,0
n8622,0,2,2,1,2,benign_or_unconfirmed,0
n3981,5,1,2,2,2,benign_or_unconfirmed,0
WX3116,2,2,3,3,3,benign_or_unconfirmed,0
n8621,0,2,2,1,2,benign_or_unconfirmed,0
n3980,5,1,2,2,2,benign_or_unconfirmed,0
WX3118,2,2,3,3,3,benign_or_unconfirmed,0
n8620,0,2,2,1,2,benign_or_unconfirmed,0
n3979,5,1,2,2,2,benign_or_unconfirmed,0
WX3120,2,2,3,3,3,benign_or_unconfirmed,0
n8619,0,2,2,1,2,benign_or_unconfirmed,0
n3978,5,1,2,2,2,benign_or_unconfirmed,0
WX3122,2,2,3,3,3,benign_or_unconfirmed,0
n8618,0,2,2,1,2,benign_or_unconfirmed,0
n3977,5,1,2,2,2,benign_or_unconfirmed,0
WX3124,2,2,3,3,3,benign_or_unconfirmed,0
n8617,0,2,2,1,2,benign_or_unconfirmed,0
n3976,5,1,2,2,2,benign_or_unconfirmed,0
WX3126,2,2,3,3,3,benign_or_unconfirmed,0
n8616,0,2,2,1,2,benign_or_unconfirmed,0
n3975,5,1,2,2,2,benign_or_unconfirmed,0
WX3128,2,2,3,3,3,benign_or_unconfirmed,0
test_so23,0,1,1,1,1,benign_or_unconfirmed,0
n3974,5,1,2,2,2,benign_or_unconfirmed,0
WX3130,2,2,3,3,3,benign_or_unconfirmed,0
test_si24,0,1,1,1,1,benign_or_unconfirmed,0
n8613,0,2,2,1,2,benign_or_unconfirmed,0
n3973,5,1,2,2,2,benign_or_unconfirmed,0
WX3132,2,1,2,2,2,benign_or_unconfirmed,0
n8612,0,2,2,1,2,benign_or_unconfirmed,0
n3972,5,1,2,2,2,benign_or_unconfirmed,0
WX3230,5,1,2,2,2,benign_or_unconfirmed,0
n8611,0,2,2,1,2,benign_or_unconfirmed,0
n3344,5,2,3,3,3,benign_or_unconfirmed,0
WX3232,5,1,2,2,2,benign_or_unconfirmed,0
n8610,0,2,2,1,2,benign_or_unconfirmed,0
n3450,5,2,3,3,3,benign_or_unconfirmed,0
WX3234,5,1,2,2,2,benign_or_unconfirmed,0
n8609,0,2,2,1,2,benign_or_unconfirmed,0
n3449,5,2,3,3,3,benign_or_unconfirmed,0
WX3236,5,1,2,2,2,benign_or_unconfirmed,0
n8608,0,2,2,1,2,benign_or_unconfirmed,0
n3448,5,2,3,3,3,benign_or_unconfirmed,0
WX3238,5,1,2,2,2,benign_or_unconfirmed,0
n8607,0,2,2,1,2,benign_or_unconfirmed,0
n3447,5,2,3,3,3,benign_or_unconfirmed,0
WX3240,5,1,2,2,2,benign_or_unconfirmed,0
n8606,0,2,2,1,2,benign_or_unconfirmed,0
n3446,5,2,3,3,3,benign_or_unconfirmed,0
WX3242,5,1,2,2,2,benign_or_unconfirmed,0
n8605,0,2,2,1,2,benign_or_unconfirmed,0
n3445,5,2,3,3,3,benign_or_unconfirmed,0
WX3244,5,1,2,2,2,benign_or_unconfirmed,0
n8604,0,2,2,1,2,benign_or_unconfirmed,0
n3444,5,2,3,3,3,benign_or_unconfirmed,0
WX3246,5,1,2,2,2,benign_or_unconfirmed,0
n8603,0,2,2,1,2,benign_or_unconfirmed,0
n3443,5,2,3,3,3,benign_or_unconfirmed,0
WX3248,5,1,2,2,2,benign_or_unconfirmed,0
n8602,0,2,2,1,2,benign_or_unconfirmed,0
n3442,5,2,3,3,3,benign_or_unconfirmed,0
WX3250,5,1,2,2,2,benign_or_unconfirmed,0
n8601,0,2,2,1,2,benign_or_unconfirmed,0
n3441,5,2,3,3,3,benign_or_unconfirmed,0
WX3252,5,1,2,2,2,benign_or_unconfirmed,0
n8600,0,2,2,1,2,benign_or_unconfirmed,0
n3440,5,2,3,3,3,benign_or_unconfirmed,0
WX3254,5,1,2,2,2,benign_or_unconfirmed,0
n8599,0,2,2,1,2,benign_or_unconfirmed,0
n3439,5,2,3,3,3,benign_or_unconfirmed,0
WX3256,5,1,2,2,2,benign_or_unconfirmed,0
n8598,0,2,2,1,2,benign_or_unconfirmed,0
n3438,5,2,3,3,3,benign_or_unconfirmed,0
WX3258,5,1,2,2,2,benign_or_unconfirmed,0
n8597,0,2,2,1,2,benign_or_unconfirmed,0
n3437,5,2,3,3,3,benign_or_unconfirmed,0
WX3260,5,1,2,2,2,benign_or_unconfirmed,0
test_so24,0,1,1,1,1,benign_or_unconfirmed,0
n3436,5,2,3,3,3,benign_or_unconfirmed,0
WX3262,5,1,2,2,2,benign_or_unconfirmed,0
test_si25,0,1,1,1,1,benign_or_unconfirmed,0
WX3263,4,3,4,3,4,benign_or_unconfirmed,0
WX3264,5,1,2,2,2,benign_or_unconfirmed,0
WX3265,4,3,4,3,4,benign_or_unconfirmed,0
WX3266,5,1,2,2,2,benign_or_unconfirmed,0
WX3267,4,3,4,3,4,benign_or_unconfirmed,0
WX3268,5,1,2,2,2,benign_or_unconfirmed,0
WX3269,4,3,4,3,4,benign_or_unconfirmed,0
WX3270,5,1,2,2,2,benign_or_unconfirmed,0
WX3271,4,3,4,3,4,benign_or_unconfirmed,0
WX3272,5,1,2,2,2,benign_or_unconfirmed,0
WX3273,4,3,4,3,4,benign_or_unconfirmed,0
WX3274,5,1,2,2,2,benign_or_unconfirmed,0
WX3275,4,3,4,3,4,benign_or_unconfirmed,0
WX3276,5,1,2,2,2,benign_or_unconfirmed,0
WX3277,4,3,4,3,4,benign_or_unconfirmed,0
WX3278,5,1,2,2,2,benign_or_unconfirmed,0
WX3279,4,3,4,3,4,benign_or_unconfirmed,0
WX3280,5,1,2,2,2,benign_or_unconfirmed,0
WX3281,4,3,4,3,4,benign_or_unconfirmed,0
WX3282,5,1,2,2,2,benign_or_unconfirmed,0
WX3283,4,3,4,3,4,benign_or_unconfirmed,0
WX3284,5,1,2,2,2,benign_or_unconfirmed,0
WX3285,4,3,4,3,4,benign_or_unconfirmed,0
WX3286,5,1,2,2,2,benign_or_unconfirmed,0
WX3287,4,3,4,3,4,benign_or_unconfirmed,0
WX3288,5,1,2,2,2,benign_or_unconfirmed,0
WX3289,4,3,4,3,4,benign_or_unconfirmed,0
WX3290,5,1,2,2,2,benign_or_unconfirmed,0
WX3291,4,3,4,3,4,benign_or_unconfirmed,0
WX3292,5,1,2,2,2,benign_or_unconfirmed,0
WX3293,4,3,4,3,4,benign_or_unconfirmed,0
WX3294,2,1,2,2,2,benign_or_unconfirmed,0
WX3295,4,3,4,3,4,benign_or_unconfirmed,0
WX3296,2,1,2,2,2,benign_or_unconfirmed,0
test_so25,4,2,3,3,3,benign_or_unconfirmed,0
WX3298,2,1,2,2,2,benign_or_unconfirmed,0
test_si26,0,1,1,1,1,benign_or_unconfirmed,0
WX3299,4,3,4,3,4,benign_or_unconfirmed,0
WX3300,2,1,2,2,2,benign_or_unconfirmed,0
WX3301,4,3,4,3,4,benign_or_unconfirmed,0
WX3302,2,1,2,2,2,benign_or_unconfirmed,0
WX3303,4,3,4,3,4,benign_or_unconfirmed,0
WX3304,2,1,2,2,2,benign_or_unconfirmed,0
WX3305,4,3,4,3,4,benign_or_unconfirmed,0
WX3306,2,1,2,2,2,benign_or_unconfirmed,0
WX3307,4,3,4,3,4,benign_or_unconfirmed,0
WX3308,2,1,2,2,2,benign_or_unconfirmed,0
WX3309,4,3,4,3,4,benign_or_unconfirmed,0
WX3310,2,1,2,2,2,benign_or_unconfirmed,0
WX3311,4,3,4,3,4,benign_or_unconfirmed,0
WX3312,2,1,2,2,2,benign_or_unconfirmed,0
WX3313,4,3,4,3,4,benign_or_unconfirmed,0
WX3314,2,1,2,2,2,benign_or_unconfirmed,0
WX3315,4,3,4,3,4,benign_or_unconfirmed,0
WX3316,2,1,2,2,2,benign_or_unconfirmed,0
WX3317,4,3,4,3,4,benign_or_unconfirmed,0
WX3318,2,1,2,2,2,benign_or_unconfirmed,0
WX3319,4,3,4,3,4,benign_or_unconfirmed,0
WX3320,2,1,2,2,2,benign_or_unconfirmed,0
WX3321,4,3,4,3,4,benign_or_unconfirmed,0
WX3322,2,1,2,2,2,benign_or_unconfirmed,0
WX3323,4,3,4,3,4,benign_or_unconfirmed,0
WX3324,2,1,2,2,2,benign_or_unconfirmed,0
WX3325,4,3,4,3,4,benign_or_unconfirmed,0
WX3326,2,1,2,2,2,benign_or_unconfirmed,0
WX3327,0,3,3,2,3,benign_or_unconfirmed,0
n3753,5,1,2,2,2,benign_or_unconfirmed,0
WX3328,2,1,2,2,2,benign_or_unconfirmed,0
WX3329,0,3,3,2,3,benign_or_unconfirmed,0
n3751,5,1,2,2,2,benign_or_unconfirmed,0
WX3330,2,1,2,2,2,benign_or_unconfirmed,0
WX3331,0,3,3,2,3,benign_or_unconfirmed,0
n3749,5,1,2,2,2,benign_or_unconfirmed,0
WX3332,2,1,2,2,2,benign_or_unconfirmed,0
test_so26,0,2,2,2,2,benign_or_unconfirmed,0
n3747,5,1,2,2,2,benign_or_unconfirmed,0
WX3334,2,1,2,2,2,benign_or_unconfirmed,0
test_si27,0,1,1,1,1,benign_or_unconfirmed,0
WX3335,0,3,3,2,3,benign_or_unconfirmed,0
n3745,5,1,2,2,2,benign_or_unconfirmed,0
WX3336,2,1,2,2,2,benign_or_unconfirmed,0
WX3337,0,3,3,2,3,benign_or_unconfirmed,0
n3743,5,1,2,2,2,benign_or_unconfirmed,0
WX3338,2,1,2,2,2,benign_or_unconfirmed,0
WX3339,0,3,3,2,3,benign_or_unconfirmed,0
n3741,5,1,2,2,2,benign_or_unconfirmed,0
WX3340,2,1,2,2,2,trigger_tap,1
WX3341,0,3,3,2,3,benign_or_unconfirmed,0
n3739,5,1,2,2,2,benign_or_unconfirmed,0
WX3342,2,1,2,2,2,benign_or_unconfirmed,0
WX3343,0,3,3,2,3,benign_or_unconfirmed,0
n3737,5,1,2,2,2,benign_or_unconfirmed,0
WX3344,2,1,2,2,2,benign_or_unconfirmed,0
WX3345,0,3,3,2,3,benign_or_unconfirmed,0
n3735,5,1,2,2,2,benign_or_unconfirmed,0
WX3346,2,1,2,2,2,benign_or_unconfirmed,0
WX3347,0,3,3,2,3,benign_or_unconfirmed,0
n3733,5,1,2,2,2,benign_or_unconfirmed,0
WX3348,2,1,2,2,2,benign_or_unconfirmed,0
WX3349,0,3,3,2,3,benign_or_unconfirmed,0
n3731,5,1,2,2,2,benign_or_unconfirmed,0
WX3350,2,1,2,2,2,benign_or_unconfirmed,0
WX3351,0,3,3,2,3,benign_or_unconfirmed,0
n3729,5,1,2,2,2,benign_or_unconfirmed,0
WX3352,2,1,2,2,2,benign_or_unconfirmed,0
WX3353,0,3,3,2,3,benign_or_unconfirmed,0
n3727,5,1,2,2,2,benign_or_unconfirmed,0
WX3354,2,1,2,2,2,benign_or_unconfirmed,0
WX3355,0,3,3,2,3,benign_or_unconfirmed,0
n3725,5,1,2,2,2,benign_or_unconfirmed,0
WX3356,2,1,2,2,2,benign_or_unconfirmed,0
WX3357,0,3,3,2,3,benign_or_unconfirmed,0
n3723,5,1,2,2,2,benign_or_unconfirmed,0
WX3358,2,1,2,2,2,benign_or_unconfirmed,0
WX3359,4,3,4,3,4,benign_or_unconfirmed,0
WX3360,2,1,2,2,2,benign_or_unconfirmed,0
WX3361,4,3,4,3,4,benign_or_unconfirmed,0
WX3362,2,1,2,2,2,benign_or_unconfirmed,0
WX3363,4,3,4,3,4,benign_or_unconfirmed,0
WX3364,2,1,2,2,2,benign_or_unconfirmed,0
WX3365,4,3,4,3,4,benign_or_unconfirmed,0
WX3366,2,1,2,2,2,benign_or_unconfirmed,0
WX3367,4,3,4,3,4,benign_or_unconfirmed,0
WX3368,2,1,2,2,2,benign_or_unconfirmed,0
test_so27,4,2,3,3,3,benign_or_unconfirmed,0
WX3370,2,1,2,2,2,benign_or_unconfirmed,0
test_si28,0,1,1,1,1,benign_or_unconfirmed,0
WX3371,4,3,4,3,4,benign_or_unconfirmed,0
WX3372,2,1,2,2,2,benign_or_unconfirmed,0
WX3373,4,3,4,3,4,benign_or_unconfirmed,0
WX3374,2,1,2,2,2,benign_or_unconfirmed,0
WX3375,4,3,4,3,4,benign_or_unconfirmed,0
WX3376,2,1,2,2,2,benign_or_unconfirmed,0
WX3377,4,3,4,3,4,benign_or_unconfirmed,0
WX3378,2,1,2,2,2,benign_or_unconfirmed,0
WX3379,4,3,4,3,4,benign_or_unconfirmed,0
WX3380,2,1,2,2,2,benign_or_unconfirmed,0
WX3381,4,3,4,3,4,benign_or_unconfirmed,0
WX3382,2,1,2,2,2,benign_or_unconfirmed,0
WX3383,4,3,4,3,4,benign_or_unconfirmed,0
WX3384,2,1,2,2,2,benign_or_unconfirmed,0
WX3385,4,3,4,3,4,benign_or_unconfirmed,0
WX3386,2,1,2,2,2,benign_or_unconfirmed,0
WX3387,4,3,4,3,4,benign_or_unconfirmed,0
WX3388,2,1,2,2,2,benign_or_unconfirmed,0
WX3389,4,3,4,3,4,benign_or_unconfirmed,0
WX3390,2,1,2,2,2,benign_or_unconfirmed,0
WX3391,4,3,4,3,4,benign_or_unconfirmed,0
WX3392,2,1,2,2,2,benign_or_unconfirmed,0
WX3393,4,3,4,3,4,benign_or_unconfirmed,0
WX3394,2,1,2,2,2,benign_or_unconfirmed,0
WX3395,4,3,4,3,4,benign_or_unconfirmed,0
WX3396,2,1,2,2,2,benign_or_unconfirmed,0
WX3397,4,3,4,3,4,benign_or_unconfirmed,0
WX3398,2,1,2,2,2,benign_or_unconfirmed,0
WX3399,4,3,4,3,4,benign_or_unconfirmed,0
WX3400,2,1,2,2,2,benign_or_unconfirmed,0
WX3401,4,3,4,3,4,benign_or_unconfirmed,0
WX3402,2,1,2,2,2,benign_or_unconfirmed,0
WX3403,4,3,4,3,4,benign_or_unconfirmed,0
WX3404,2,1,2,2,2,benign_or_unconfirmed,0
test_so28,4,2,3,3,3,benign_or_unconfirmed,0
WX3406,2,1,2,2,2,benign_or_unconfirmed,0
test_si29,0,1,1,1,1,benign_or_unconfirmed,0
WX3407,4,3,4,3,4,benign_or_unconfirmed,0
WX3408,2,1,2,2,2,benign_or_unconfirmed,0
WX3409,4,3,4,3,4,benign_or_unconfirmed,0
WX3410,2,1,2,2,2,benign_or_unconfirmed,0
WX3411,4,3,4,3,4,benign_or_unconfirmed,0
WX3412,2,1,2,2,2,benign_or_unconfirmed,0
WX3413,4,3,4,3,4,benign_or_unconfirmed,0
WX3414,2,1,2,2,2,benign_or_unconfirmed,0
WX3415,4,3,4,3,4,benign_or_unconfirmed,0
WX3416,2,1,2,2,2,benign_or_unconfirmed,0
WX3417,4,3,4,3,4,benign_or_unconfirmed,0
WX3418,2,1,2,2,2,benign_or_unconfirmed,0
WX3419,4,3,4,3,4,benign_or_unconfirmed,0
WX3420,2,1,2,2,2,benign_or_unconfirmed,0
WX3421,4,3,4,3,4,benign_or_unconfirmed,0
WX3422,2,1,2,2,2,benign_or_unconfirmed,0
WX3423,4,3,4,3,4,benign_or_unconfirmed,0
WX3424,2,1,2,2,2,benign_or_unconfirmed,0
WX3425,4,3,4,3,4,benign_or_unconfirmed,0
WX3426,2,1,2,2,2,benign_or_unconfirmed,0
WX3427,4,3,4,3,4,benign_or_unconfirmed,0
WX3428,2,1,2,2,2,benign_or_unconfirmed,0
WX3429,4,3,4,3,4,benign_or_unconfirmed,0
WX3430,2,1,2,2,2,benign_or_unconfirmed,0
WX3431,4,3,4,3,4,benign_or_unconfirmed,0
WX3432,2,1,2,2,2,benign_or_unconfirmed,0
WX3433,4,3,4,3,4,benign_or_unconfirmed,0
WX3434,2,1,2,2,2,benign_or_unconfirmed,0
WX3435,4,3,4,3,4,benign_or_unconfirmed,0
WX3436,2,1,2,2,2,benign_or_unconfirmed,0
WX3437,4,3,4,3,4,benign_or_unconfirmed,0
WX3438,2,1,2,2,2,benign_or_unconfirmed,0
test_so29,4,2,3,3,3,benign_or_unconfirmed,0
WX3440,2,1,2,2,2,benign_or_unconfirmed,0
test_si30,0,1,1,1,1,benign_or_unconfirmed,0
WX3441,4,3,4,3,4,benign_or_unconfirmed,0
WX3442,2,1,2,2,2,benign_or_unconfirmed,0
WX3443,4,3,4,3,4,benign_or_unconfirmed,0
WX3444,2,1,2,2,2,benign_or_unconfirmed,0
WX3445,4,3,4,3,4,benign_or_unconfirmed,0
WX3446,2,1,2,2,2,benign_or_unconfirmed,0
WX3447,4,3,4,3,4,benign_or_unconfirmed,0
WX3448,2,1,2,2,2,benign_or_unconfirmed,0
WX3449,4,3,4,3,4,benign_or_unconfirmed,0
WX3450,2,1,2,2,2,benign_or_unconfirmed,0
WX3451,4,3,4,3,4,benign_or_unconfirmed,0
WX3452,2,1,2,2,2,benign_or_unconfirmed,0
WX3453,4,3,4,3,4,benign_or_unconfirmed,0
WX3454,2,1,2,2,2,benign_or_unconfirmed,0
WX3455,4,3,4,2,4,benign_or_unconfirmed,0
WX3456,2,1,2,2,2,benign_or_unconfirmed,0
WX3457,4,3,4,2,4,benign_or_unconfirmed,0
WX3458,2,1,2,2,2,trigger_tap,1
WX3459,4,3,4,2,4,benign_or_unconfirmed,0
WX3460,2,1,2,2,2,benign_or_unconfirmed,0
WX3461,4,3,4,2,4,benign_or_unconfirmed,0
WX3462,2,1,2,2,2,benign_or_unconfirmed,0
WX3463,4,3,4,3,4,benign_or_unconfirmed,0
WX3464,2,1,2,2,2,benign_or_unconfirmed,0
WX3465,4,3,4,2,4,benign_or_unconfirmed,0
WX3466,2,1,2,2,2,benign_or_unconfirmed,0
WX3467,4,3,4,2,4,benign_or_unconfirmed,0
WX3468,2,1,2,2,2,benign_or_unconfirmed,0
WX3469,4,3,4,2,4,benign_or_unconfirmed,0
WX3470,2,1,2,2,2,benign_or_unconfirmed,0
WX3471,4,3,4,2,4,benign_or_unconfirmed,0
WX3472,2,1,2,2,2,benign_or_unconfirmed,0
test_so30,4,2,3,2,3,benign_or_unconfirmed,0
WX3474,2,1,2,2,2,benign_or_unconfirmed,0
test_si31,0,1,1,1,1,benign_or_unconfirmed,0
WX3475,4,3,4,2,4,benign_or_unconfirmed,0
WX3476,2,1,2,2,2,benign_or_unconfirmed,0
WX3477,4,3,4,3,4,benign_or_unconfirmed,0
WX3478,2,1,2,2,2,benign_or_unconfirmed,0
WX3479,4,3,4,2,4,benign_or_unconfirmed,0
WX3480,2,1,2,2,2,benign_or_unconfirmed,0
WX3481,4,3,4,2,4,benign_or_unconfirmed,0
WX3482,2,1,2,2,2,benign_or_unconfirmed,0
WX3483,4,3,4,2,4,benign_or_unconfirmed,0
WX3484,2,1,2,2,2,benign_or_unconfirmed,0
WX3485,4,3,4,2,4,benign_or_unconfirmed,0
WX3850,2,1,2,2,2,benign_or_unconfirmed,0
CRC_OUT_7_0,0,3,3,2,3,benign_or_unconfirmed,0
DFF_544_n1,5,1,2,2,2,benign_or_unconfirmed,0
WX3852,2,1,2,2,2,benign_or_unconfirmed,0
CRC_OUT_7_1,0,3,3,2,3,benign_or_unconfirmed,0
DFF_545_n1,5,1,2,2,2,benign_or_unconfirmed,0
WX3854,2,1,2,2,2,benign_or_unconfirmed,0
CRC_OUT_7_2,0,3,3,2,3,benign_or_unconfirmed,0
DFF_546_n1,5,1,2,2,2,benign_or_unconfirmed,0
WX3856,2,1,2,2,2,benign_or_unconfirmed,0
CRC_OUT_7_3,0,3,3,2,3,benign_or_unconfirmed,0
DFF_547_n1,5,1,2,2,2,benign_or_unconfirmed,0
WX3858,2,1,2,2,2,benign_or_unconfirmed,0
CRC_OUT_7_4,0,3,3,2,3,benign_or_unconfirmed,0
DFF_548_n1,5,1,2,2,2,benign_or_unconfirmed,0
WX3860,2,1,2,2,2,benign_or_unconfirmed,0
CRC_OUT_7_5,0,3,3,2,3,benign_or_unconfirmed,0
DFF_549_n1,5,1,2,2,2,benign_or_unconfirmed,0
WX3862,2,1,2,2,2,benign_or_unconfirmed,0
CRC_OUT_7_6,0,3,3,2,3,benign_or_unconfirmed,0
DFF_550_n1,5,1,2,2,2,benign_or_unconfirmed,0
WX3864,2,1,2,2,2,benign_or_unconfirmed,0
CRC_OUT_7_7,0,3,3,2,3,benign_or_unconfirmed,0
DFF_551_n1,5,1,2,2,2,benign_or_unconfirmed,0
WX3866,2,1,2,2,2,benign_or_unconfirmed,0
CRC_OUT_7_8,0,3,3,2,3,benign_or_unconfirmed,0
DFF_552_n1,5,1,2,2,2,benign_or_unconfirmed,0
WX3868,2,1,2,2,2,benign_or_unconfirmed,0
CRC_OUT_7_9,0,3,3,2,3,benign_or_unconfirmed,0
DFF_553_n1,5,1,2,2,2,benign_or_unconfirmed,0
WX3870,2,1,2,2,2,benign_or_unconfirmed,0
CRC_OUT_7_10,0,2,2,2,2,benign_or_unconfirmed,0
DFF_554_n1,5,1,2,2,2,benign_or_unconfirmed,0
WX3872,2,1,2,2,2,benign_or_unconfirmed,0
test_si32,0,1,1,1,1,benign_or_unconfirmed,0
CRC_OUT_7_11,0,3,3,2,3,benign_or_unconfirmed,0
DFF_555_n1,5,1,2,2,2,benign_or_unconfirmed,0
WX3874,2,1,2,2,2,benign_or_unconfirmed,0
CRC_OUT_7_12,0,3,3,2,3,benign_or_unconfirmed,0
DFF_556_n1,5,1,2,2,2,benign_or_unconfirmed,0
WX3876,2,1,2,2,2,benign_or_unconfirmed,0
CRC_OUT_7_13,0,3,3,2,3,benign_or_unconfirmed,0
DFF_557_n1,5,1,2,2,2,benign_or_unconfirmed,0
WX3878,2,1,2,2,2,benign_or_unconfirmed,0
CRC_OUT_7_14,0,3,3,2,3,benign_or_unconfirmed,0
DFF_558_n1,5,1,2,2,2,benign_or_unconfirmed,0
WX3880,2,1,2,2,2,benign_or_unconfirmed,0
CRC_OUT_7_15,0,3,3,2,3,benign_or_unconfirmed,0
DFF_559_n1,5,1,2,2,2,benign_or_unconfirmed,0
WX3882,2,1,2,2,2,benign_or_unconfirmed,0
CRC_OUT_7_16,0,3,3,2,3,benign_or_unconfirmed,0
DFF_560_n1,5,1,2,2,2,benign_or_unconfirmed,0
WX3884,2,1,2,2,2,benign_or_unconfirmed,0
CRC_OUT_7_17,0,3,3,2,3,benign_or_unconfirmed,0
DFF_561_n1,5,1,2,2,2,benign_or_unconfirmed,0
WX3886,2,1,2,2,2,benign_or_unconfirmed,0
CRC_OUT_7_18,0,3,3,2,3,benign_or_unconfirmed,0
DFF_562_n1,5,1,2,2,2,benign_or_unconfirmed,0
WX3888,2,1,2,2,2,benign_or_unconfirmed,0
CRC_OUT_7_19,0,3,3,2,3,benign_or_unconfirmed,0
DFF_563_n1,5,1,2,2,2,benign_or_unconfirmed,0
WX3890,2,1,2,2,2,benign_or_unconfirmed,0
CRC_OUT_7_20,0,3,3,2,3,benign_or_unconfirmed,0
DFF_564_n1,5,1,2,2,2,benign_or_unconfirmed,0
WX3892,2,1,2,2,2,benign_or_unconfirmed,0
CRC_OUT_7_21,0,3,3,2,3,benign_or_unconfirmed,0
DFF_565_n1,5,1,2,2,2,benign_or_unconfirmed,0
WX3894,2,1,2,2,2,benign_or_unconfirmed,0
CRC_OUT_7_22,0,3,3,2,3,benign_or_unconfirmed,0
DFF_566_n1,5,1,2,2,2,benign_or_unconfirmed,0
WX3896,2,1,2,2,2,benign_or_unconfirmed,0
CRC_OUT_7_23,0,3,3,2,3,benign_or_unconfirmed,0
DFF_567_n1,5,1,2,2,2,benign_or_unconfirmed,0
WX3898,2,1,2,2,2,benign_or_unconfirmed,0
CRC_OUT_7_24,0,3,3,2,3,benign_or_unconfirmed,0
DFF_568_n1,5,1,2,2,2,benign_or_unconfirmed,0
WX3900,2,1,2,2,2,benign_or_unconfirmed,0
CRC_OUT_7_25,0,3,3,2,3,benign_or_unconfirmed,0
DFF_569_n1,5,1,2,2,2,benign_or_unconfirmed,0
WX3902,2,1,2,2,2,benign_or_unconfirmed,0
CRC_OUT_7_26,0,3,3,2,3,benign_or_unconfirmed,0
DFF_570_n1,5,1,2,2,2,benign_or_unconfirmed,0
WX3904,2,1,2,2,2,benign_or_unconfirmed,0
CRC_OUT_7_27,0,2,2,2,2,benign_or_unconfirmed,0
DFF_571_n1,5,1,2,2,2,benign_or_unconfirmed,0
WX3906,2,1,2,2,2,benign_or_unconfirmed,0
test_si33,0,1,1,1,1,benign_or_unconfirmed,0
CRC_OUT_7_28,0,3,3,2,3,benign_or_unconfirmed,0
DFF_572_n1,5,1,2,2,2,benign_or_unconfirmed,0
WX3908,2,1,2,2,2,benign_or_unconfirmed,0
CRC_OUT_7_29,0,3,3,2,3,benign_or_unconfirmed,0
DFF_573_n1,5,1,2,2,2,benign_or_unconfirmed,0
WX3910,2,1,2,2,2,benign_or_unconfirmed,0
CRC_OUT_7_30,0,3,3,2,3,benign_or_unconfirmed,0
DFF_574_n1,5,1,2,2,2,benign_or_unconfirmed,0
WX3912,2,1,2,2,2,benign_or_unconfirmed,0
CRC_OUT_7_31,0,6,6,3,6,benign_or_unconfirmed,0
DFF_575_n1,5,1,2,2,2,benign_or_unconfirmed,0
WX4363,2,2,3,3,3,benign_or_unconfirmed,0
WX4364,4,3,4,3,4,benign_or_unconfirmed,0
WX4365,2,2,3,3,3,benign_or_unconfirmed,0
n8586,0,2,2,1,2,benign_or_unconfirmed,0
n3971,5,1,2,2,2,benign_or_unconfirmed,0
WX4367,2,2,3,3,3,benign_or_unconfirmed,0
n8585,0,2,2,1,2,benign_or_unconfirmed,0
n3970,5,1,2,2,2,benign_or_unconfirmed,0
WX4369,2,2,3,3,3,benign_or_unconfirmed,0
n8584,0,2,2,1,2,benign_or_unconfirmed,0
n3969,5,1,2,2,2,benign_or_unconfirmed,0
WX4371,2,2,3,3,3,benign_or_unconfirmed,0
n8583,0,2,2,1,2,benign_or_unconfirmed,0
n3968,5,1,2,2,2,benign_or_unconfirmed,0
WX4373,2,2,3,3,3,benign_or_unconfirmed,0
n8582,0,2,2,1,2,benign_or_unconfirmed,0
n3967,5,1,2,2,2,benign_or_unconfirmed,0
WX4375,2,2,3,3,3,benign_or_unconfirmed,0
n8581,0,2,2,1,2,benign_or_unconfirmed,0
n3966,5,1,2,2,2,benign_or_unconfirmed,0
WX4377,2,2,3,3,3,benign_or_unconfirmed,0
n8580,0,2,2,1,2,benign_or_unconfirmed,0
n3965,5,1,2,2,2,benign_or_unconfirmed,0
WX4379,2,2,3,3,3,benign_or_unconfirmed,0
n8579,0,2,2,1,2,benign_or_unconfirmed,0
n3964,5,1,2,2,2,benign_or_unconfirmed,0
WX4381,2,2,3,3,3,benign_or_unconfirmed,0
n8578,0,2,2,1,2,benign_or_unconfirmed,0
n3963,5,1,2,2,2,benign_or_unconfirmed,0
WX4383,2,2,3,3,3,benign_or_unconfirmed,0
n8577,0,2,2,1,2,benign_or_unconfirmed,0
n3962,5,1,2,2,2,benign_or_unconfirmed,0
WX4385,2,2,3,3,3,benign_or_unconfirmed,0
n8576,0,2,2,1,2,benign_or_unconfirmed,0
n3961,5,1,2,2,2,benign_or_unconfirmed,0
WX4387,2,2,3,3,3,benign_or_unconfirmed,0
test_so33,0,1,1,1,1,benign_or_unconfirmed,0
n3960,5,1,2,2,2,benign_or_unconfirmed,0
WX4389,2,2,3,3,3,benign_or_unconfirmed,0
test_si34,0,1,1,1,1,benign_or_unconfirmed,0
n8573,0,2,2,1,2,benign_or_unconfirmed,0
n3959,5,1,2,2,2,benign_or_unconfirmed,0
WX4391,2,2,3,3,3,benign_or_unconfirmed,0
n8572,0,2,2,1,2,benign_or_unconfirmed,0
n3958,5,1,2,2,2,benign_or_unconfirmed,0
WX4393,2,2,3,3,3,benign_or_unconfirmed,0
n8571,0,2,2,1,2,benign_or_unconfirmed,0
n3957,5,1,2,2,2,benign_or_unconfirmed,0
WX4395,2,2,3,3,3,benign_or_unconfirmed,0
n8570,0,2,2,1,2,benign_or_unconfirmed,0
n3956,5,1,2,2,2,benign_or_unconfirmed,0
WX4397,2,2,3,3,3,benign_or_unconfirmed,0
n8569,0,2,2,1,2,benign_or_unconfirmed,0
n3955,5,1,2,2,2,benign_or_unconfirmed,0
WX4399,2,2,3,3,3,benign_or_unconfirmed,0
n8568,0,2,2,1,2,benign_or_unconfirmed,0
n3954,5,1,2,2,2,benign_or_unconfirmed,0
WX4401,2,2,3,3,3,benign_or_unconfirmed,0
n8567,0,2,2,1,2,benign_or_unconfirmed,0
n3953,5,1,2,2,2,benign_or_unconfirmed,0
WX4403,2,2,3,3,3,benign_or_unconfirmed,0
n8566,0,2,2,1,2,benign_or_unconfirmed,0
n3952,5,1,2,2,2,benign_or_unconfirmed,0
WX4405,2,2,3,3,3,benign_or_unconfirmed,0
n8565,0,2,2,1,2,benign_or_unconfirmed,0
n3951,5,1,2,2,2,benign_or_unconfirmed,0
WX4407,2,2,3,3,3,benign_or_unconfirmed,0
n8564,0,2,2,1,2,benign_or_unconfirmed,0
n3950,5,1,2,2,2,benign_or_unconfirmed,0
WX4409,2,2,3,3,3,benign_or_unconfirmed,0
n8563,0,2,2,1,2,benign_or_unconfirmed,0
n3949,5,1,2,2,2,benign_or_unconfirmed,0
WX4411,2,2,3,3,3,benign_or_unconfirmed,0
n8562,0,2,2,1,2,benign_or_unconfirmed,0
n3948,5,1,2,2,2,benign_or_unconfirmed,0
WX4413,2,2,3,3,3,benign_or_unconfirmed,0
n8561,0,2,2,1,2,benign_or_unconfirmed,0
n3947,5,1,2,2,2,benign_or_unconfirmed,0
WX4415,2,2,3,3,3,benign_or_unconfirmed,0
n8560,0,2,2,1,2,benign_or_unconfirmed,0
n3946,5,1,2,2,2,benign_or_unconfirmed,0
WX4417,2,2,3,3,3,benign_or_unconfirmed,0
n8559,0,2,2,1,2,benign_or_unconfirmed,0
n3945,5,1,2,2,2,benign_or_unconfirmed,0
WX4419,2,2,3,3,3,benign_or_unconfirmed,0
n8558,0,2,2,1,2,benign_or_unconfirmed,0
n3944,5,1,2,2,2,benign_or_unconfirmed,0
WX4421,2,2,3,3,3,benign_or_unconfirmed,0
test_so34,0,1,1,1,1,benign_or_unconfirmed,0
n3943,5,1,2,2,2,benign_or_unconfirmed,0
WX4423,2,2,3,3,3,benign_or_unconfirmed,0
test_si35,0,1,1,1,1,benign_or_unconfirmed,0
n8555,0,2,2,1,2,benign_or_unconfirmed,0
n3942,5,1,2,2,2,benign_or_unconfirmed,0
WX4425,2,1,2,2,2,benign_or_unconfirmed,0
n8554,0,2,2,1,2,benign_or_unconfirmed,0
n3941,5,1,2,2,2,benign_or_unconfirmed,0
WX4523,5,1,2,2,2,benign_or_unconfirmed,0
n8553,0,2,2,1,2,benign_or_unconfirmed,0
n3343,5,2,3,3,3,benign_or_unconfirmed,0
WX4525,5,1,2,2,2,benign_or_unconfirmed,0
n8552,0,2,2,1,2,benign_or_unconfirmed,0
n3435,5,2,3,3,3,benign_or_unconfirmed,0
WX4527,5,1,2,2,2,benign_or_unconfirmed,0
n8551,0,2,2,1,2,benign_or_unconfirmed,0
n3434,5,2,3,3,3,benign_or_unconfirmed,0
WX4529,5,1,2,2,2,benign_or_unconfirmed,0
n8550,0,2,2,1,2,benign_or_unconfirmed,0
n3433,5,2,3,3,3,benign_or_unconfirmed,0
WX4531,5,1,2,2,2,benign_or_unconfirmed,0
n8549,0,2,2,1,2,benign_or_unconfirmed,0
n3432,5,2,3,3,3,benign_or_unconfirmed,0
WX4533,5,1,2,2,2,benign_or_unconfirmed,0
n8548,0,2,2,1,2,benign_or_unconfirmed,0
n3431,5,2,3,3,3,benign_or_unconfirmed,0
WX4535,5,1,2,2,2,benign_or_unconfirmed,0
n8547,0,2,2,1,2,benign_or_unconfirmed,0
n3430,5,2,3,3,3,benign_or_unconfirmed,0
WX4537,5,1,2,2,2,benign_or_unconfirmed,0
n8546,0,2,2,1,2,benign_or_unconfirmed,0
n3429,5,2,3,3,3,benign_or_unconfirmed,0
WX4539,5,1,2,2,2,benign_or_unconfirmed,0
n8545,0,2,2,1,2,benign_or_unconfirmed,0
n3428,5,2,3,3,3,benign_or_unconfirmed,0
WX4541,5,1,2,2,2,benign_or_unconfirmed,0
n8544,0,2,2,1,2,benign_or_unconfirmed,0
n3427,5,2,3,3,3,benign_or_unconfirmed,0
WX4543,5,1,2,2,2,benign_or_unconfirmed,0
n8543,0,2,2,1,2,benign_or_unconfirmed,0
n3426,5,2,3,3,3,benign_or_unconfirmed,0
WX4545,5,1,2,2,2,benign_or_unconfirmed,0
n8542,0,2,2,1,2,benign_or_unconfirmed,0
n3425,5,2,3,3,3,benign_or_unconfirmed,0
WX4547,5,1,2,2,2,benign_or_unconfirmed,0
n8541,0,2,2,1,2,benign_or_unconfirmed,0
n3424,5,2,3,3,3,benign_or_unconfirmed,0
WX4549,5,1,2,2,2,benign_or_unconfirmed,0
n8540,0,2,2,1,2,benign_or_unconfirmed,0
n3423,5,2,3,3,3,benign_or_unconfirmed,0
WX4551,5,1,2,2,2,benign_or_unconfirmed,0
test_so35,0,1,1,1,1,benign_or_unconfirmed,0
n3422,5,2,3,3,3,benign_or_unconfirmed,0
WX4553,5,1,2,2,2,benign_or_unconfirmed,0
test_si36,0,1,1,1,1,benign_or_unconfirmed,0
n8537,0,2,2,1,2,benign_or_unconfirmed,0
n3421,5,2,3,3,3,benign_or_unconfirmed,0
WX4555,5,1,2,2,2,benign_or_unconfirmed,0
WX4556,4,3,4,3,4,benign_or_unconfirmed,0
WX4557,5,1,2,2,2,benign_or_unconfirmed,0
WX4558,4,3,4,3,4,benign_or_unconfirmed,0
WX4559,5,1,2,2,2,benign_or_unconfirmed,0
WX4560,4,3,4,3,4,benign_or_unconfirmed,0
WX4561,5,1,2,2,2,benign_or_unconfirmed,0
WX4562,4,3,4,3,4,benign_or_unconfirmed,0
WX4563,5,1,2,2,2,benign_or_unconfirmed,0
WX4564,4,3,4,3,4,benign_or_unconfirmed,0
WX4565,5,1,2,2,2,benign_or_unconfirmed,0
WX4566,4,3,4,3,4,benign_or_unconfirmed,0
WX4567,5,1,2,2,2,benign_or_unconfirmed,0
WX4568,4,3,4,3,4,benign_or_unconfirmed,0
WX4569,5,1,2,2,2,benign_or_unconfirmed,0
WX4570,4,3,4,3,4,benign_or_unconfirmed,0
WX4571,5,1,2,2,2,benign_or_unconfirmed,0
WX4572,4,3,4,3,4,benign_or_unconfirmed,0
WX4573,5,1,2,2,2,benign_or_unconfirmed,0
WX4574,4,3,4,3,4,benign_or_unconfirmed,0
WX4575,5,1,2,2,2,benign_or_unconfirmed,0
WX4576,4,3,4,3,4,benign_or_unconfirmed,0
WX4577,5,1,2,2,2,benign_or_unconfirmed,0
WX4578,4,3,4,3,4,benign_or_unconfirmed,0
WX4579,5,1,2,2,2,benign_or_unconfirmed,0
WX4580,4,3,4,3,4,benign_or_unconfirmed,0
WX4581,5,1,2,2,2,benign_or_unconfirmed,0
WX4582,4,3,4,3,4,benign_or_unconfirmed,0
WX4583,5,1,2,2,2,benign_or_unconfirmed,0
WX4584,4,3,4,3,4,benign_or_unconfirmed,0
WX4585,5,1,2,2,2,benign_or_unconfirmed,0
test_so36,4,2,3,3,3,benign_or_unconfirmed,0
WX4587,2,1,2,2,2,benign_or_unconfirmed,0
test_si37,0,1,1,1,1,benign_or_unconfirmed,0
WX4588,4,3,4,3,4,benign_or_unconfirmed,0
WX4589,2,1,2,2,2,benign_or_unconfirmed,0
WX4590,4,3,4,3,4,benign_or_unconfirmed,0
WX4591,2,1,2,2,2,benign_or_unconfirmed,0
WX4592,4,3,4,3,4,benign_or_unconfirmed,0
WX4593,2,1,2,2,2,benign_or_unconfirmed,0
WX4594,4,3,4,3,4,benign_or_unconfirmed,0
WX4595,2,1,2,2,2,benign_or_unconfirmed,0
WX4596,4,3,4,3,4,benign_or_unconfirmed,0
WX4597,2,1,2,2,2,benign_or_unconfirmed,0
WX4598,4,3,4,3,4,benign_or_unconfirmed,0
WX4599,2,1,2,2,2,benign_or_unconfirmed,0
WX4600,4,3,4,3,4,benign_or_unconfirmed,0
WX4601,2,1,2,2,2,benign_or_unconfirmed,0
WX4602,4,3,4,3,4,benign_or_unconfirmed,0
WX4603,2,1,2,2,2,benign_or_unconfirmed,0
WX4604,4,3,4,3,4,benign_or_unconfirmed,0
WX4605,2,1,2,2,2,benign_or_unconfirmed,0
WX4606,4,3,4,3,4,benign_or_unconfirmed,0
WX4607,2,1,2,2,2,benign_or_unconfirmed,0
WX4608,4,3,4,3,4,benign_or_unconfirmed,0
WX4609,2,1,2,2,2,benign_or_unconfirmed,0
WX4610,4,3,4,3,4,benign_or_unconfirmed,0
WX4611,2,1,2,2,2,benign_or_unconfirmed,0
WX4612,4,3,4,3,4,benign_or_unconfirmed,0
WX4613,2,1,2,2,2,benign_or_unconfirmed,0
WX4614,4,3,4,3,4,benign_or_unconfirmed,0
WX4615,2,1,2,2,2,benign_or_unconfirmed,0
WX4616,4,3,4,3,4,benign_or_unconfirmed,0
WX4617,2,1,2,2,2,benign_or_unconfirmed,0
WX4618,4,3,4,3,4,benign_or_unconfirmed,0
WX4619,2,1,2,2,2,benign_or_unconfirmed,0
test_so37,0,2,2,2,2,benign_or_unconfirmed,0
n3721,5,1,2,2,2,benign_or_unconfirmed,0
WX4621,2,1,2,2,2,benign_or_unconfirmed,0
test_si38,0,1,1,1,1,benign_or_unconfirmed,0
WX4622,0,3,3,2,3,benign_or_unconfirmed,0
n3719,5,1,2,2,2,benign_or_unconfirmed,0
WX4623,2,1,2,2,2,benign_or_unconfirmed,0
WX4624,0,3,3,2,3,benign_or_unconfirmed,0
n3717,5,1,2,2,2,benign_or_unconfirmed,0
WX4625,2,1,2,2,2,benign_or_unconfirmed,0
WX4626,0,3,3,2,3,benign_or_unconfirmed,0
n3715,5,1,2,2,2,benign_or_unconfirmed,0
WX4627,2,1,2,2,2,benign_or_unconfirmed,0
WX4628,0,3,3,2,3,benign_or_unconfirmed,0
n3713,5,1,2,2,2,benign_or_unconfirmed,0
WX4629,2,1,2,2,2,benign_or_unconfirmed,0
WX4630,0,3,3,2,3,benign_or_unconfirmed,0
n3711,5,1,2,2,2,benign_or_unconfirmed,0
WX4631,2,1,2,2,2,benign_or_unconfirmed,0
WX4632,0,3,3,2,3,benign_or_unconfirmed,0
n3709,5,1,2,2,2,benign_or_unconfirmed,0
WX4633,2,1,2,2,2,benign_or_unconfirmed,0
WX4634,0,3,3,2,3,benign_or_unconfirmed,0
n3707,5,1,2,2,2,benign_or_unconfirmed,0
WX4635,2,1,2,2,2,benign_or_unconfirmed,0
WX4636,0,3,3,2,3,benign_or_unconfirmed,0
n3705,5,1,2,2,2,benign_or_unconfirmed,0
WX4637,2,1,2,2,2,benign_or_unconfirmed,0
WX4638,0,3,3,2,3,benign_or_unconfirmed,0
n3703,5,1,2,2,2,benign_or_unconfirmed,0
WX4639,2,1,2,2,2,benign_or_unconfirmed,0
WX4640,0,3,3,2,3,benign_or_unconfirmed,0
n3701,5,1,2,2,2,benign_or_unconfirmed,0
WX4641,2,1,2,2,2,benign_or_unconfirmed,0
WX4642,0,3,3,2,3,benign_or_unconfirmed,0
n3699,5,1,2,2,2,benign_or_unconfirmed,0
WX4643,2,1,2,2,2,benign_or_unconfirmed,0
WX4644,0,3,3,2,3,benign_or_unconfirmed,0
n3697,5,1,2,2,2,benign_or_unconfirmed,0
WX4645,2,1,2,2,2,benign_or_unconfirmed,0
WX4646,0,3,3,2,3,benign_or_unconfirmed,0
n3695,5,1,2,2,2,benign_or_unconfirmed,0
WX4647,2,1,2,2,2,benign_or_unconfirmed,0
WX4648,0,3,3,2,3,benign_or_unconfirmed,0
n3693,5,1,2,2,2,benign_or_unconfirmed,0
WX4649,2,1,2,2,2,benign_or_unconfirmed,0
WX4650,0,3,3,2,3,benign_or_unconfirmed,0
n3691,5,1,2,2,2,benign_or_unconfirmed,0
WX4651,2,1,2,2,2,benign_or_unconfirmed,0
WX4652,4,3,4,3,4,benign_or_unconfirmed,0
WX4653,2,1,2,2,2,benign_or_unconfirmed,0
test_so38,4,2,3,3,3,benign_or_unconfirmed,0
WX4655,2,1,2,2,2,benign_or_unconfirmed,0
test_si39,0,1,1,1,1,benign_or_unconfirmed,0
WX4656,4,3,4,3,4,benign_or_unconfirmed,0
WX4657,2,1,2,2,2,benign_or_unconfirmed,0
WX4658,4,3,4,3,4,benign_or_unconfirmed,0
WX4659,2,1,2,2,2,benign_or_unconfirmed,0
WX4660,4,3,4,3,4,benign_or_unconfirmed,0
WX4661,2,1,2,2,2,benign_or_unconfirmed,0
WX4662,4,3,4,3,4,benign_or_unconfirmed,0
WX4663,2,1,2,2,2,benign_or_unconfirmed,0
WX4664,4,3,4,3,4,benign_or_unconfirmed,0
WX4665,2,1,2,2,2,benign_or_unconfirmed,0
WX4666,4,3,4,3,4,benign_or_unconfirmed,0
WX4667,2,1,2,2,2,benign_or_unconfirmed,0
WX4668,4,3,4,3,4,benign_or_unconfirmed,0
WX4669,2,1,2,2,2,benign_or_unconfirmed,0
WX4670,4,3,4,3,4,benign_or_unconfirmed,0
WX4671,2,1,2,2,2,benign_or_unconfirmed,0
WX4672,4,3,4,3,4,benign_or_unconfirmed,0
WX4673,2,1,2,2,2,benign_or_unconfirmed,0
WX4674,4,3,4,3,4,benign_or_unconfirmed,0
WX4675,2,1,2,2,2,benign_or_unconfirmed,0
WX4676,4,3,4,3,4,benign_or_unconfirmed,0
WX4677,2,1,2,2,2,benign_or_unconfirmed,0
WX4678,4,3,4,3,4,benign_or_unconfirmed,0
WX4679,2,1,2,2,2,benign_or_unconfirmed,0
WX4680,4,3,4,3,4,benign_or_unconfirmed,0
WX4681,2,1,2,2,2,benign_or_unconfirmed,0
WX4682,4,3,4,3,4,benign_or_unconfirmed,0
WX4683,2,1,2,2,2,benign_or_unconfirmed,0
WX4684,4,3,4,3,4,benign_or_unconfirmed,0
WX4685,2,1,2,2,2,benign_or_unconfirmed,0
WX4686,4,3,4,3,4,benign_or_unconfirmed,0
WX4687,2,1,2,2,2,benign_or_unconfirmed,0
test_so39,4,2,3,3,3,benign_or_unconfirmed,0
WX4689,2,1,2,2,2,benign_or_unconfirmed,0
test_si40,0,1,1,1,1,benign_or_unconfirmed,0
WX4690,4,3,4,3,4,benign_or_unconfirmed,0
WX4691,2,1,2,2,2,benign_or_unconfirmed,0
WX4692,4,3,4,3,4,benign_or_unconfirmed,0
WX4693,2,1,2,2,2,benign_or_unconfirmed,0
WX4694,4,3,4,3,4,benign_or_unconfirmed,0
WX4695,2,1,2,2,2,benign_or_unconfirmed,0
WX4696,4,3,4,3,4,benign_or_unconfirmed,0
WX4697,2,1,2,2,2,trigger_tap,1
WX4698,4,3,4,3,4,benign_or_unconfirmed,0
WX4699,2,1,2,2,2,benign_or_unconfirmed,0
WX4700,4,3,4,3,4,benign_or_unconfirmed,0
WX4701,2,1,2,2,2,benign_or_unconfirmed,0
WX4702,4,3,4,3,4,benign_or_unconfirmed,0
WX4703,2,1,2,2,2,benign_or_unconfirmed,0
WX4704,4,3,4,3,4,benign_or_unconfirmed,0
WX4705,2,1,2,2,2,benign_or_unconfirmed,0
WX4706,4,3,4,3,4,benign_or_unconfirmed,0
WX4707,2,1,2,2,2,benign_or_unconfirmed,0
WX4708,4,3,4,3,4,benign_or_unconfirmed,0
WX4709,2,1,2,2,2,benign_or_unconfirmed,0
WX4710,4,3,4,3,4,benign_or_unconfirmed,0
WX4711,2,1,2,2,2,benign_or_unconfirmed,0
WX4712,4,3,4,3,4,benign_or_unconfirmed,0
WX4713,2,1,2,2,2,benign_or_unconfirmed,0
WX4714,4,3,4,3,4,benign_or_unconfirmed,0
WX4715,2,1,2,2,2,benign_or_unconfirmed,0
WX4716,4,3,4,3,4,benign_or_unconfirmed,0
WX4717,2,1,2,2,2,benign_or_unconfirmed,0
WX4718,4,3,4,3,4,benign_or_unconfirmed,0
WX4719,2,1,2,2,2,benign_or_unconfirmed,0
WX4720,4,3,4,3,4,benign_or_unconfirmed,0
WX4721,2,1,2,2,2,benign_or_unconfirmed,0
test_so40,4,2,3,3,3,benign_or_unconfirmed,0
WX4723,2,1,2,2,2,benign_or_unconfirmed,0
test_si41,0,1,1,1,1,benign_or_unconfirmed,0
WX4724,4,3,4,3,4,benign_or_unconfirmed,0
WX4725,2,1,2,2,2,benign_or_unconfirmed,0
WX4726,4,3,4,3,4,benign_or_unconfirmed,0
WX4727,2,1,2,2,2,benign_or_unconfirmed,0
WX4728,4,3,4,3,4,benign_or_unconfirmed,0
WX4729,2,1,2,2,2,benign_or_unconfirmed,0
WX4730,4,3,4,3,4,benign_or_unconfirmed,0
WX4731,2,1,2,2,2,benign_or_unconfirmed,0
WX4732,4,3,4,3,4,benign_or_unconfirmed,0
WX4733,2,1,2,2,2,benign_or_unconfirmed,0
WX4734,4,3,4,3,4,benign_or_unconfirmed,0
WX4735,2,1,2,2,2,benign_or_unconfirmed,0
WX4736,4,3,4,3,4,benign_or_unconfirmed,0
WX4737,2,1,2,2,2,benign_or_unconfirmed,0
WX4738,4,3,4,3,4,benign_or_unconfirmed,0
WX4739,2,1,2,2,2,benign_or_unconfirmed,0
WX4740,4,3,4,3,4,benign_or_unconfirmed,0
WX4741,2,1,2,2,2,benign_or_unconfirmed,0
WX4742,4,3,4,3,4,benign_or_unconfirmed,0
WX4743,2,1,2,2,2,benign_or_unconfirmed,0
WX4744,4,3,4,3,4,benign_or_unconfirmed,0
WX4745,2,1,2,2,2,benign_or_unconfirmed,0
WX4746,4,3,4,3,4,benign_or_unconfirmed,0
WX4747,2,1,2,2,2,benign_or_unconfirmed,0
WX4748,4,3,4,2,4,benign_or_unconfirmed,0
WX4749,2,1,2,2,2,benign_or_unconfirmed,0
WX4750,4,3,4,2,4,benign_or_unconfirmed,0
WX4751,2,1,2,2,2,benign_or_unconfirmed,0
WX4752,4,3,4,2,4,benign_or_unconfirmed,0
WX4753,2,1,2,2,2,benign_or_unconfirmed,0
WX4754,4,3,4,2,4,benign_or_unconfirmed,0
WX4755,2,1,2,2,2,benign_or_unconfirmed,0
test_so41,4,2,3,3,3,benign_or_unconfirmed,0
WX4757,2,1,2,2,2,benign_or_unconfirmed,0
test_si42,0,1,1,1,1,benign_or_unconfirmed,0
WX4758,4,3,4,2,4,benign_or_unconfirmed,0
WX4759,2,1,2,2,2,benign_or_unconfirmed,0
WX4760,4,3,4,2,4,benign_or_unconfirmed,0
WX4761,2,1,2,2,2,benign_or_unconfirmed,0
WX4762,4,3,4,2,4,benign_or_unconfirmed,0
WX4763,2,1,2,2,2,benign_or_unconfirmed,0
WX4764,4,3,4,2,4,benign_or_unconfirmed,0
WX4765,2,1,2,2,2,benign_or_unconfirmed,0
WX4766,4,3,4,2,4,benign_or_unconfirmed,0
WX4767,2,1,2,2,2,benign_or_unconfirmed,0
WX4768,4,3,4,2,4,benign_or_unconfirmed,0
WX4769,2,1,2,2,2,benign_or_unconfirmed,0
WX4770,4,3,4,3,4,benign_or_unconfirmed,0
WX4771,2,1,2,2,2,benign_or_unconfirmed,0
WX4772,4,3,4,2,4,benign_or_unconfirmed,0
WX4773,2,1,2,2,2,benign_or_unconfirmed,0
WX4774,4,3,4,2,4,benign_or_unconfirmed,0
WX4775,2,1,2,2,2,benign_or_unconfirmed,0
WX4776,4,3,4,2,4,benign_or_unconfirmed,0
WX4777,2,1,2,2,2,benign_or_unconfirmed,0
WX4778,4,3,4,2,4,benign_or_unconfirmed,0
WX5143,2,1,2,2,2,benign_or_unconfirmed,0
CRC_OUT_6_0,0,3,3,2,3,benign_or_unconfirmed,0
DFF_736_n1,5,1,2,2,2,benign_or_unconfirmed,0
WX5145,2,1,2,2,2,benign_or_unconfirmed,0
CRC_OUT_6_1,0,3,3,2,3,benign_or_unconfirmed,0
DFF_737_n1,5,1,2,2,2,benign_or_unconfirmed,0
WX5147,2,1,2,2,2,benign_or_unconfirmed,0
CRC_OUT_6_2,0,3,3,2,3,benign_or_unconfirmed,0
DFF_738_n1,5,1,2,2,2,benign_or_unconfirmed,0
WX5149,2,1,2,2,2,benign_or_unconfirmed,0
CRC_OUT_6_3,0,3,3,2,3,benign_or_unconfirmed,0
DFF_739_n1,5,1,2,2,2,benign_or_unconfirmed,0
WX5151,2,1,2,2,2,benign_or_unconfirmed,0
CRC_OUT_6_4,0,3,3,2,3,benign_or_unconfirmed,0
DFF_740_n1,5,1,2,2,2,benign_or_unconfirmed,0
WX5153,2,1,2,2,2,benign_or_unconfirmed,0
CRC_OUT_6_5,0,2,2,2,2,benign_or_unconfirmed,0
DFF_741_n1,5,1,2,2,2,benign_or_unconfirmed,0
WX5155,2,1,2,2,2,benign_or_unconfirmed,0
test_si43,0,1,1,1,1,benign_or_unconfirmed,0
CRC_OUT_6_6,0,3,3,2,3,benign_or_unconfirmed,0
DFF_742_n1,5,1,2,2,2,benign_or_unconfirmed,0
WX5157,2,1,2,2,2,benign_or_unconfirmed,0
CRC_OUT_6_7,0,3,3,2,3,benign_or_unconfirmed,0
DFF_743_n1,5,1,2,2,2,benign_or_unconfirmed,0
WX5159,2,1,2,2,2,benign_or_unconfirmed,0
CRC_OUT_6_8,0,3,3,2,3,benign_or_unconfirmed,0
DFF_744_n1,5,1,2,2,2,benign_or_unconfirmed,0
WX5161,2,1,2,2,2,benign_or_unconfirmed,0
CRC_OUT_6_9,0,3,3,2,3,benign_or_unconfirmed,0
DFF_745_n1,5,1,2,2,2,benign_or_unconfirmed,0
WX5163,2,1,2,2,2,benign_or_unconfirmed,0
CRC_OUT_6_10,0,3,3,2,3,benign_or_unconfirmed,0
DFF_746_n1,5,1,2,2,2,benign_or_unconfirmed,0
WX5165,2,1,2,2,2,benign_or_unconfirmed,0
CRC_OUT_6_11,0,3,3,2,3,benign_or_unconfirmed,0
DFF_747_n1,5,1,2,2,2,benign_or_unconfirmed,0
WX5167,2,1,2,2,2,benign_or_unconfirmed,0
CRC_OUT_6_12,0,3,3,2,3,benign_or_unconfirmed,0
DFF_748_n1,5,1,2,2,2,benign_or_unconfirmed,0
WX5169,2,1,2,2,2,benign_or_unconfirmed,0
CRC_OUT_6_13,0,3,3,2,3,benign_or_unconfirmed,0
DFF_749_n1,5,1,2,2,2,benign_or_unconfirmed,0
WX5171,2,1,2,2,2,benign_or_unconfirmed,0
CRC_OUT_6_14,0,3,3,2,3,benign_or_unconfirmed,0
DFF_750_n1,5,1,2,2,2,benign_or_unconfirmed,0
WX5173,2,1,2,2,2,benign_or_unconfirmed,0
CRC_OUT_6_15,0,3,3,2,3,benign_or_unconfirmed,0
DFF_751_n1,5,1,2,2,2,benign_or_unconfirmed,0
WX5175,2,1,2,2,2,benign_or_unconfirmed,0
CRC_OUT_6_16,0,3,3,2,3,benign_or_unconfirmed,0
DFF_752_n1,5,1,2,2,2,benign_or_unconfirmed,0
WX5177,2,1,2,2,2,benign_or_unconfirmed,0
CRC_OUT_6_17,0,3,3,2,3,benign_or_unconfirmed,0
DFF_753_n1,5,1,2,2,2,benign_or_unconfirmed,0
WX5179,2,1,2,2,2,benign_or_unconfirmed,0
CRC_OUT_6_18,0,3,3,2,3,benign_or_unconfirmed,0
DFF_754_n1,5,1,2,2,2,benign_or_unconfirmed,0
WX5181,2,1,2,2,2,benign_or_unconfirmed,0
CRC_OUT_6_19,0,3,3,2,3,benign_or_unconfirmed,0
DFF_755_n1,5,1,2,2,2,benign_or_unconfirmed,0
WX5183,2,1,2,2,2,benign_or_unconfirmed,0
CRC_OUT_6_20,0,3,3,2,3,benign_or_unconfirmed,0
DFF_756_n1,5,1,2,2,2,benign_or_unconfirmed,0
WX5185,2,1,2,2,2,benign_or_unconfirmed,0
CRC_OUT_6_21,0,3,3,2,3,benign_or_unconfirmed,0
DFF_757_n1,5,1,2,2,2,benign_or_unconfirmed,0
WX5187,2,1,2,2,2,benign_or_unconfirmed,0
CRC_OUT_6_22,0,2,2,2,2,benign_or_unconfirmed,0
DFF_758_n1,5,1,2,2,2,benign_or_unconfirmed,0
WX5189,2,1,2,2,2,benign_or_unconfirmed,0
test_si44,0,1,1,1,1,benign_or_unconfirmed,0
CRC_OUT_6_23,0,3,3,2,3,benign_or_unconfirmed,0
DFF_759_n1,5,1,2,2,2,benign_or_unconfirmed,0
WX5191,2,1,2,2,2,benign_or_unconfirmed,0
CRC_OUT_6_24,0,3,3,2,3,benign_or_unconfirmed,0
DFF_760_n1,5,1,2,2,2,benign_or_unconfirmed,0
WX5193,2,1,2,2,2,benign_or_unconfirmed,0
CRC_OUT_6_25,0,3,3,2,3,benign_or_unconfirmed,0
DFF_761_n1,5,1,2,2,2,benign_or_unconfirmed,0
WX5195,2,1,2,2,2,benign_or_unconfirmed,0
CRC_OUT_6_26,0,3,3,2,3,benign_or_unconfirmed,0
DFF_762_n1,5,1,2,2,2,benign_or_unconfirmed,0
WX5197,2,1,2,2,2,benign_or_unconfirmed,0
CRC_OUT_6_27,0,3,3,2,3,benign_or_unconfirmed,0
DFF_763_n1,5,1,2,2,2,benign_or_unconfirmed,0
WX5199,2,1,2,2,2,benign_or_unconfirmed,0
CRC_OUT_6_28,0,3,3,2,3,benign_or_unconfirmed,0
DFF_764_n1,5,1,2,2,2,benign_or_unconfirmed,0
WX5201,2,1,2,2,2,benign_or_unconfirmed,0
CRC_OUT_6_29,0,3,3,2,3,benign_or_unconfirmed,0
DFF_765_n1,5,1,2,2,2,benign_or_unconfirmed,0
WX5203,2,1,2,2,2,benign_or_unconfirmed,0
CRC_OUT_6_30,0,3,3,2,3,benign_or_unconfirmed,0
DFF_766_n1,5,1,2,2,2,benign_or_unconfirmed,0
WX5205,2,1,2,2,2,benign_or_unconfirmed,0
CRC_OUT_6_31,0,6,6,3,6,benign_or_unconfirmed,0
DFF_767_n1,5,1,2,2,2,benign_or_unconfirmed,0
WX5656,2,2,3,3,3,benign_or_unconfirmed,0
WX5657,4,3,4,3,4,benign_or_unconfirmed,0
WX5658,2,2,3,3,3,benign_or_unconfirmed,0
n8528,0,2,2,1,2,benign_or_unconfirmed,0
n3940,5,1,2,2,2,benign_or_unconfirmed,0
WX5660,2,2,3,3,3,benign_or_unconfirmed,0
n8527,0,2,2,1,2,benign_or_unconfirmed,0
n3939,5,1,2,2,2,benign_or_unconfirmed,0
WX5662,2,2,3,3,3,benign_or_unconfirmed,0
n8526,0,2,2,1,2,benign_or_unconfirmed,0
n3938,5,1,2,2,2,benign_or_unconfirmed,0
WX5664,2,2,3,3,3,benign_or_unconfirmed,0
n8525,0,2,2,1,2,benign_or_unconfirmed,0
n3937,5,1,2,2,2,benign_or_unconfirmed,0
WX5666,2,2,3,3,3,benign_or_unconfirmed,0
n8524,0,2,2,1,2,benign_or_unconfirmed,0
n3936,5,1,2,2,2,benign_or_unconfirmed,0
WX5668,2,2,3,3,3,benign_or_unconfirmed,0
n8523,0,2,2,1,2,benign_or_unconfirmed,0
n3935,5,1,2,2,2,benign_or_unconfirmed,0
WX5670,2,2,3,3,3,benign_or_unconfirmed,0
test_so44,0,1,1,1,1,benign_or_unconfirmed,0
n3934,5,1,2,2,2,benign_or_unconfirmed,0
WX5672,2,2,3,3,3,benign_or_unconfirmed,0
test_si45,0,1,1,1,1,benign_or_unconfirmed,0
n8520,0,2,2,1,2,benign_or_unconfirmed,0
n3933,5,1,2,2,2,benign_or_unconfirmed,0
WX5674,2,2,3,3,3,benign_or_unconfirmed,0
n8519,0,2,2,1,2,benign_or_unconfirmed,0
n3932,5,1,2,2,2,benign_or_unconfirmed,0
WX5676,2,2,3,3,3,benign_or_unconfirmed,0
n8518,0,2,2,1,2,benign_or_unconfirmed,0
n3931,5,1,2,2,2,benign_or_unconfirmed,0
WX5678,2,2,3,3,3,benign_or_unconfirmed,0
n8517,0,2,2,1,2,benign_or_unconfirmed,0
n3930,5,1,2,2,2,benign_or_unconfirmed,0
WX5680,2,2,3,3,3,benign_or_unconfirmed,0
n8516,0,2,2,1,2,benign_or_unconfirmed,0
n3929,5,1,2,2,2,benign_or_unconfirmed,0
WX5682,2,2,3,3,3,benign_or_unconfirmed,0
n8515,0,2,2,1,2,benign_or_unconfirmed,0
n3928,5,1,2,2,2,benign_or_unconfirmed,0
WX5684,2,2,3,3,3,benign_or_unconfirmed,0
n8514,0,2,2,1,2,benign_or_unconfirmed,0
n3927,5,1,2,2,2,benign_or_unconfirmed,0
WX5686,2,2,3,3,3,benign_or_unconfirmed,0
n8513,0,2,2,1,2,benign_or_unconfirmed,0
n3926,5,1,2,2,2,benign_or_unconfirmed,0
WX5688,2,2,3,3,3,benign_or_unconfirmed,0
n8512,0,2,2,1,2,benign_or_unconfirmed,0
n3925,5,1,2,2,2,benign_or_unconfirmed,0
WX5690,2,2,3,3,3,benign_or_unconfirmed,0
n8511,0,2,2,1,2,benign_or_unconfirmed,0
n3924,5,1,2,2,2,benign_or_unconfirmed,0
WX5692,2,2,3,3,3,benign_or_unconfirmed,0
n8510,0,2,2,1,2,benign_or_unconfirmed,0
n3923,5,1,2,2,2,benign_or_unconfirmed,0
WX5694,2,2,3,3,3,benign_or_unconfirmed,0
n8509,0,2,2,1,2,benign_or_unconfirmed,0
n3922,5,1,2,2,2,benign_or_unconfirmed,0
WX5696,2,2,3,3,3,benign_or_unconfirmed,0
n8508,0,2,2,1,2,benign_or_unconfirmed,0
n3921,5,1,2,2,2,benign_or_unconfirmed,0
WX5698,2,2,3,3,3,benign_or_unconfirmed,0
n8507,0,2,2,1,2,benign_or_unconfirmed,0
n3920,5,1,2,2,2,benign_or_unconfirmed,0
WX5700,2,2,3,3,3,benign_or_unconfirmed,0
n8506,0,2,2,1,2,benign_or_unconfirmed,0
n3919,5,1,2,2,2,benign_or_unconfirmed,0
WX5702,2,2,3,3,3,benign_or_unconfirmed,0
n8505,0,2,2,1,2,benign_or_unconfirmed,0
n3918,5,1,2,2,2,benign_or_unconfirmed,0
WX5704,2,2,3,3,3,benign_or_unconfirmed,0
test_so45,0,1,1,1,1,benign_or_unconfirmed,0
n3917,5,1,2,2,2,benign_or_unconfirmed,0
WX5706,2,2,3,3,3,benign_or_unconfirmed,0
test_si46,0,1,1,1,1,benign_or_unconfirmed,0
n8502,0,2,2,1,2,benign_or_unconfirmed,0
n3916,5,1,2,2,2,benign_or_unconfirmed,0
WX5708,2,2,3,3,3,benign_or_unconfirmed,0
n8501,0,2,2,1,2,benign_or_unconfirmed,0
n3915,5,1,2,2,2,benign_or_unconfirmed,0
WX5710,2,2,3,3,3,trigger_tap,1
n8500,0,2,2,1,2,benign_or_unconfirmed,0
n3914,5,1,2,2,2,benign_or_unconfirmed,0
WX5712,2,2,3,3,3,benign_or_unconfirmed,0
n8499,0,2,2,1,2,benign_or_unconfirmed,0
n3913,5,1,2,2,2,benign_or_unconfirmed,0
WX5714,2,2,3,3,3,benign_or_unconfirmed,0
n8498,0,2,2,1,2,benign_or_unconfirmed,0
n3912,5,1,2,2,2,benign_or_unconfirmed,0
WX5716,2,2,3,3,3,benign_or_unconfirmed,0
n8497,0,2,2,1,2,benign_or_unconfirmed,0
n3911,5,1,2,2,2,benign_or_unconfirmed,0
WX5718,2,1,2,2,2,benign_or_unconfirmed,0
n8496,0,2,2,1,2,benign_or_unconfirmed,0
n3910,5,1,2,2,2,benign_or_unconfirmed,0
WX5816,5,1,2,2,2,benign_or_unconfirmed,0
n8495,0,2,2,1,2,benign_or_unconfirmed,0
n3342,5,2,3,3,3,benign_or_unconfirmed,0
WX5818,5,1,2,2,2,benign_or_unconfirmed,0
n8494,0,2,2,1,2,benign_or_unconfirmed,0
n3420,5,2,3,3,3,benign_or_unconfirmed,0
WX5820,5,1,2,2,2,benign_or_unconfirmed,0
n8493,0,2,2,1,2,benign_or_unconfirmed,0
n3419,5,2,3,3,3,benign_or_unconfirmed,0
WX5822,5,1,2,2,2,benign_or_unconfirmed,0
n8492,0,2,2,1,2,benign_or_unconfirmed,0
n3418,5,2,3,3,3,benign_or_unconfirmed,0
WX5824,5,1,2,2,2,benign_or_unconfirmed,0
n8491,0,2,2,1,2,benign_or_unconfirmed,0
n3417,5,2,3,3,3,benign_or_unconfirmed,0
WX5826,5,1,2,2,2,benign_or_unconfirmed,0
n8490,0,2,2,1,2,benign_or_unconfirmed,0
n3416,5,2,3,3,3,benign_or_unconfirmed,0
WX5828,5,1,2,2,2,benign_or_unconfirmed,0
n8489,0,2,2,1,2,benign_or_unconfirmed,0
n3415,5,2,3,3,3,benign_or_unconfirmed,0
WX5830,5,1,2,2,2,benign_or_unconfirmed,0
n8488,0,2,2,1,2,benign_or_unconfirmed,0
n3414,5,2,3,3,3,benign_or_unconfirmed,0
WX5832,5,1,2,2,2,benign_or_unconfirmed,0
n8487,0,2,2,1,2,benign_or_unconfirmed,0
n3413,5,2,3,3,3,benign_or_unconfirmed,0
WX5834,5,1,2,2,2,benign_or_unconfirmed,0
test_so46,0,1,1,1,1,benign_or_unconfirmed,0
n3412,5,2,3,3,3,benign_or_unconfirmed,0
WX5836,5,1,2,2,2,benign_or_unconfirmed,0
test_si47,0,1,1,1,1,benign_or_unconfirmed,0
n8484,0,2,2,1,2,benign_or_unconfirmed,0
n3411,5,2,3,3,3,benign_or_unconfirmed,0
WX5838,5,1,2,2,2,benign_or_unconfirmed,0
n8483,0,2,2,1,2,benign_or_unconfirmed,0
n3410,5,2,3,3,3,benign_or_unconfirmed,0
WX5840,5,1,2,2,2,benign_or_unconfirmed,0
n8482,0,2,2,1,2,benign_or_unconfirmed,0
n3409,5,2,3,3,3,benign_or_unconfirmed,0
WX5842,5,1,2,2,2,benign_or_unconfirmed,0
n8481,0,2,2,1,2,benign_or_unconfirmed,0
n3408,5,2,3,3,3,benign_or_unconfirmed,0
WX5844,5,1,2,2,2,benign_or_unconfirmed,0
n8480,0,2,2,1,2,benign_or_unconfirmed,0
n3407,5,2,3,3,3,benign_or_unconfirmed,0
WX5846,5,1,2,2,2,benign_or_unconfirmed,0
n8479,0,2,2,1,2,benign_or_unconfirmed,0
n3406,5,2,3,3,3,benign_or_unconfirmed,0
WX5848,5,1,2,2,2,benign_or_unconfirmed,0
WX5849,4,3,4,3,4,benign_or_unconfirmed,0
WX5850,5,1,2,2,2,benign_or_unconfirmed,0
WX5851,4,3,4,3,4,benign_or_unconfirmed,0
WX5852,5,1,2,2,2,benign_or_unconfirmed,0
WX5853,4,3,4,3,4,benign_or_unconfirmed,0
WX5854,5,1,2,2,2,benign_or_unconfirmed,0
WX5855,4,3,4,3,4,benign_or_unconfirmed,0
WX5856,5,1,2,2,2,benign_or_unconfirmed,0
WX5857,4,3,4,3,4,benign_or_unconfirmed,0
WX5858,5,1,2,2,2,benign_or_unconfirmed,0
WX5859,4,3,4,3,4,benign_or_unconfirmed,0
WX5860,5,1,2,2,2,benign_or_unconfirmed,0
WX5861,4,3,4,3,4,benign_or_unconfirmed,0
WX5862,5,1,2,2,2,benign_or_unconfirmed,0
WX5863,4,3,4,3,4,benign_or_unconfirmed,0
WX5864,5,1,2,2,2,benign_or_unconfirmed,0
WX5865,4,3,4,3,4,benign_or_unconfirmed,0
WX5866,5,1,2,2,2,benign_or_unconfirmed,0
WX5867,4,3,4,3,4,benign_or_unconfirmed,0
WX5868,5,1,2,2,2,benign_or_unconfirmed,0
test_so47,4,2,3,3,3,benign_or_unconfirmed,0
WX5870,5,1,2,2,2,benign_or_unconfirmed,0
test_si48,0,1,1,1,1,benign_or_unconfirmed,0
WX5871,4,3,4,3,4,benign_or_unconfirmed,0
WX5872,5,1,2,2,2,benign_or_unconfirmed,0
WX5873,4,3,4,3,4,benign_or_unconfirmed,0
WX5874,5,1,2,2,2,benign_or_unconfirmed,0
WX5875,4,3,4,3,4,benign_or_unconfirmed,0
WX5876,5,1,2,2,2,benign_or_unconfirmed,0
WX5877,4,3,4,3,4,benign_or_unconfirmed,0
WX5878,5,1,2,2,2,benign_or_unconfirmed,0
WX5879,4,3,4,3,4,benign_or_unconfirmed,0
WX5880,2,1,2,2,2,benign_or_unconfirmed,0
WX5881,4,3,4,3,4,benign_or_unconfirmed,0
WX5882,2,1,2,2,2,benign_or_unconfirmed,0
WX5883,4,3,4,3,4,benign_or_unconfirmed,0
WX5884,2,1,2,2,2,benign_or_unconfirmed,0
WX5885,4,3,4,3,4,benign_or_unconfirmed,0
WX5886,2,1,2,2,2,benign_or_unconfirmed,0
WX5887,4,3,4,3,4,benign_or_unconfirmed,0
WX5888,2,1,2,2,2,benign_or_unconfirmed,0
WX5889,4,3,4,3,4,benign_or_unconfirmed,0
WX5890,2,1,2,2,2,benign_or_unconfirmed,0
WX5891,4,3,4,3,4,benign_or_unconfirmed,0
WX5892,2,1,2,2,2,benign_or_unconfirmed,0
WX5893,4,3,4,3,4,benign_or_unconfirmed,0
WX5894,2,1,2,2,2,benign_or_unconfirmed,0
WX5895,4,3,4,3,4,benign_or_unconfirmed,0
WX5896,2,1,2,2,2,benign_or_unconfirmed,0
WX5897,4,3,4,3,4,benign_or_unconfirmed,0
WX5898,2,1,2,2,2,benign_or_unconfirmed,0
WX5899,4,3,4,3,4,benign_or_unconfirmed,0
WX5900,2,1,2,2,2,benign_or_unconfirmed,0
WX5901,4,3,4,3,4,benign_or_unconfirmed,0
WX5902,2,1,2,2,2,benign_or_unconfirmed,0
test_so48,4,2,3,3,3,benign_or_unconfirmed,0
WX5904,2,1,2,2,2,benign_or_unconfirmed,0
test_si49,0,1,1,1,1,benign_or_unconfirmed,0
WX5905,4,3,4,3,4,benign_or_unconfirmed,0
WX5906,2,1,2,2,2,benign_or_unconfirmed,0
WX5907,4,3,4,3,4,benign_or_unconfirmed,0
WX5908,2,1,2,2,2,benign_or_unconfirmed,0
WX5909,4,3,4,3,4,benign_or_unconfirmed,0
WX5910,2,1,2,2,2,benign_or_unconfirmed,0
WX5911,4,3,4,3,4,benign_or_unconfirmed,0
WX5912,2,1,2,2,2,benign_or_unconfirmed,0
WX5913,0,3,3,2,3,benign_or_unconfirmed,0
n3689,5,1,2,2,2,benign_or_unconfirmed,0
WX5914,2,1,2,2,2,benign_or_unconfirmed,0
WX5915,0,3,3,2,3,benign_or_unconfirmed,0
n3687,5,1,2,2,2,benign_or_unconfirmed,0
WX5916,2,1,2,2,2,benign_or_unconfirmed,0
WX5917,0,3,3,2,3,benign_or_unconfirmed,0
n3685,5,1,2,2,2,benign_or_unconfirmed,0
WX5918,2,1,2,2,2,benign_or_unconfirmed,0
WX5919,0,3,3,2,3,benign_or_unconfirmed,0
n3683,5,1,2,2,2,benign_or_unconfirmed,0
WX5920,2,1,2,2,2,benign_or_unconfirmed,0
WX5921,0,3,3,2,3,benign_or_unconfirmed,0
n3681,5,1,2,2,2,benign_or_unconfirmed,0
WX5922,2,1,2,2,2,trigger_tap,1
WX5923,0,3,3,2,3,benign_or_unconfirmed,0
n3679,5,1,2,2,2,benign_or_unconfirmed,0
WX5924,2,1,2,2,2,benign_or_unconfirmed,0
WX5925,0,3,3,2,3,benign_or_unconfirmed,0
n3677,5,1,2,2,2,benign_or_unconfirmed,0
WX5926,2,1,2,2,2,benign_or_unconfirmed,0
WX5927,0,3,3,2,3,benign_or_unconfirmed,0
n3675,5,1,2,2,2,benign_or_unconfirmed,0
WX5928,2,1,2,2,2,benign_or_unconfirmed,0
WX5929,0,3,3,2,3,benign_or_unconfirmed,0
n3673,5,1,2,2,2,benign_or_unconfirmed,0
WX5930,2,1,2,2,2,benign_or_unconfirmed,0
WX5931,0,3,3,2,3,benign_or_unconfirmed,0
n3671,5,1,2,2,2,benign_or_unconfirmed,0
WX5932,2,1,2,2,2,benign_or_unconfirmed,0
WX5933,0,3,3,2,3,benign_or_unconfirmed,0
n3669,5,1,2,2,2,benign_or_unconfirmed,0
WX5934,2,1,2,2,2,benign_or_unconfirmed,0
WX5935,0,3,3,2,3,benign_or_unconfirmed,0
n3667,5,1,2,2,2,benign_or_unconfirmed,0
WX5936,2,1,2,2,2,benign_or_unconfirmed,0
test_so49,0,2,2,2,2,benign_or_unconfirmed,0
n3665,5,1,2,2,2,benign_or_unconfirmed,0
WX5938,2,1,2,2,2,benign_or_unconfirmed,0
test_si50,0,1,1,1,1,benign_or_unconfirmed,0
WX5939,0,3,3,2,3,benign_or_unconfirmed,0
n3663,5,1,2,2,2,benign_or_unconfirmed,0
WX5940,2,1,2,2,2,benign_or_unconfirmed,0
WX5941,0,3,3,2,3,benign_or_unconfirmed,0
n3661,5,1,2,2,2,benign_or_unconfirmed,0
WX5942,2,1,2,2,2,benign_or_unconfirmed,0
WX5943,0,3,3,2,3,benign_or_unconfirmed,0
n3659,5,1,2,2,2,benign_or_unconfirmed,0
WX5944,2,1,2,2,2,benign_or_unconfirmed,0
WX5945,4,3,4,3,4,benign_or_unconfirmed,0
WX5946,2,1,2,2,2,benign_or_unconfirmed,0
WX5947,4,3,4,3,4,benign_or_unconfirmed,0
WX5948,2,1,2,2,2,benign_or_unconfirmed,0
WX5949,4,3,4,3,4,benign_or_unconfirmed,0
WX5950,2,1,2,2,2,benign_or_unconfirmed,0
WX5951,4,3,4,3,4,benign_or_unconfirmed,0
WX5952,2,1,2,2,2,benign_or_unconfirmed,0
WX5953,4,3,4,3,4,benign_or_unconfirmed,0
WX5954,2,1,2,2,2,benign_or_unconfirmed,0
WX5955,4,3,4,3,4,benign_or_unconfirmed,0
WX5956,2,1,2,2,2,benign_or_unconfirmed,0
WX5957,4,3,4,3,4,benign_or_unconfirmed,0
WX5958,2,1,2,2,2,benign_or_unconfirmed,0
WX5959,4,3,4,3,4,benign_or_unconfirmed,0
WX5960,2,1,2,2,2,trigger_tap,1
WX5961,4,3,4,3,4,benign_or_unconfirmed,0
WX5962,2,1,2,2,2,benign_or_unconfirmed,0
WX5963,4,3,4,3,4,benign_or_unconfirmed,0
WX5964,2,1,2,2,2,benign_or_unconfirmed,0
WX5965,4,3,4,3,4,benign_or_unconfirmed,0
WX5966,2,1,2,2,2,benign_or_unconfirmed,0
WX5967,4,3,4,3,4,benign_or_unconfirmed,0
WX5968,2,1,2,2,2,benign_or_unconfirmed,0
WX5969,4,3,4,3,4,benign_or_unconfirmed,0
WX5970,2,1,2,2,2,benign_or_unconfirmed,0
test_so50,4,2,3,3,3,benign_or_unconfirmed,0
WX5972,2,1,2,2,2,benign_or_unconfirmed,0
test_si51,0,1,1,1,1,benign_or_unconfirmed,0
WX5973,4,3,4,3,4,benign_or_unconfirmed,0
WX5974,2,1,2,2,2,benign_or_unconfirmed,0
WX5975,4,3,4,3,4,benign_or_unconfirmed,0
WX5976,2,1,2,2,2,benign_or_unconfirmed,0
WX5977,4,3,4,3,4,benign_or_unconfirmed,0
WX5978,2,1,2,2,2,benign_or_unconfirmed,0
WX5979,4,3,4,3,4,benign_or_unconfirmed,0
WX5980,2,1,2,2,2,benign_or_unconfirmed,0
WX5981,4,3,4,3,4,benign_or_unconfirmed,0
WX5982,2,1,2,2,2,benign_or_unconfirmed,0
WX5983,4,3,4,3,4,benign_or_unconfirmed,0
WX5984,2,1,2,2,2,benign_or_unconfirmed,0
WX5985,4,3,4,3,4,benign_or_unconfirmed,0
WX5986,2,1,2,2,2,benign_or_unconfirmed,0
WX5987,4,3,4,3,4,benign_or_unconfirmed,0
WX5988,2,1,2,2,2,benign_or_unconfirmed,0
WX5989,4,3,4,3,4,benign_or_unconfirmed,0
WX5990,2,1,2,2,2,benign_or_unconfirmed,0
WX5991,4,3,4,3,4,benign_or_unconfirmed,0
WX5992,2,1,2,2,2,benign_or_unconfirmed,0
WX5993,4,3,4,3,4,benign_or_unconfirmed,0
WX5994,2,1,2,2,2,benign_or_unconfirmed,0
WX5995,4,3,4,3,4,benign_or_unconfirmed,0
WX5996,2,1,2,2,2,benign_or_unconfirmed,0
WX5997,4,3,4,3,4,benign_or_unconfirmed,0
WX5998,2,1,2,2,2,benign_or_unconfirmed,0
WX5999,4,3,4,3,4,benign_or_unconfirmed,0
WX6000,2,1,2,2,2,benign_or_unconfirmed,0
WX6001,4,3,4,3,4,benign_or_unconfirmed,0
WX6002,2,1,2,2,2,benign_or_unconfirmed,0
WX6003,4,3,4,3,4,benign_or_unconfirmed,0
WX6004,2,1,2,2,2,benign_or_unconfirmed,0
test_so51,4,2,3,3,3,benign_or_unconfirmed,0
WX6006,2,1,2,2,2,benign_or_unconfirmed,0
test_si52,0,1,1,1,1,benign_or_unconfirmed,0
WX6007,4,3,4,3,4,benign_or_unconfirmed,0
WX6008,2,1,2,2,2,benign_or_unconfirmed,0
WX6009,4,3,4,3,4,benign_or_unconfirmed,0
WX6010,2,1,2,2,2,benign_or_unconfirmed,0
WX6011,4,3,4,3,4,benign_or_unconfirmed,0
WX6012,2,1,2,2,2,benign_or_unconfirmed,0
WX6013,4,3,4,3,4,benign_or_unconfirmed,0
WX6014,2,1,2,2,2,benign_or_unconfirmed,0
WX6015,4,3,4,3,4,benign_or_unconfirmed,0
WX6016,2,1,2,2,2,benign_or_unconfirmed,0
WX6017,4,3,4,3,4,benign_or_unconfirmed,0
WX6018,2,1,2,2,2,benign_or_unconfirmed,0
WX6019,4,3,4,3,4,benign_or_unconfirmed,0
WX6020,2,1,2,2,2,benign_or_unconfirmed,0
WX6021,4,3,4,3,4,benign_or_unconfirmed,0
WX6022,2,1,2,2,2,benign_or_unconfirmed,0
WX6023,4,3,4,3,4,benign_or_unconfirmed,0
WX6024,2,1,2,2,2,benign_or_unconfirmed,0
WX6025,4,3,4,3,4,benign_or_unconfirmed,0
WX6026,2,1,2,2,2,benign_or_unconfirmed,0
WX6027,4,3,4,3,4,benign_or_unconfirmed,0
WX6028,2,1,2,2,2,benign_or_unconfirmed,0
WX6029,4,3,4,3,4,benign_or_unconfirmed,0
WX6030,2,1,2,2,2,benign_or_unconfirmed,0
WX6031,4,3,4,3,4,benign_or_unconfirmed,0
WX6032,2,1,2,2,2,benign_or_unconfirmed,0
WX6033,4,3,4,3,4,benign_or_unconfirmed,0
WX6034,2,1,2,2,2,benign_or_unconfirmed,0
WX6035,4,3,4,3,4,benign_or_unconfirmed,0
WX6036,2,1,2,2,2,benign_or_unconfirmed,0
WX6037,4,3,4,3,4,benign_or_unconfirmed,0
WX6038,2,1,2,2,2,benign_or_unconfirmed,0
test_so52,4,2,3,3,3,benign_or_unconfirmed,0
WX6040,2,1,2,2,2,benign_or_unconfirmed,0
test_si53,0,1,1,1,1,benign_or_unconfirmed,0
WX6041,4,3,4,2,4,benign_or_unconfirmed,0
WX6042,2,1,2,2,2,benign_or_unconfirmed,0
WX6043,4,3,4,2,4,benign_or_unconfirmed,0
WX6044,2,1,2,2,2,benign_or_unconfirmed,0
WX6045,4,3,4,2,4,benign_or_unconfirmed,0
WX6046,2,1,2,2,2,benign_or_unconfirmed,0
WX6047,4,3,4,2,4,benign_or_unconfirmed,0
WX6048,2,1,2,2,2,benign_or_unconfirmed,0
WX6049,4,3,4,3,4,benign_or_unconfirmed,0
WX6050,2,1,2,2,2,benign_or_unconfirmed,0
WX6051,4,3,4,2,4,benign_or_unconfirmed,0
WX6052,2,1,2,2,2,benign_or_unconfirmed,0
WX6053,4,3,4,2,4,benign_or_unconfirmed,0
WX6054,2,1,2,2,2,benign_or_unconfirmed,0
WX6055,4,3,4,2,4,benign_or_unconfirmed,0
WX6056,2,1,2,2,2,benign_or_unconfirmed,0
WX6057,4,3,4,2,4,benign_or_unconfirmed,0
WX6058,2,1,2,2,2,benign_or_unconfirmed,0
WX6059,4,3,4,2,4,benign_or_unconfirmed,0
WX6060,2,1,2,2,2,benign_or_unconfirmed,0
WX6061,4,3,4,2,4,benign_or_unconfirmed,0
WX6062,2,1,2,2,2,benign_or_unconfirmed,0
WX6063,4,3,4,3,4,benign_or_unconfirmed,0
WX6064,2,1,2,2,2,benign_or_unconfirmed,0
WX6065,4,3,4,2,4,benign_or_unconfirmed,0
WX6066,2,1,2,2,2,benign_or_unconfirmed,0
WX6067,4,3,4,2,4,benign_or_unconfirmed,0
WX6068,2,1,2,2,2,benign_or_unconfirmed,0
WX6069,4,3,4,2,4,benign_or_unconfirmed,0
WX6070,2,1,2,2,2,benign_or_unconfirmed,0
WX6071,4,3,4,2,4,benign_or_unconfirmed,0
WX6436,2,1,2,2,2,benign_or_unconfirmed,0
CRC_OUT_5_0,0,2,2,2,2,benign_or_unconfirmed,0
DFF_928_n1,5,1,2,2,2,benign_or_unconfirmed,0
WX6438,2,1,2,2,2,benign_or_unconfirmed,0
test_si54,0,1,1,1,1,benign_or_unconfirmed,0
CRC_OUT_5_1,0,3,3,2,3,benign_or_unconfirmed,0
DFF_929_n1,5,1,2,2,2,benign_or_unconfirmed,0
WX6440,2,1,2,2,2,benign_or_unconfirmed,0
CRC_OUT_5_2,0,3,3,2,3,benign_or_unconfirmed,0
DFF_930_n1,5,1,2,2,2,benign_or_unconfirmed,0
WX6442,2,1,2,2,2,benign_or_unconfirmed,0
CRC_OUT_5_3,0,3,3,2,3,benign_or_unconfirmed,0
DFF_931_n1,5,1,2,2,2,benign_or_unconfirmed,0
WX6444,2,1,2,2,2,benign_or_unconfirmed,0
CRC_OUT_5_4,0,3,3,2,3,benign_or_unconfirmed,0
DFF_932_n1,5,1,2,2,2,benign_or_unconfirmed,0
WX6446,2,1,2,2,2,benign_or_unconfirmed,0
CRC_OUT_5_5,0,3,3,2,3,benign_or_unconfirmed,0
DFF_933_n1,5,1,2,2,2,benign_or_unconfirmed,0
WX6448,2,1,2,2,2,benign_or_unconfirmed,0
CRC_OUT_5_6,0,3,3,2,3,benign_or_unconfirmed,0
DFF_934_n1,5,1,2,2,2,benign_or_unconfirmed,0
WX6450,2,1,2,2,2,benign_or_unconfirmed,0
CRC_OUT_5_7,0,3,3,2,3,benign_or_unconfirmed,0
DFF_935_n1,5,1,2,2,2,benign_or_unconfirmed,0
WX6452,2,1,2,2,2,benign_or_unconfirmed,0
CRC_OUT_5_8,0,3,3,2,3,benign_or_unconfirmed,0
DFF_936_n1,5,1,2,2,2,benign_or_unconfirmed,0
WX6454,2,1,2,2,2,benign_or_unconfirmed,0
CRC_OUT_5_9,0,3,3,2,3,benign_or_unconfirmed,0
DFF_937_n1,5,1,2,2,2,benign_or_unconfirmed,0
WX6456,2,1,2,2,2,benign_or_unconfirmed,0
CRC_OUT_5_10,0,3,3,2,3,benign_or_unconfirmed,0
DFF_938_n1,5,1,2,2,2,benign_or_unconfirmed,0
WX6458,2,1,2,2,2,benign_or_unconfirmed,0
CRC_OUT_5_11,0,3,3,2,3,benign_or_unconfirmed,0
DFF_939_n1,5,1,2,2,2,benign_or_unconfirmed,0
WX6460,2,1,2,2,2,benign_or_unconfirmed,0
CRC_OUT_5_12,0,3,3,2,3,benign_or_unconfirmed,0
DFF_940_n1,5,1,2,2,2,benign_or_unconfirmed,0
WX6462,2,1,2,2,2,benign_or_unconfirmed,0
CRC_OUT_5_13,0,3,3,2,3,benign_or_unconfirmed,0
DFF_941_n1,5,1,2,2,2,benign_or_unconfirmed,0
WX6464,2,1,2,2,2,benign_or_unconfirmed,0
CRC_OUT_5_14,0,3,3,2,3,benign_or_unconfirmed,0
DFF_942_n1,5,1,2,2,2,benign_or_unconfirmed,0
WX6466,2,1,2,2,2,benign_or_unconfirmed,0
CRC_OUT_5_15,0,3,3,2,3,benign_or_unconfirmed,0
DFF_943_n1,5,1,2,2,2,benign_or_unconfirmed,0
WX6468,2,1,2,2,2,benign_or_unconfirmed,0
CRC_OUT_5_16,0,3,3,2,3,benign_or_unconfirmed,0
DFF_944_n1,5,1,2,2,2,benign_or_unconfirmed,0
WX6470,2,1,2,2,2,benign_or_unconfirmed,0
CRC_OUT_5_17,0,2,2,2,2,benign_or_unconfirmed,0
DFF_945_n1,5,1,2,2,2,benign_or_unconfirmed,0
WX6472,2,1,2,2,2,benign_or_unconfirmed,0
test_si55,0,1,1,1,1,benign_or_unconfirmed,0
CRC_OUT_5_18,0,3,3,2,3,benign_or_unconfirmed,0
DFF_946_n1,5,1,2,2,2,benign_or_unconfirmed,0
WX6474,2,1,2,2,2,benign_or_unconfirmed,0
CRC_OUT_5_19,0,3,3,2,3,benign_or_unconfirmed,0
DFF_947_n1,5,1,2,2,2,benign_or_unconfirmed,0
WX6476,2,1,2,2,2,trigger_tap,1
CRC_OUT_5_20,0,3,3,2,3,benign_or_unconfirmed,0
DFF_948_n1,5,1,2,2,2,benign_or_unconfirmed,0
WX6478,2,1,2,2,2,benign_or_unconfirmed,0
CRC_OUT_5_21,0,3,3,2,3,benign_or_unconfirmed,0
DFF_949_n1,5,1,2,2,2,benign_or_unconfirmed,0
WX6480,2,1,2,2,2,benign_or_unconfirmed,0
CRC_OUT_5_22,0,3,3,2,3,benign_or_unconfirmed,0
DFF_950_n1,5,1,2,2,2,benign_or_unconfirmed,0
WX6482,2,1,2,2,2,benign_or_unconfirmed,0
CRC_OUT_5_23,0,3,3,2,3,benign_or_unconfirmed,0
DFF_951_n1,5,1,2,2,2,benign_or_unconfirmed,0
WX6484,2,1,2,2,2,benign_or_unconfirmed,0
CRC_OUT_5_24,0,3,3,2,3,benign_or_unconfirmed,0
DFF_952_n1,5,1,2,2,2,benign_or_unconfirmed,0
WX6486,2,1,2,2,2,benign_or_unconfirmed,0
CRC_OUT_5_25,0,3,3,2,3,benign_or_unconfirmed,0
DFF_953_n1,5,1,2,2,2,benign_or_unconfirmed,0
WX6488,2,1,2,2,2,benign_or_unconfirmed,0
CRC_OUT_5_26,0,3,3,2,3,benign_or_unconfirmed,0
DFF_954_n1,5,1,2,2,2,benign_or_unconfirmed,0
WX6490,2,1,2,2,2,benign_or_unconfirmed,0
CRC_OUT_5_27,0,3,3,2,3,benign_or_unconfirmed,0
DFF_955_n1,5,1,2,2,2,benign_or_unconfirmed,0
WX6492,2,1,2,2,2,benign_or_unconfirmed,0
CRC_OUT_5_28,0,3,3,2,3,benign_or_unconfirmed,0
DFF_956_n1,5,1,2,2,2,benign_or_unconfirmed,0
WX6494,2,1,2,2,2,benign_or_unconfirmed,0
CRC_OUT_5_29,0,3,3,2,3,benign_or_unconfirmed,0
DFF_957_n1,5,1,2,2,2,benign_or_unconfirmed,0
WX6496,2,1,2,2,2,benign_or_unconfirmed,0
CRC_OUT_5_30,0,3,3,2,3,benign_or_unconfirmed,0
DFF_958_n1,5,1,2,2,2,benign_or_unconfirmed,0
WX6498,2,1,2,2,2,benign_or_unconfirmed,0
CRC_OUT_5_31,0,6,6,3,6,benign_or_unconfirmed,0
DFF_959_n1,5,1,2,2,2,benign_or_unconfirmed,0
WX6949,2,2,3,3,3,benign_or_unconfirmed,0
WX6950,4,3,4,3,4,benign_or_unconfirmed,0
WX6951,2,2,3,3,3,benign_or_unconfirmed,0
n8470,0,2,2,1,2,benign_or_unconfirmed,0
n3909,5,1,2,2,2,benign_or_unconfirmed,0
WX6953,2,2,3,3,3,benign_or_unconfirmed,0
test_so55,0,1,1,1,1,benign_or_unconfirmed,0
n3908,5,1,2,2,2,benign_or_unconfirmed,0
WX6955,2,2,3,3,3,benign_or_unconfirmed,0
test_si56,0,1,1,1,1,benign_or_unconfirmed,0
n8467,0,2,2,1,2,benign_or_unconfirmed,0
n3907,5,1,2,2,2,benign_or_unconfirmed,0
WX6957,2,2,3,3,3,benign_or_unconfirmed,0
n8466,0,2,2,1,2,benign_or_unconfirmed,0
n3906,5,1,2,2,2,benign_or_unconfirmed,0
WX6959,2,2,3,3,3,benign_or_unconfirmed,0
n8465,0,2,2,1,2,benign_or_unconfirmed,0
n3905,5,1,2,2,2,benign_or_unconfirmed,0
WX6961,2,2,3,3,3,benign_or_unconfirmed,0
n8464,0,2,2,1,2,benign_or_unconfirmed,0
n3904,5,1,2,2,2,benign_or_unconfirmed,0
WX6963,2,2,3,3,3,benign_or_unconfirmed,0
n8463,0,2,2,1,2,benign_or_unconfirmed,0
n3903,5,1,2,2,2,benign_or_unconfirmed,0
WX6965,2,2,3,3,3,benign_or_unconfirmed,0
n8462,0,2,2,1,2,benign_or_unconfirmed,0
n3902,5,1,2,2,2,benign_or_unconfirmed,0
WX6967,2,2,3,3,3,benign_or_unconfirmed,0
n8461,0,2,2,1,2,benign_or_unconfirmed,0
n3901,5,1,2,2,2,benign_or_unconfirmed,0
WX6969,2,2,3,3,3,benign_or_unconfirmed,0
n8460,0,2,2,1,2,benign_or_unconfirmed,0
n3900,5,1,2,2,2,benign_or_unconfirmed,0
WX6971,2,2,3,3,3,benign_or_unconfirmed,0
n8459,0,2,2,1,2,benign_or_unconfirmed,0
n3899,5,1,2,2,2,benign_or_unconfirmed,0
WX6973,2,2,3,3,3,benign_or_unconfirmed,0
n8458,0,2,2,1,2,benign_or_unconfirmed,0
n3898,5,1,2,2,2,benign_or_unconfirmed,0
WX6975,2,2,3,3,3,benign_or_unconfirmed,0
n8457,0,2,2,1,2,benign_or_unconfirmed,0
n3897,5,1,2,2,2,benign_or_unconfirmed,0
WX6977,2,2,3,3,3,benign_or_unconfirmed,0
n8456,0,2,2,1,2,benign_or_unconfirmed,0
n3896,5,1,2,2,2,benign_or_unconfirmed,0
WX6979,2,2,3,3,3,benign_or_unconfirmed,0
n8455,0,2,2,1,2,benign_or_unconfirmed,0
n3895,5,1,2,2,2,benign_or_unconfirmed,0
WX6981,2,2,3,3,3,benign_or_unconfirmed,0
n8454,0,2,2,1,2,benign_or_unconfirmed,0
n3894,5,1,2,2,2,benign_or_unconfirmed,0
WX6983,2,2,3,3,3,benign_or_unconfirmed,0
n8453,0,2,2,1,2,benign_or_unconfirmed,0
n3893,5,1,2,2,2,benign_or_unconfirmed,0
WX6985,2,2,3,3,3,benign_or_unconfirmed,0
n8452,0,2,2,1,2,benign_or_unconfirmed,0
n3892,5,1,2,2,2,benign_or_unconfirmed,0
WX6987,2,2,3,3,3,benign_or_unconfirmed,0
test_so56,0,1,1,1,1,benign_or_unconfirmed,0
n3891,5,1,2,2,2,benign_or_unconfirmed,0
WX6989,2,2,3,3,3,benign_or_unconfirmed,0
test_si57,0,1,1,1,1,benign_or_unconfirmed,0
n8449,0,2,2,1,2,benign_or_unconfirmed,0
n3890,5,1,2,2,2,benign_or_unconfirmed,0
WX6991,2,2,3,3,3,benign_or_unconfirmed,0
n8448,0,2,2,1,2,benign_or_unconfirmed,0
n3889,5,1,2,2,2,benign_or_unconfirmed,0
WX6993,2,2,3,3,3,benign_or_unconfirmed,0
n8447,0,2,2,1,2,benign_or_unconfirmed,0
n3888,5,1,2,2,2,benign_or_unconfirmed,0
WX6995,2,2,3,3,3,benign_or_unconfirmed,0
n8446,0,2,2,1,2,benign_or_unconfirmed,0
n3887,5,1,2,2,2,benign_or_unconfirmed,0
WX6997,2,2,3,3,3,benign_or_unconfirmed,0
n8445,0,2,2,1,2,benign_or_unconfirmed,0
n3886,5,1,2,2,2,benign_or_unconfirmed,0
WX6999,2,2,3,3,3,benign_or_unconfirmed,0
n8444,0,2,2,1,2,benign_or_unconfirmed,0
n3885,5,1,2,2,2,benign_or_unconfirmed,0
WX7001,2,2,3,3,3,benign_or_unconfirmed,0
n8443,0,2,2,1,2,benign_or_unconfirmed,0
n3884,5,1,2,2,2,benign_or_unconfirmed,0
WX7003,2,2,3,3,3,benign_or_unconfirmed,0
n8442,0,2,2,1,2,benign_or_unconfirmed,0
n3883,5,1,2,2,2,benign_or_unconfirmed,0
WX7005,2,2,3,3,3,benign_or_unconfirmed,0
n8441,0,2,2,1,2,benign_or_unconfirmed,0
n3882,5,1,2,2,2,benign_or_unconfirmed,0
WX7007,2,2,3,3,3,benign_or_unconfirmed,0
n8440,0,2,2,1,2,benign_or_unconfirmed,0
n3881,5,1,2,2,2,benign_or_unconfirmed,0
WX7009,2,2,3,3,3,benign_or_unconfirmed,0
n8439,0,2,2,1,2,benign_or_unconfirmed,0
n3880,5,1,2,2,2,benign_or_unconfirmed,0
WX7011,2,1,2,2,2,benign_or_unconfirmed,0
n8438,0,2,2,1,2,benign_or_unconfirmed,0
n3879,5,1,2,2,2,benign_or_unconfirmed,0
WX7109,5,1,2,2,2,benign_or_unconfirmed,0
n8437,0,2,2,1,2,benign_or_unconfirmed,0
n3341,5,2,3,3,3,benign_or_unconfirmed,0
WX7111,5,1,2,2,2,benign_or_unconfirmed,0
n8436,0,2,2,1,2,benign_or_unconfirmed,0
n3405,5,2,3,3,3,benign_or_unconfirmed,0
WX7113,5,1,2,2,2,benign_or_unconfirmed,0
n8435,0,2,2,1,2,benign_or_unconfirmed,0
n3404,5,2,3,3,3,benign_or_unconfirmed,0
WX7115,5,1,2,2,2,benign_or_unconfirmed,0
n8434,0,2,2,1,2,benign_or_unconfirmed,0
n3403,5,2,3,3,3,benign_or_unconfirmed,0
WX7117,5,1,2,2,2,benign_or_unconfirmed,0
test_so57,0,1,1,1,1,benign_or_unconfirmed,0
n3402,5,2,3,3,3,benign_or_unconfirmed,0
WX7119,5,1,2,2,2,benign_or_unconfirmed,0
test_si58,0,1,1,1,1,benign_or_unconfirmed,0
n8431,0,2,2,1,2,benign_or_unconfirmed,0
n3401,5,2,3,3,3,benign_or_unconfirmed,0
WX7121,5,1,2,2,2,benign_or_unconfirmed,0
n8430,0,2,2,1,2,benign_or_unconfirmed,0
n3400,5,2,3,3,3,benign_or_unconfirmed,0
WX7123,5,1,2,2,2,benign_or_unconfirmed,0
n8429,0,2,2,1,2,benign_or_unconfirmed,0
n3399,5,2,3,3,3,benign_or_unconfirmed,0
WX7125,5,1,2,2,2,benign_or_unconfirmed,0
n8428,0,2,2,1,2,benign_or_unconfirmed,0
n3398,5,2,3,3,3,benign_or_unconfirmed,0
WX7127,5,1,2,2,2,benign_or_unconfirmed,0
n8427,0,2,2,1,2,benign_or_unconfirmed,0
n3397,5,2,3,3,3,benign_or_unconfirmed,0
WX7129,5,1,2,2,2,benign_or_unconfirmed,0
n8426,0,2,2,1,2,benign_or_unconfirmed,0
n3396,5,2,3,3,3,benign_or_unconfirmed,0
WX7131,5,1,2,2,2,benign_or_unconfirmed,0
n8425,0,2,2,1,2,benign_or_unconfirmed,0
n3395,5,2,3,3,3,benign_or_unconfirmed,0
WX7133,5,1,2,2,2,benign_or_unconfirmed,0
n8424,0,2,2,1,2,benign_or_unconfirmed,0
n3394,5,2,3,3,3,benign_or_unconfirmed,0
WX7135,5,1,2,2,2,benign_or_unconfirmed,0
n8423,0,2,2,1,2,benign_or_unconfirmed,0
n3393,5,2,3,3,3,benign_or_unconfirmed,0
WX7137,5,1,2,2,2,benign_or_unconfirmed,0
n8422,0,2,2,1,2,benign_or_unconfirmed,0
n3392,5,2,3,3,3,benign_or_unconfirmed,0
WX7139,5,1,2,2,2,benign_or_unconfirmed,0
n8421,0,2,2,1,2,benign_or_unconfirmed,0
n3391,5,2,3,3,3,benign_or_unconfirmed,0
WX7141,5,1,2,2,2,benign_or_unconfirmed,0
WX7142,4,3,4,3,4,benign_or_unconfirmed,0
WX7143,5,1,2,2,2,benign_or_unconfirmed,0
WX7144,4,3,4,3,4,benign_or_unconfirmed,0
WX7145,5,1,2,2,2,benign_or_unconfirmed,0
WX7146,4,3,4,3,4,benign_or_unconfirmed,0
WX7147,5,1,2,2,2,benign_or_unconfirmed,0
WX7148,4,3,4,3,4,benign_or_unconfirmed,0
WX7149,5,1,2,2,2,benign_or_unconfirmed,0
WX7150,4,3,4,3,4,benign_or_unconfirmed,0
WX7151,5,1,2,2,2,benign_or_unconfirmed,0
test_so58,4,2,3,3,3,benign_or_unconfirmed,0
WX7153,5,1,2,2,2,benign_or_unconfirmed,0
test_si59,0,1,1,1,1,benign_or_unconfirmed,0
WX7154,4,3,4,3,4,benign_or_unconfirmed,0
WX7155,5,1,2,2,2,benign_or_unconfirmed,0
WX7156,4,3,4,3,4,benign_or_unconfirmed,0
WX7157,5,1,2,2,2,benign_or_unconfirmed,0
WX7158,4,3,4,3,4,benign_or_unconfirmed,0
WX7159,5,1,2,2,2,benign_or_unconfirmed,0
WX7160,4,3,4,3,4,benign_or_unconfirmed,0
WX7161,5,1,2,2,2,benign_or_unconfirmed,0
WX7162,4,3,4,3,4,benign_or_unconfirmed,0
WX7163,5,1,2,2,2,benign_or_unconfirmed,0
WX7164,4,3,4,3,4,benign_or_unconfirmed,0
WX7165,5,1,2,2,2,benign_or_unconfirmed,0
WX7166,4,3,4,3,4,benign_or_unconfirmed,0
WX7167,5,1,2,2,2,benign_or_unconfirmed,0
WX7168,4,3,4,3,4,benign_or_unconfirmed,0
WX7169,5,1,2,2,2,benign_or_unconfirmed,0
WX7170,4,3,4,3,4,benign_or_unconfirmed,0
WX7171,5,1,2,2,2,benign_or_unconfirmed,0
WX7172,4,3,4,3,4,benign_or_unconfirmed,0
WX7173,2,1,2,2,2,benign_or_unconfirmed,0
WX7174,4,3,4,3,4,benign_or_unconfirmed,0
WX7175,2,1,2,2,2,benign_or_unconfirmed,0
WX7176,4,3,4,3,4,benign_or_unconfirmed,0
WX7177,2,1,2,2,2,benign_or_unconfirmed,0
WX7178,4,3,4,3,4,benign_or_unconfirmed,0
WX7179,2,1,2,2,2,benign_or_unconfirmed,0
WX7180,4,3,4,3,4,benign_or_unconfirmed,0
WX7181,2,1,2,2,2,benign_or_unconfirmed,0
WX7182,4,3,4,3,4,benign_or_unconfirmed,0
WX7183,2,1,2,2,2,benign_or_unconfirmed,0
WX7184,4,3,4,3,4,benign_or_unconfirmed,0
WX7185,2,1,2,2,2,benign_or_unconfirmed,0
test_so59,4,2,3,3,3,benign_or_unconfirmed,0
WX7187,2,1,2,2,2,benign_or_unconfirmed,0
test_si60,0,1,1,1,1,benign_or_unconfirmed,0
WX7188,4,3,4,3,4,benign_or_unconfirmed,0
WX7189,2,1,2,2,2,benign_or_unconfirmed,0
WX7190,4,3,4,3,4,benign_or_unconfirmed,0
WX7191,2,1,2,2,2,benign_or_unconfirmed,0
WX7192,4,3,4,3,4,benign_or_unconfirmed,0
WX7193,2,1,2,2,2,benign_or_unconfirmed,0
WX7194,4,3,4,3,4,benign_or_unconfirmed,0
WX7195,2,1,2,2,2,benign_or_unconfirmed,0
WX7196,4,3,4,3,4,benign_or_unconfirmed,0
WX7197,2,1,2,2,2,benign_or_unconfirmed,0
WX7198,4,3,4,3,4,benign_or_unconfirmed,0
WX7199,2,1,2,2,2,benign_or_unconfirmed,0
WX7200,4,3,4,3,4,benign_or_unconfirmed,0
WX7201,2,1,2,2,2,benign_or_unconfirmed,0
WX7202,4,3,4,3,4,benign_or_unconfirmed,0
WX7203,2,1,2,2,2,benign_or_unconfirmed,0
WX7204,4,3,4,3,4,benign_or_unconfirmed,0
WX7205,2,1,2,2,2,benign_or_unconfirmed,0
WX7206,0,3,3,2,3,benign_or_unconfirmed,0
n3657,5,1,2,2,2,benign_or_unconfirmed,0
WX7207,2,1,2,2,2,benign_or_unconfirmed,0
WX7208,0,3,3,2,3,benign_or_unconfirmed,0
n3655,5,1,2,2,2,benign_or_unconfirmed,0
WX7209,2,1,2,2,2,benign_or_unconfirmed,0
WX7210,0,3,3,2,3,benign_or_unconfirmed,0
n3653,5,1,2,2,2,benign_or_unconfirmed,0
WX7211,2,1,2,2,2,benign_or_unconfirmed,0
WX7212,0,3,3,2,3,benign_or_unconfirmed,0
n3651,5,1,2,2,2,benign_or_unconfirmed,0
WX7213,2,1,2,2,2,benign_or_unconfirmed,0
WX7214,0,3,3,2,3,benign_or_unconfirmed,0
n3649,5,1,2,2,2,benign_or_unconfirmed,0
WX7215,2,1,2,2,2,benign_or_unconfirmed,0
WX7216,0,3,3,2,3,benign_or_unconfirmed,0
n3647,5,1,2,2,2,benign_or_unconfirmed,0
WX7217,2,1,2,2,2,benign_or_unconfirmed,0
WX7218,0,3,3,2,3,benign_or_unconfirmed,0
n3645,5,1,2,2,2,benign_or_unconfirmed,0
WX7219,2,1,2,2,2,benign_or_unconfirmed,0
test_so60,0,2,2,2,2,benign_or_unconfirmed,0
n3643,5,1,2,2,2,benign_or_unconfirmed,0
WX7221,2,1,2,2,2,benign_or_unconfirmed,0
test_si61,0,1,1,1,1,benign_or_unconfirmed,0
WX7222,0,3,3,2,3,benign_or_unconfirmed,0
n3641,5,1,2,2,2,benign_or_unconfirmed,0
WX7223,2,1,2,2,2,benign_or_unconfirmed,0
WX7224,0,3,3,2,3,benign_or_unconfirmed,0
n3639,5,1,2,2,2,benign_or_unconfirmed,0
WX7225,2,1,2,2,2,benign_or_unconfirmed,0
WX7226,0,3,3,2,3,benign_or_unconfirmed,0
n3637,5,1,2,2,2,benign_or_unconfirmed,0
WX7227,2,1,2,2,2,benign_or_unconfirmed,0
WX7228,0,3,3,2,3,benign_or_unconfirmed,0
n3635,5,1,2,2,2,benign_or_unconfirmed,0
WX7229,2,1,2,2,2,benign_or_unconfirmed,0
WX7230,0,3,3,2,3,benign_or_unconfirmed,0
n3633,5,1,2,2,2,benign_or_unconfirmed,0
WX7231,2,1,2,2,2,benign_or_unconfirmed,0
WX7232,0,3,3,2,3,benign_or_unconfirmed,0
n3631,5,1,2,2,2,benign_or_unconfirmed,0
WX7233,2,1,2,2,2,benign_or_unconfirmed,0
WX7234,0,3,3,2,3,benign_or_unconfirmed,0
n3629,5,1,2,2,2,benign_or_unconfirmed,0
WX7235,2,1,2,2,2,benign_or_unconfirmed,0
WX7236,0,3,3,2,3,benign_or_unconfirmed,0
n3627,5,1,2,2,2,benign_or_unconfirmed,0
WX7237,2,1,2,2,2,benign_or_unconfirmed,0
WX7238,4,3,4,3,4,benign_or_unconfirmed,0
WX7239,2,1,2,2,2,benign_or_unconfirmed,0
WX7240,4,3,4,3,4,benign_or_unconfirmed,0
WX7241,2,1,2,2,2,benign_or_unconfirmed,0
WX7242,4,3,4,3,4,benign_or_unconfirmed,0
WX7243,2,1,2,2,2,benign_or_unconfirmed,0
WX7244,4,3,4,3,4,benign_or_unconfirmed,0
WX7245,2,1,2,2,2,benign_or_unconfirmed,0
WX7246,4,3,4,3,4,benign_or_unconfirmed,0
WX7247,2,1,2,2,2,benign_or_unconfirmed,0
WX7248,4,3,4,3,4,benign_or_unconfirmed,0
WX7249,2,1,2,2,2,trigger_tap,1
WX7250,4,3,4,3,4,benign_or_unconfirmed,0
WX7251,2,1,2,2,2,benign_or_unconfirmed,0
WX7252,4,3,4,3,4,benign_or_unconfirmed,0
WX7253,2,1,2,2,2,benign_or_unconfirmed,0
test_so61,4,2,3,3,3,benign_or_unconfirmed,0
WX7255,2,1,2,2,2,benign_or_unconfirmed,0
test_si62,0,1,1,1,1,benign_or_unconfirmed,0
WX7256,4,3,4,3,4,benign_or_unconfirmed,0
WX7257,2,1,2,2,2,benign_or_unconfirmed,0
WX7258,4,3,4,3,4,benign_or_unconfirmed,0
WX7259,2,1,2,2,2,benign_or_unconfirmed,0
WX7260,4,3,4,3,4,benign_or_unconfirmed,0
WX7261,2,1,2,2,2,benign_or_unconfirmed,0
WX7262,4,3,4,3,4,benign_or_unconfirmed,0
WX7263,2,1,2,2,2,benign_or_unconfirmed,0
WX7264,4,3,4,3,4,benign_or_unconfirmed,0
WX7265,2,1,2,2,2,benign_or_unconfirmed,0
WX7266,4,3,4,3,4,benign_or_unconfirmed,0
WX7267,2,1,2,2,2,benign_or_unconfirmed,0
WX7268,4,3,4,3,4,benign_or_unconfirmed,0
WX7269,2,1,2,2,2,benign_or_unconfirmed,0
WX7270,4,3,4,3,4,benign_or_unconfirmed,0
WX7271,2,1,2,2,2,benign_or_unconfirmed,0
WX7272,4,3,4,3,4,benign_or_unconfirmed,0
WX7273,2,1,2,2,2,benign_or_unconfirmed,0
WX7274,4,3,4,3,4,benign_or_unconfirmed,0
WX7275,2,1,2,2,2,benign_or_unconfirmed,0
WX7276,4,3,4,3,4,benign_or_unconfirmed,0
WX7277,2,1,2,2,2,benign_or_unconfirmed,0
WX7278,4,3,4,3,4,benign_or_unconfirmed,0
WX7279,2,1,2,2,2,benign_or_unconfirmed,0
WX7280,4,3,4,3,4,benign_or_unconfirmed,0
WX7281,2,1,2,2,2,benign_or_unconfirmed,0
WX7282,4,3,4,3,4,benign_or_unconfirmed,0
WX7283,2,1,2,2,2,benign_or_unconfirmed,0
WX7284,4,3,4,3,4,benign_or_unconfirmed,0
WX7285,2,1,2,2,2,benign_or_unconfirmed,0
WX7286,4,3,4,3,4,benign_or_unconfirmed,0
WX7287,2,1,2,2,2,benign_or_unconfirmed,0
test_so62,4,2,3,3,3,benign_or_unconfirmed,0
WX7289,2,1,2,2,2,benign_or_unconfirmed,0
test_si63,0,1,1,1,1,benign_or_unconfirmed,0
WX7290,4,3,4,3,4,benign_or_unconfirmed,0
WX7291,2,1,2,2,2,benign_or_unconfirmed,0
WX7292,4,3,4,3,4,benign_or_unconfirmed,0
WX7293,2,1,2,2,2,benign_or_unconfirmed,0
WX7294,4,3,4,3,4,benign_or_unconfirmed,0
WX7295,2,1,2,2,2,benign_or_unconfirmed,0
WX7296,4,3,4,3,4,benign_or_unconfirmed,0
WX7297,2,1,2,2,2,benign_or_unconfirmed,0
WX7298,4,3,4,3,4,benign_or_unconfirmed,0
WX7299,2,1,2,2,2,benign_or_unconfirmed,0
WX7300,4,3,4,3,4,benign_or_unconfirmed,0
WX7301,2,1,2,2,2,benign_or_unconfirmed,0
WX7302,4,3,4,3,4,benign_or_unconfirmed,0
WX7303,2,1,2,2,2,benign_or_unconfirmed,0
WX7304,4,3,4,3,4,benign_or_unconfirmed,0
WX7305,2,1,2,2,2,benign_or_unconfirmed,0
WX7306,4,3,4,3,4,benign_or_unconfirmed,0
WX7307,2,1,2,2,2,benign_or_unconfirmed,0
WX7308,4,3,4,3,4,benign_or_unconfirmed,0
WX7309,2,1,2,2,2,benign_or_unconfirmed,0
WX7310,4,3,4,3,4,benign_or_unconfirmed,0
WX7311,2,1,2,2,2,benign_or_unconfirmed,0
WX7312,4,3,4,3,4,benign_or_unconfirmed,0
WX7313,2,1,2,2,2,benign_or_unconfirmed,0
WX7314,4,3,4,3,4,benign_or_unconfirmed,0
WX7315,2,1,2,2,2,benign_or_unconfirmed,0
WX7316,4,3,4,3,4,benign_or_unconfirmed,0
WX7317,2,1,2,2,2,benign_or_unconfirmed,0
WX7318,4,3,4,3,4,benign_or_unconfirmed,0
WX7319,2,1,2,2,2,benign_or_unconfirmed,0
WX7320,4,3,4,3,4,benign_or_unconfirmed,0
WX7321,2,1,2,2,2,benign_or_unconfirmed,0
test_so63,4,2,3,3,3,benign_or_unconfirmed,0
WX7323,2,1,2,2,2,benign_or_unconfirmed,0
test_si64,0,1,1,1,1,benign_or_unconfirmed,0
WX7324,4,3,4,3,4,benign_or_unconfirmed,0
WX7325,2,1,2,2,2,benign_or_unconfirmed,0
WX7326,4,3,4,3,4,benign_or_unconfirmed,0
WX7327,2,1,2,2,2,benign_or_unconfirmed,0
WX7328,4,3,4,3,4,benign_or_unconfirmed,0
WX7329,2,1,2,2,2,benign_or_unconfirmed,0
WX7330,4,3,4,3,4,benign_or_unconfirmed,0
WX7331,2,1,2,2,2,benign_or_unconfirmed,0
WX7332,4,3,4,3,4,benign_or_unconfirmed,0
WX7333,2,1,2,2,2,benign_or_unconfirmed,0
WX7334,4,3,4,2,4,benign_or_unconfirmed,0
WX7335,2,1,2,2,2,benign_or_unconfirmed,0
WX7336,4,3,4,2,4,benign_or_unconfirmed,0
WX7337,2,1,2,2,2,benign_or_unconfirmed,0
WX7338,4,3,4,2,4,benign_or_unconfirmed,0
WX7339,2,1,2,2,2,benign_or_unconfirmed,0
WX7340,4,3,4,2,4,benign_or_unconfirmed,0
WX7341,2,1,2,2,2,benign_or_unconfirmed,0
WX7342,4,3,4,3,4,benign_or_unconfirmed,0
WX7343,2,1,2,2,2,benign_or_unconfirmed,0
WX7344,4,3,4,2,4,benign_or_unconfirmed,0
WX7345,2,1,2,2,2,benign_or_unconfirmed,0
WX7346,4,3,4,2,4,benign_or_unconfirmed,0
WX7347,2,1,2,2,2,benign_or_unconfirmed,0
WX7348,4,3,4,2,4,benign_or_unconfirmed,0
WX7349,2,1,2,2,2,benign_or_unconfirmed,0
WX7350,4,3,4,2,4,benign_or_unconfirmed,0
WX7351,2,1,2,2,2,benign_or_unconfirmed,0
WX7352,4,3,4,2,4,benign_or_unconfirmed,0
WX7353,2,1,2,2,2,benign_or_unconfirmed,0
WX7354,4,3,4,2,4,benign_or_unconfirmed,0
WX7355,2,1,2,2,2,benign_or_unconfirmed,0
test_so64,4,2,3,3,3,benign_or_unconfirmed,0
WX7357,2,1,2,2,2,benign_or_unconfirmed,0
test_si65,0,1,1,1,1,benign_or_unconfirmed,0
WX7358,4,3,4,2,4,benign_or_unconfirmed,0
WX7359,2,1,2,2,2,benign_or_unconfirmed,0
WX7360,4,3,4,2,4,benign_or_unconfirmed,0
WX7361,2,1,2,2,2,benign_or_unconfirmed,0
WX7362,4,3,4,2,4,benign_or_unconfirmed,0
WX7363,2,1,2,2,2,benign_or_unconfirmed,0
WX7364,4,3,4,2,4,benign_or_unconfirmed,0
WX7729,2,1,2,2,2,benign_or_unconfirmed,0
CRC_OUT_4_0,0,3,3,2,3,benign_or_unconfirmed,0
DFF_1120_n1,5,1,2,2,2,benign_or_unconfirmed,0
WX7731,2,1,2,2,2,benign_or_unconfirmed,0
CRC_OUT_4_1,0,3,3,2,3,benign_or_unconfirmed,0
DFF_1121_n1,5,1,2,2,2,benign_or_unconfirmed,0
WX7733,2,1,2,2,2,benign_or_unconfirmed,0
CRC_OUT_4_2,0,3,3,2,3,benign_or_unconfirmed,0
DFF_1122_n1,5,1,2,2,2,benign_or_unconfirmed,0
WX7735,2,1,2,2,2,benign_or_unconfirmed,0
CRC_OUT_4_3,0,3,3,2,3,benign_or_unconfirmed,0
DFF_1123_n1,5,1,2,2,2,benign_or_unconfirmed,0
WX7737,2,1,2,2,2,benign_or_unconfirmed,0
CRC_OUT_4_4,0,3,3,2,3,benign_or_unconfirmed,0
DFF_1124_n1,5,1,2,2,2,benign_or_unconfirmed,0
WX7739,2,1,2,2,2,benign_or_unconfirmed,0
CRC_OUT_4_5,0,3,3,2,3,benign_or_unconfirmed,0
DFF_1125_n1,5,1,2,2,2,benign_or_unconfirmed,0
WX7741,2,1,2,2,2,benign_or_unconfirmed,0
CRC_OUT_4_6,0,3,3,2,3,benign_or_unconfirmed,0
DFF_1126_n1,5,1,2,2,2,benign_or_unconfirmed,0
WX7743,2,1,2,2,2,benign_or_unconfirmed,0
CRC_OUT_4_7,0,3,3,2,3,benign_or_unconfirmed,0
DFF_1127_n1,5,1,2,2,2,benign_or_unconfirmed,0
WX7745,2,1,2,2,2,benign_or_unconfirmed,0
CRC_OUT_4_8,0,3,3,2,3,benign_or_unconfirmed,0
DFF_1128_n1,5,1,2,2,2,benign_or_unconfirmed,0
WX7747,2,1,2,2,2,benign_or_unconfirmed,0
CRC_OUT_4_9,0,3,3,2,3,benign_or_unconfirmed,0
DFF_1129_n1,5,1,2,2,2,benign_or_unconfirmed,0
WX7749,2,1,2,2,2,trigger_tap,1
CRC_OUT_4_10,0,3,3,2,3,benign_or_unconfirmed,0
DFF_1130_n1,5,1,2,2,2,benign_or_unconfirmed,0
WX7751,2,1,2,2,2,benign_or_unconfirmed,0
CRC_OUT_4_11,0,3,3,2,3,benign_or_unconfirmed,0
DFF_1131_n1,5,1,2,2,2,benign_or_unconfirmed,0
WX7753,2,1,2,2,2,benign_or_unconfirmed,0
CRC_OUT_4_12,0,2,2,2,2,benign_or_unconfirmed,0
DFF_1132_n1,5,1,2,2,2,benign_or_unconfirmed,0
WX7755,2,1,2,2,2,benign_or_unconfirmed,0
test_si66,0,1,1,1,1,benign_or_unconfirmed,0
CRC_OUT_4_13,0,3,3,2,3,benign_or_unconfirmed,0
DFF_1133_n1,5,1,2,2,2,benign_or_unconfirmed,0
WX7757,2,1,2,2,2,benign_or_unconfirmed,0
CRC_OUT_4_14,0,3,3,2,3,benign_or_unconfirmed,0
DFF_1134_n1,5,1,2,2,2,benign_or_unconfirmed,0
WX7759,2,1,2,2,2,benign_or_unconfirmed,0
CRC_OUT_4_15,0,3,3,2,3,benign_or_unconfirmed,0
DFF_1135_n1,5,1,2,2,2,benign_or_unconfirmed,0
WX7761,2,1,2,2,2,benign_or_unconfirmed,0
CRC_OUT_4_16,0,3,3,2,3,benign_or_unconfirmed,0
DFF_1136_n1,5,1,2,2,2,benign_or_unconfirmed,0
WX7763,2,1,2,2,2,benign_or_unconfirmed,0
CRC_OUT_4_17,0,3,3,2,3,benign_or_unconfirmed,0
DFF_1137_n1,5,1,2,2,2,benign_or_unconfirmed,0
WX7765,2,1,2,2,2,benign_or_unconfirmed,0
CRC_OUT_4_18,0,3,3,2,3,benign_or_unconfirmed,0
DFF_1138_n1,5,1,2,2,2,benign_or_unconfirmed,0
WX7767,2,1,2,2,2,benign_or_unconfirmed,0
CRC_OUT_4_19,0,3,3,2,3,benign_or_unconfirmed,0
DFF_1139_n1,5,1,2,2,2,benign_or_unconfirmed,0
WX7769,2,1,2,2,2,benign_or_unconfirmed,0
CRC_OUT_4_20,0,3,3,2,3,benign_or_unconfirmed,0
DFF_1140_n1,5,1,2,2,2,benign_or_unconfirmed,0
WX7771,2,1,2,2,2,benign_or_unconfirmed,0
CRC_OUT_4_21,0,3,3,2,3,benign_or_unconfirmed,0
DFF_1141_n1,5,1,2,2,2,benign_or_unconfirmed,0
WX7773,2,1,2,2,2,benign_or_unconfirmed,0
CRC_OUT_4_22,0,3,3,2,3,benign_or_unconfirmed,0
DFF_1142_n1,5,1,2,2,2,benign_or_unconfirmed,0
WX7775,2,1,2,2,2,benign_or_unconfirmed,0
CRC_OUT_4_23,0,3,3,2,3,benign_or_unconfirmed,0
DFF_1143_n1,5,1,2,2,2,benign_or_unconfirmed,0
WX7777,2,1,2,2,2,benign_or_unconfirmed,0
CRC_OUT_4_24,0,3,3,2,3,benign_or_unconfirmed,0
DFF_1144_n1,5,1,2,2,2,benign_or_unconfirmed,0
WX7779,2,1,2,2,2,benign_or_unconfirmed,0
CRC_OUT_4_25,0,3,3,2,3,benign_or_unconfirmed,0
DFF_1145_n1,5,1,2,2,2,benign_or_unconfirmed,0
WX7781,2,1,2,2,2,benign_or_unconfirmed,0
CRC_OUT_4_26,0,3,3,2,3,benign_or_unconfirmed,0
DFF_1146_n1,5,1,2,2,2,benign_or_unconfirmed,0
WX7783,2,1,2,2,2,benign_or_unconfirmed,0
CRC_OUT_4_27,0,3,3,2,3,benign_or_unconfirmed,0
DFF_1147_n1,5,1,2,2,2,benign_or_unconfirmed,0
WX7785,2,1,2,2,2,benign_or_unconfirmed,0
CRC_OUT_4_28,0,3,3,2,3,benign_or_unconfirmed,0
DFF_1148_n1,5,1,2,2,2,benign_or_unconfirmed,0
WX7787,2,1,2,2,2,benign_or_unconfirmed,0
CRC_OUT_4_29,0,2,2,2,2,benign_or_unconfirmed,0
DFF_1149_n1,5,1,2,2,2,benign_or_unconfirmed,0
WX7789,2,1,2,2,2,benign_or_unconfirmed,0
test_si67,0,1,1,1,1,benign_or_unconfirmed,0
CRC_OUT_4_30,0,3,3,2,3,benign_or_unconfirmed,0
DFF_1150_n1,5,1,2,2,2,benign_or_unconfirmed,0
WX7791,2,1,2,2,2,benign_or_unconfirmed,0
CRC_OUT_4_31,0,6,6,3,6,benign_or_unconfirmed,0
DFF_1151_n1,5,1,2,2,2,benign_or_unconfirmed,0
WX8242,2,2,3,3,3,benign_or_unconfirmed,0
WX8243,4,3,4,3,4,benign_or_unconfirmed,0
WX8244,2,2,3,3,3,benign_or_unconfirmed,0
n8411,0,2,2,1,2,benign_or_unconfirmed,0
n3878,5,1,2,2,2,benign_or_unconfirmed,0
WX8246,2,2,3,3,3,benign_or_unconfirmed,0
n8410,0,2,2,1,2,benign_or_unconfirmed,0
n3877,5,1,2,2,2,benign_or_unconfirmed,0
WX8248,2,2,3,3,3,benign_or_unconfirmed,0
n8409,0,2,2,1,2,benign_or_unconfirmed,0
n3876,5,1,2,2,2,benign_or_unconfirmed,0
WX8250,2,2,3,3,3,benign_or_unconfirmed,0
n8408,0,2,2,1,2,benign_or_unconfirmed,0
n3875,5,1,2,2,2,benign_or_unconfirmed,0
WX8252,2,2,3,3,3,benign_or_unconfirmed,0
n8407,0,2,2,1,2,benign_or_unconfirmed,0
n3874,5,1,2,2,2,benign_or_unconfirmed,0
WX8254,2,2,3,3,3,benign_or_unconfirmed,0
n8406,0,2,2,1,2,benign_or_unconfirmed,0
n3873,5,1,2,2,2,benign_or_unconfirmed,0
WX8256,2,2,3,3,3,benign_or_unconfirmed,0
n8405,0,2,2,1,2,benign_or_unconfirmed,0
n3872,5,1,2,2,2,benign_or_unconfirmed,0
WX8258,2,2,3,3,3,benign_or_unconfirmed,0
n8404,0,2,2,1,2,benign_or_unconfirmed,0
n3871,5,1,2,2,2,benign_or_unconfirmed,0
WX8260,2,2,3,3,3,benign_or_unconfirmed,0
n8403,0,2,2,1,2,benign_or_unconfirmed,0
n3870,5,1,2,2,2,benign_or_unconfirmed,0
WX8262,2,2,3,3,3,benign_or_unconfirmed,0
n8402,0,2,2,1,2,benign_or_unconfirmed,0
n3869,5,1,2,2,2,benign_or_unconfirmed,0
WX8264,2,2,3,3,3,benign_or_unconfirmed,0
n8401,0,2,2,1,2,benign_or_unconfirmed,0
n3868,5,1,2,2,2,benign_or_unconfirmed,0
WX8266,2,2,3,3,3,benign_or_unconfirmed,0
n8400,0,2,2,1,2,benign_or_unconfirmed,0
n3867,5,1,2,2,2,benign_or_unconfirmed,0
WX8268,2,2,3,3,3,benign_or_unconfirmed,0
n8399,0,2,2,1,2,benign_or_unconfirmed,0
n3866,5,1,2,2,2,benign_or_unconfirmed,0
WX8270,2,2,3,3,3,benign_or_unconfirmed,0
test_so67,0,1,1,1,1,benign_or_unconfirmed,0
n3865,5,1,2,2,2,benign_or_unconfirmed,0
WX8272,2,2,3,3,3,benign_or_unconfirmed,0
test_si68,0,1,1,1,1,benign_or_unconfirmed,0
n8396,0,2,2,1,2,benign_or_unconfirmed,0
n3864,5,1,2,2,2,benign_or_unconfirmed,0
WX8274,2,2,3,3,3,benign_or_unconfirmed,0
n8395,0,2,2,1,2,benign_or_unconfirmed,0
n3863,5,1,2,2,2,benign_or_unconfirmed,0
WX8276,2,2,3,3,3,benign_or_unconfirmed,0
n8394,0,2,2,1,2,benign_or_unconfirmed,0
n3862,5,1,2,2,2,benign_or_unconfirmed,0
WX8278,2,2,3,3,3,benign_or_unconfirmed,0
n8393,0,2,2,1,2,benign_or_unconfirmed,0
n3861,5,1,2,2,2,benign_or_unconfirmed,0
WX8280,2,2,3,3,3,benign_or_unconfirmed,0
n8392,0,2,2,1,2,benign_or_unconfirmed,0
n3860,5,1,2,2,2,benign_or_unconfirmed,0
WX8282,2,2,3,3,3,benign_or_unconfirmed,0
n8391,0,2,2,1,2,benign_or_unconfirmed,0
n3859,5,1,2,2,2,benign_or_unconfirmed,0
WX8284,2,2,3,3,3,benign_or_unconfirmed,0
n8390,0,2,2,1,2,benign_or_unconfirmed,0
n3858,5,1,2,2,2,benign_or_unconfirmed,0
WX8286,2,2,3,3,3,benign_or_unconfirmed,0
n8389,0,2,2,1,2,benign_or_unconfirmed,0
n3857,5,1,2,2,2,benign_or_unconfirmed,0
WX8288,2,2,3,3,3,benign_or_unconfirmed,0
n8388,0,2,2,1,2,benign_or_unconfirmed,0
n3856,5,1,2,2,2,benign_or_unconfirmed,0
WX8290,2,2,3,3,3,benign_or_unconfirmed,0
n8387,0,2,2,1,2,benign_or_unconfirmed,0
n3855,5,1,2,2,2,benign_or_unconfirmed,0
WX8292,2,2,3,3,3,benign_or_unconfirmed,0
n8386,0,2,2,1,2,benign_or_unconfirmed,0
n3854,5,1,2,2,2,benign_or_unconfirmed,0
WX8294,2,2,3,3,3,benign_or_unconfirmed,0
n8385,0,2,2,1,2,benign_or_unconfirmed,0
n3853,5,1,2,2,2,benign_or_unconfirmed,0
WX8296,2,2,3,3,3,benign_or_unconfirmed,0
n8384,0,2,2,1,2,benign_or_unconfirmed,0
n3852,5,1,2,2,2,benign_or_unconfirmed,0
WX8298,2,2,3,3,3,trigger_tap,1
n8383,0,2,2,1,2,benign_or_unconfirmed,0
n3851,5,1,2,2,2,benign_or_unconfirmed,0
WX8300,2,2,3,3,3,benign_or_unconfirmed,0
n8382,0,2,2,1,2,benign_or_unconfirmed,0
n3850,5,1,2,2,2,benign_or_unconfirmed,0
WX8302,2,2,3,3,3,benign_or_unconfirmed,0
n8381,0,2,2,1,2,benign_or_unconfirmed,0
n3849,5,1,2,2,2,benign_or_unconfirmed,0
WX8304,2,1,2,2,2,benign_or_unconfirmed,0
test_so68,0,1,1,1,1,benign_or_unconfirmed,0
n3848,5,1,2,2,2,benign_or_unconfirmed,0
WX8402,5,1,2,2,2,benign_or_unconfirmed,0
test_si69,0,1,1,1,1,benign_or_unconfirmed,0
n8378,0,2,2,1,2,benign_or_unconfirmed,0
n3340,5,2,3,3,3,benign_or_unconfirmed,0
WX8404,5,1,2,2,2,benign_or_unconfirmed,0
n8377,0,2,2,1,2,benign_or_unconfirmed,0
n3390,5,2,3,3,3,benign_or_unconfirmed,0
WX8406,5,1,2,2,2,benign_or_unconfirmed,0
n8376,0,2,2,1,2,benign_or_unconfirmed,0
n3389,5,2,3,3,3,benign_or_unconfirmed,0
WX8408,5,1,2,2,2,benign_or_unconfirmed,0
n8375,0,2,2,1,2,benign_or_unconfirmed,0
n3388,5,2,3,3,3,benign_or_unconfirmed,0
WX8410,5,1,2,2,2,benign_or_unconfirmed,0
n8374,0,2,2,1,2,benign_or_unconfirmed,0
n3387,5,2,3,3,3,benign_or_unconfirmed,0
WX8412,5,1,2,2,2,benign_or_unconfirmed,0
n8373,0,2,2,1,2,benign_or_unconfirmed,0
n3386,5,2,3,3,3,benign_or_unconfirmed,0
WX8414,5,1,2,2,2,benign_or_unconfirmed,0
n8372,0,2,2,1,2,benign_or_unconfirmed,0
n3385,5,2,3,3,3,benign_or_unconfirmed,0
WX8416,5,1,2,2,2,benign_or_unconfirmed,0
n8371,0,2,2,1,2,benign_or_unconfirmed,0
n3384,5,2,3,3,3,benign_or_unconfirmed,0
WX8418,5,1,2,2,2,benign_or_unconfirmed,0
n8370,0,2,2,1,2,benign_or_unconfirmed,0
n3383,5,2,3,3,3,benign_or_unconfirmed,0
WX8420,5,1,2,2,2,benign_or_unconfirmed,0
n8369,0,2,2,1,2,benign_or_unconfirmed,0
n3382,5,2,3,3,3,benign_or_unconfirmed,0
WX8422,5,1,2,2,2,benign_or_unconfirmed,0
n8368,0,2,2,1,2,benign_or_unconfirmed,0
n3381,5,2,3,3,3,benign_or_unconfirmed,0
WX8424,5,1,2,2,2,benign_or_unconfirmed,0
n8367,0,2,2,1,2,benign_or_unconfirmed,0
n3380,5,2,3,3,3,benign_or_unconfirmed,0
WX8426,5,1,2,2,2,benign_or_unconfirmed,0
n8366,0,2,2,1,2,benign_or_unconfirmed,0
n3379,5,2,3,3,3,benign_or_unconfirmed,0
WX8428,5,1,2,2,2,benign_or_unconfirmed,0
n8365,0,2,2,1,2,benign_or_unconfirmed,0
n3378,5,2,3,3,3,benign_or_unconfirmed,0
WX8430,5,1,2,2,2,benign_or_unconfirmed,0
n8364,0,2,2,1,2,benign_or_unconfirmed,0
n3377,5,2,3,3,3,benign_or_unconfirmed,0
WX8432,5,1,2,2,2,benign_or_unconfirmed,0
n8363,0,2,2,1,2,benign_or_unconfirmed,0
n3376,5,2,3,3,3,benign_or_unconfirmed,0
WX8434,5,1,2,2,2,benign_or_unconfirmed,0
test_so69,4,2,3,3,3,benign_or_unconfirmed,0
WX8436,5,1,2,2,2,benign_or_unconfirmed,0
test_si70,0,1,1,1,1,benign_or_unconfirmed,0
WX8437,4,3,4,3,4,benign_or_unconfirmed,0
WX8438,5,1,2,2,2,benign_or_unconfirmed,0
WX8439,4,3,4,3,4,benign_or_unconfirmed,0
WX8440,5,1,2,2,2,benign_or_unconfirmed,0
WX8441,4,3,4,3,4,benign_or_unconfirmed,0
WX8442,5,1,2,2,2,benign_or_unconfirmed,0
WX8443,4,3,4,3,4,benign_or_unconfirmed,0
WX8444,5,1,2,2,2,benign_or_unconfirmed,0
WX8445,4,3,4,3,4,benign_or_unconfirmed,0
WX8446,5,1,2,2,2,benign_or_unconfirmed,0
WX8447,4,3,4,3,4,benign_or_unconfirmed,0
WX8448,5,1,2,2,2,benign_or_unconfirmed,0
WX8449,4,3,4,3,4,benign_or_unconfirmed,0
WX8450,5,1,2,2,2,benign_or_unconfirmed,0
WX8451,4,3,4,3,4,benign_or_unconfirmed,0
WX8452,5,1,2,2,2,benign_or_unconfirmed,0
WX8453,4,3,4,3,4,benign_or_unconfirmed,0
WX8454,5,1,2,2,2,benign_or_unconfirmed,0
WX8455,4,3,4,3,4,benign_or_unconfirmed,0
WX8456,5,1,2,2,2,benign_or_unconfirmed,0
WX8457,4,3,4,3,4,benign_or_unconfirmed,0
WX8458,5,1,2,2,2,benign_or_unconfirmed,0
WX8459,4,3,4,3,4,benign_or_unconfirmed,0
WX8460,5,1,2,2,2,benign_or_unconfirmed,0
WX8461,4,3,4,3,4,benign_or_unconfirmed,0
WX8462,5,1,2,2,2,benign_or_unconfirmed,0
WX8463,4,3,4,3,4,benign_or_unconfirmed,0
WX8464,5,1,2,2,2,benign_or_unconfirmed,0
WX8465,4,3,4,3,4,benign_or_unconfirmed,0
WX8466,2,1,2,2,2,benign_or_unconfirmed,0
WX8467,4,3,4,3,4,benign_or_unconfirmed,0
WX8468,2,1,2,2,2,benign_or_unconfirmed,0
test_so70,4,2,3,3,3,benign_or_unconfirmed,0
WX8470,2,1,2,2,2,benign_or_unconfirmed,0
test_si71,0,1,1,1,1,benign_or_unconfirmed,0
WX8471,4,3,4,3,4,benign_or_unconfirmed,0
WX8472,2,1,2,2,2,benign_or_unconfirmed,0
WX8473,4,3,4,3,4,benign_or_unconfirmed,0
WX8474,2,1,2,2,2,benign_or_unconfirmed,0
WX8475,4,3,4,3,4,benign_or_unconfirmed,0
WX8476,2,1,2,2,2,benign_or_unconfirmed,0
WX8477,4,3,4,3,4,benign_or_unconfirmed,0
WX8478,2,1,2,2,2,benign_or_unconfirmed,0
WX8479,4,3,4,3,4,benign_or_unconfirmed,0
WX8480,2,1,2,2,2,benign_or_unconfirmed,0
WX8481,4,3,4,3,4,benign_or_unconfirmed,0
WX8482,2,1,2,2,2,benign_or_unconfirmed,0
WX8483,4,3,4,3,4,benign_or_unconfirmed,0
WX8484,2,1,2,2,2,benign_or_unconfirmed,0
WX8485,4,3,4,3,4,benign_or_unconfirmed,0
WX8486,2,1,2,2,2,benign_or_unconfirmed,0
WX8487,4,3,4,3,4,benign_or_unconfirmed,0
WX8488,2,1,2,2,2,benign_or_unconfirmed,0
WX8489,4,3,4,3,4,benign_or_unconfirmed,0
WX8490,2,1,2,2,2,benign_or_unconfirmed,0
WX8491,4,3,4,3,4,benign_or_unconfirmed,0
WX8492,2,1,2,2,2,benign_or_unconfirmed,0
WX8493,4,3,4,3,4,benign_or_unconfirmed,0
WX8494,2,1,2,2,2,benign_or_unconfirmed,0
WX8495,4,3,4,3,4,benign_or_unconfirmed,0
WX8496,2,1,2,2,2,benign_or_unconfirmed,0
WX8497,4,3,4,3,4,benign_or_unconfirmed,0
WX8498,2,1,2,2,2,benign_or_unconfirmed,0
WX8499,0,3,3,2,3,benign_or_unconfirmed,0
n3625,5,1,2,2,2,benign_or_unconfirmed,0
WX8500,2,1,2,2,2,benign_or_unconfirmed,0
WX8501,0,3,3,2,3,benign_or_unconfirmed,0
n3623,5,1,2,2,2,benign_or_unconfirmed,0
WX8502,2,1,2,2,2,benign_or_unconfirmed,0
test_so71,0,2,2,2,2,benign_or_unconfirmed,0
n3621,5,1,2,2,2,benign_or_unconfirmed,0
WX8504,2,1,2,2,2,benign_or_unconfirmed,0
test_si72,0,1,1,1,1,benign_or_unconfirmed,0
WX8505,0,3,3,2,3,benign_or_unconfirmed,0
n3619,5,1,2,2,2,benign_or_unconfirmed,0
WX8506,2,1,2,2,2,benign_or_unconfirmed,0
WX8507,0,3,3,2,3,benign_or_unconfirmed,0
n3617,5,1,2,2,2,benign_or_unconfirmed,0
WX8508,2,1,2,2,2,benign_or_unconfirmed,0
WX8509,0,3,3,2,3,benign_or_unconfirmed,0
n3615,5,1,2,2,2,benign_or_unconfirmed,0
WX8510,2,1,2,2,2,benign_or_unconfirmed,0
WX8511,0,3,3,2,3,benign_or_unconfirmed,0
n3613,5,1,2,2,2,benign_or_unconfirmed,0
WX8512,2,1,2,2,2,benign_or_unconfirmed,0
WX8513,0,3,3,2,3,benign_or_unconfirmed,0
n3611,5,1,2,2,2,benign_or_unconfirmed,0
WX8514,2,1,2,2,2,benign_or_unconfirmed,0
WX8515,0,3,3,2,3,benign_or_unconfirmed,0
n3609,5,1,2,2,2,benign_or_unconfirmed,0
WX8516,2,1,2,2,2,benign_or_unconfirmed,0
WX8517,0,3,3,2,3,benign_or_unconfirmed,0
n3607,5,1,2,2,2,benign_or_unconfirmed,0
WX8518,2,1,2,2,2,benign_or_unconfirmed,0
WX8519,0,3,3,2,3,benign_or_unconfirmed,0
n3605,5,1,2,2,2,benign_or_unconfirmed,0
WX8520,2,1,2,2,2,benign_or_unconfirmed,0
WX8521,0,3,3,2,3,benign_or_unconfirmed,0
n3603,5,1,2,2,2,benign_or_unconfirmed,0
WX8522,2,1,2,2,2,benign_or_unconfirmed,0
WX8523,0,3,3,2,3,benign_or_unconfirmed,0
n3601,5,1,2,2,2,benign_or_unconfirmed,0
WX8524,2,1,2,2,2,benign_or_unconfirmed,0
WX8525,0,3,3,2,3,benign_or_unconfirmed,0
n3599,5,1,2,2,2,benign_or_unconfirmed,0
WX8526,2,1,2,2,2,benign_or_unconfirmed,0
WX8527,0,3,3,2,3,benign_or_unconfirmed,0
n3597,5,1,2,2,2,benign_or_unconfirmed,0
WX8528,2,1,2,2,2,benign_or_unconfirmed,0
WX8529,0,3,3,2,3,benign_or_unconfirmed,0
n3595,5,1,2,2,2,benign_or_unconfirmed,0
WX8530,2,1,2,2,2,benign_or_unconfirmed,0
WX8531,4,3,4,3,4,benign_or_unconfirmed,0
WX8532,2,1,2,2,2,benign_or_unconfirmed,0
WX8533,4,3,4,3,4,benign_or_unconfirmed,0
WX8534,2,1,2,2,2,benign_or_unconfirmed,0
WX8535,4,3,4,3,4,benign_or_unconfirmed,0
WX8536,2,1,2,2,2,benign_or_unconfirmed,0
test_so72,4,2,3,3,3,benign_or_unconfirmed,0
WX8538,2,1,2,2,2,benign_or_unconfirmed,0
test_si73,0,1,1,1,1,benign_or_unconfirmed,0
WX8539,4,3,4,3,4,benign_or_unconfirmed,0
WX8540,2,1,2,2,2,benign_or_unconfirmed,0
WX8541,4,3,4,3,4,benign_or_unconfirmed,0
WX8542,2,1,2,2,2,benign_or_unconfirmed,0
WX8543,4,3,4,3,4,benign_or_unconfirmed,0
WX8544,2,1,2,2,2,benign_or_unconfirmed,0
WX8545,4,3,4,3,4,benign_or_unconfirmed,0
WX8546,2,1,2,2,2,benign_or_unconfirmed,0
WX8547,4,3,4,3,4,benign_or_unconfirmed,0
WX8548,2,1,2,2,2,benign_or_unconfirmed,0
WX8549,4,3,4,3,4,benign_or_unconfirmed,0
WX8550,2,1,2,2,2,benign_or_unconfirmed,0
WX8551,4,3,4,3,4,benign_or_unconfirmed,0
WX8552,2,1,2,2,2,benign_or_unconfirmed,0
WX8553,4,3,4,3,4,benign_or_unconfirmed,0
WX8554,2,1,2,2,2,benign_or_unconfirmed,0
WX8555,4,3,4,3,4,benign_or_unconfirmed,0
WX8556,2,1,2,2,2,benign_or_unconfirmed,0
WX8557,4,3,4,3,4,benign_or_unconfirmed,0
WX8558,2,1,2,2,2,benign_or_unconfirmed,0
WX8559,4,3,4,3,4,benign_or_unconfirmed,0
WX8560,2,1,2,2,2,benign_or_unconfirmed,0
WX8561,4,3,4,3,4,benign_or_unconfirmed,0
WX8562,2,1,2,2,2,benign_or_unconfirmed,0
WX8563,4,3,4,3,4,benign_or_unconfirmed,0
WX8564,2,1,2,2,2,benign_or_unconfirmed,0
WX8565,4,3,4,3,4,benign_or_unconfirmed,0
WX8566,2,1,2,2,2,benign_or_unconfirmed,0
WX8567,4,3,4,3,4,benign_or_unconfirmed,0
WX8568,2,1,2,2,2,benign_or_unconfirmed,0
WX8569,4,3,4,3,4,benign_or_unconfirmed,0
WX8570,2,1,2,2,2,benign_or_unconfirmed,0
test_so73,4,2,3,3,3,benign_or_unconfirmed,0
WX8572,2,1,2,2,2,benign_or_unconfirmed,0
test_si74,0,1,1,1,1,benign_or_unconfirmed,0
WX8573,4,3,4,3,4,benign_or_unconfirmed,0
WX8574,2,1,2,2,2,benign_or_unconfirmed,0
WX8575,4,3,4,3,4,benign_or_unconfirmed,0
WX8576,2,1,2,2,2,benign_or_unconfirmed,0
WX8577,4,3,4,3,4,benign_or_unconfirmed,0
WX8578,2,1,2,2,2,benign_or_unconfirmed,0
WX8579,4,3,4,3,4,benign_or_unconfirmed,0
WX8580,2,1,2,2,2,benign_or_unconfirmed,0
WX8581,4,3,4,3,4,benign_or_unconfirmed,0
WX8582,2,1,2,2,2,benign_or_unconfirmed,0
WX8583,4,3,4,3,4,benign_or_unconfirmed,0
WX8584,2,1,2,2,2,benign_or_unconfirmed,0
WX8585,4,3,4,3,4,benign_or_unconfirmed,0
WX8586,2,1,2,2,2,benign_or_unconfirmed,0
WX8587,4,3,4,3,4,benign_or_unconfirmed,0
WX8588,2,1,2,2,2,benign_or_unconfirmed,0
WX8589,4,3,4,3,4,benign_or_unconfirmed,0
WX8590,2,1,2,2,2,benign_or_unconfirmed,0
WX8591,4,3,4,3,4,benign_or_unconfirmed,0
WX8592,2,1,2,2,2,benign_or_unconfirmed,0
WX8593,4,3,4,3,4,benign_or_unconfirmed,0
WX8594,2,1,2,2,2,benign_or_unconfirmed,0
WX8595,4,3,4,3,4,benign_or_unconfirmed,0
WX8596,2,1,2,2,2,benign_or_unconfirmed,0
WX8597,4,3,4,3,4,benign_or_unconfirmed,0
WX8598,2,1,2,2,2,benign_or_unconfirmed,0
WX8599,4,3,4,3,4,benign_or_unconfirmed,0
WX8600,2,1,2,2,2,benign_or_unconfirmed,0
WX8601,4,3,4,3,4,benign_or_unconfirmed,0
WX8602,2,1,2,2,2,benign_or_unconfirmed,0
WX8603,4,3,4,3,4,benign_or_unconfirmed,0
WX8604,2,1,2,2,2,benign_or_unconfirmed,0
test_so74,4,2,3,3,3,benign_or_unconfirmed,0
WX8606,2,1,2,2,2,benign_or_unconfirmed,0
test_si75,0,1,1,1,1,benign_or_unconfirmed,0
WX8607,4,3,4,3,4,benign_or_unconfirmed,0
WX8608,2,1,2,2,2,benign_or_unconfirmed,0
WX8609,4,3,4,3,4,benign_or_unconfirmed,0
WX8610,2,1,2,2,2,benign_or_unconfirmed,0
WX8611,4,3,4,3,4,benign_or_unconfirmed,0
WX8612,2,1,2,2,2,benign_or_unconfirmed,0
WX8613,4,3,4,3,4,benign_or_unconfirmed,0
WX8614,2,1,2,2,2,benign_or_unconfirmed,0
WX8615,4,3,4,3,4,benign_or_unconfirmed,0
WX8616,2,1,2,2,2,benign_or_unconfirmed,0
WX8617,4,3,4,3,4,benign_or_unconfirmed,0
WX8618,2,1,2,2,2,benign_or_unconfirmed,0
WX8619,4,3,4,3,4,benign_or_unconfirmed,0
WX8620,2,1,2,2,2,benign_or_unconfirmed,0
WX8621,4,3,4,3,4,benign_or_unconfirmed,0
WX8622,2,1,2,2,2,benign_or_unconfirmed,0
WX8623,4,3,4,3,4,benign_or_unconfirmed,0
WX8624,2,1,2,2,2,benign_or_unconfirmed,0
WX8625,4,3,4,3,4,benign_or_unconfirmed,0
WX8626,2,1,2,2,2,benign_or_unconfirmed,0
WX8627,4,3,4,2,4,benign_or_unconfirmed,0
WX8628,2,1,2,2,2,benign_or_unconfirmed,0
WX8629,4,3,4,2,4,benign_or_unconfirmed,0
WX8630,2,1,2,2,2,benign_or_unconfirmed,0
WX8631,4,3,4,2,4,benign_or_unconfirmed,0
WX8632,2,1,2,2,2,benign_or_unconfirmed,0
WX8633,4,3,4,2,4,benign_or_unconfirmed,0
WX8634,2,1,2,2,2,benign_or_unconfirmed,0
WX8635,4,3,4,3,4,benign_or_unconfirmed,0
WX8636,2,1,2,2,2,benign_or_unconfirmed,0
WX8637,4,3,4,2,4,benign_or_unconfirmed,0
WX8638,2,1,2,2,2,benign_or_unconfirmed,0
test_so75,4,2,3,2,3,benign_or_unconfirmed,0
WX8640,2,1,2,2,2,benign_or_unconfirmed,0
test_si76,0,1,1,1,1,benign_or_unconfirmed,0
WX8641,4,3,4,2,4,benign_or_unconfirmed,0
WX8642,2,1,2,2,2,benign_or_unconfirmed,0
WX8643,4,3,4,2,4,benign_or_unconfirmed,0
WX8644,2,1,2,2,2,benign_or_unconfirmed,0
WX8645,4,3,4,2,4,benign_or_unconfirmed,0
WX8646,2,1,2,2,2,benign_or_unconfirmed,0
WX8647,4,3,4,2,4,benign_or_unconfirmed,0
WX8648,2,1,2,2,2,benign_or_unconfirmed,0
WX8649,4,3,4,3,4,benign_or_unconfirmed,0
WX8650,2,1,2,2,2,benign_or_unconfirmed,0
WX8651,4,3,4,2,4,benign_or_unconfirmed,0
WX8652,2,1,2,2,2,benign_or_unconfirmed,0
WX8653,4,3,4,2,4,benign_or_unconfirmed,0
WX8654,2,1,2,2,2,benign_or_unconfirmed,0
WX8655,4,3,4,2,4,benign_or_unconfirmed,0
WX8656,2,1,2,2,2,benign_or_unconfirmed,0
WX8657,4,3,4,2,4,benign_or_unconfirmed,0
WX9022,2,1,2,2,2,benign_or_unconfirmed,0
CRC_OUT_3_0,0,3,3,2,3,benign_or_unconfirmed,0
DFF_1312_n1,5,1,2,2,2,benign_or_unconfirmed,0
WX9024,2,1,2,2,2,benign_or_unconfirmed,0
CRC_OUT_3_1,0,3,3,2,3,benign_or_unconfirmed,0
DFF_1313_n1,5,1,2,2,2,benign_or_unconfirmed,0
WX9026,2,1,2,2,2,benign_or_unconfirmed,0
CRC_OUT_3_2,0,3,3,2,3,benign_or_unconfirmed,0
DFF_1314_n1,5,1,2,2,2,benign_or_unconfirmed,0
WX9028,2,1,2,2,2,benign_or_unconfirmed,0
CRC_OUT_3_3,0,3,3,2,3,benign_or_unconfirmed,0
DFF_1315_n1,5,1,2,2,2,benign_or_unconfirmed,0
WX9030,2,1,2,2,2,benign_or_unconfirmed,0
CRC_OUT_3_4,0,3,3,2,3,benign_or_unconfirmed,0
DFF_1316_n1,5,1,2,2,2,benign_or_unconfirmed,0
WX9032,2,1,2,2,2,trigger_tap,1
CRC_OUT_3_5,0,3,3,2,3,benign_or_unconfirmed,0
DFF_1317_n1,5,1,2,2,2,benign_or_unconfirmed,0
WX9034,2,1,2,2,2,benign_or_unconfirmed,0
CRC_OUT_3_6,0,3,3,2,3,benign_or_unconfirmed,0
DFF_1318_n1,5,1,2,2,2,benign_or_unconfirmed,0
WX9036,2,1,2,2,2,benign_or_unconfirmed,0
CRC_OUT_3_7,0,2,2,2,2,benign_or_unconfirmed,0
DFF_1319_n1,5,1,2,2,2,benign_or_unconfirmed,0
WX9038,2,1,2,2,2,benign_or_unconfirmed,0
test_si77,0,1,1,1,1,benign_or_unconfirmed,0
CRC_OUT_3_8,0,3,3,2,3,benign_or_unconfirmed,0
DFF_1320_n1,5,1,2,2,2,benign_or_unconfirmed,0
WX9040,2,1,2,2,2,benign_or_unconfirmed,0
CRC_OUT_3_9,0,3,3,2,3,benign_or_unconfirmed,0
DFF_1321_n1,5,1,2,2,2,benign_or_unconfirmed,0
WX9042,2,1,2,2,2,benign_or_unconfirmed,0
CRC_OUT_3_10,0,3,3,2,3,benign_or_unconfirmed,0
DFF_1322_n1,5,1,2,2,2,benign_or_unconfirmed,0
WX9044,2,1,2,2,2,benign_or_unconfirmed,0
CRC_OUT_3_11,0,3,3,2,3,benign_or_unconfirmed,0
DFF_1323_n1,5,1,2,2,2,benign_or_unconfirmed,0
WX9046,2,1,2,2,2,benign_or_unconfirmed,0
CRC_OUT_3_12,0,3,3,2,3,benign_or_unconfirmed,0
DFF_1324_n1,5,1,2,2,2,benign_or_unconfirmed,0
WX9048,2,1,2,2,2,benign_or_unconfirmed,0
CRC_OUT_3_13,0,3,3,2,3,benign_or_unconfirmed,0
DFF_1325_n1,5,1,2,2,2,benign_or_unconfirmed,0
WX9050,2,1,2,2,2,benign_or_unconfirmed,0
CRC_OUT_3_14,0,3,3,2,3,benign_or_unconfirmed,0
DFF_1326_n1,5,1,2,2,2,benign_or_unconfirmed,0
WX9052,2,1,2,2,2,benign_or_unconfirmed,0
CRC_OUT_3_15,0,3,3,2,3,benign_or_unconfirmed,0
DFF_1327_n1,5,1,2,2,2,benign_or_unconfirmed,0
WX9054,2,1,2,2,2,benign_or_unconfirmed,0
CRC_OUT_3_16,0,3,3,2,3,benign_or_unconfirmed,0
DFF_1328_n1,5,1,2,2,2,benign_or_unconfirmed,0
WX9056,2,1,2,2,2,benign_or_unconfirmed,0
CRC_OUT_3_17,0,3,3,2,3,benign_or_unconfirmed,0
DFF_1329_n1,5,1,2,2,2,benign_or_unconfirmed,0
WX9058,2,1,2,2,2,benign_or_unconfirmed,0
CRC_OUT_3_18,0,3,3,2,3,benign_or_unconfirmed,0
DFF_1330_n1,5,1,2,2,2,benign_or_unconfirmed,0
WX9060,2,1,2,2,2,trigger_tap,1
CRC_OUT_3_19,0,3,3,2,3,benign_or_unconfirmed,0
DFF_1331_n1,5,1,2,2,2,benign_or_unconfirmed,0
WX9062,2,1,2,2,2,benign_or_unconfirmed,0
CRC_OUT_3_20,0,3,3,2,3,benign_or_unconfirmed,0
DFF_1332_n1,5,1,2,2,2,benign_or_unconfirmed,0
WX9064,2,1,2,2,2,benign_or_unconfirmed,0
CRC_OUT_3_21,0,3,3,2,3,benign_or_unconfirmed,0
DFF_1333_n1,5,1,2,2,2,benign_or_unconfirmed,0
WX9066,2,1,2,2,2,benign_or_unconfirmed,0
CRC_OUT_3_22,0,3,3,2,3,benign_or_unconfirmed,0
DFF_1334_n1,5,1,2,2,2,benign_or_unconfirmed,0
WX9068,2,1,2,2,2,benign_or_unconfirmed,0
CRC_OUT_3_23,0,3,3,2,3,benign_or_unconfirmed,0
DFF_1335_n1,5,1,2,2,2,benign_or_unconfirmed,0
WX9070,2,1,2,2,2,benign_or_unconfirmed,0
CRC_OUT_3_24,0,2,2,2,2,benign_or_unconfirmed,0
DFF_1336_n1,5,1,2,2,2,benign_or_unconfirmed,0
WX9072,2,1,2,2,2,benign_or_unconfirmed,0
test_si78,0,1,1,1,1,benign_or_unconfirmed,0
CRC_OUT_3_25,0,3,3,2,3,benign_or_unconfirmed,0
DFF_1337_n1,5,1,2,2,2,benign_or_unconfirmed,0
WX9074,2,1,2,2,2,benign_or_unconfirmed,0
CRC_OUT_3_26,0,3,3,2,3,benign_or_unconfirmed,0
DFF_1338_n1,5,1,2,2,2,benign_or_unconfirmed,0
WX9076,2,1,2,2,2,benign_or_unconfirmed,0
CRC_OUT_3_27,0,3,3,2,3,benign_or_unconfirmed,0
DFF_1339_n1,5,1,2,2,2,benign_or_unconfirmed,0
WX9078,2,1,2,2,2,benign_or_unconfirmed,0
CRC_OUT_3_28,0,3,3,2,3,benign_or_unconfirmed,0
DFF_1340_n1,5,1,2,2,2,benign_or_unconfirmed,0
WX9080,2,1,2,2,2,benign_or_unconfirmed,0
CRC_OUT_3_29,0,3,3,2,3,benign_or_unconfirmed,0
DFF_1341_n1,5,1,2,2,2,benign_or_unconfirmed,0
WX9082,2,1,2,2,2,benign_or_unconfirmed,0
CRC_OUT_3_30,0,3,3,2,3,benign_or_unconfirmed,0
DFF_1342_n1,5,1,2,2,2,benign_or_unconfirmed,0
WX9084,2,1,2,2,2,benign_or_unconfirmed,0
CRC_OUT_3_31,0,6,6,3,6,benign_or_unconfirmed,0
DFF_1343_n1,5,1,2,2,2,benign_or_unconfirmed,0
WX9535,2,2,3,3,3,benign_or_unconfirmed,0
WX9536,4,3,4,3,4,benign_or_unconfirmed,0
WX9537,2,2,3,3,3,benign_or_unconfirmed,0
n8353,0,2,2,1,2,benign_or_unconfirmed,0
n3847,5,1,2,2,2,benign_or_unconfirmed,0
WX9539,2,2,3,3,3,benign_or_unconfirmed,0
n8352,0,2,2,1,2,benign_or_unconfirmed,0
n3846,5,1,2,2,2,benign_or_unconfirmed,0
WX9541,2,2,3,3,3,benign_or_unconfirmed,0
n8351,0,2,2,1,2,benign_or_unconfirmed,0
n3845,5,1,2,2,2,benign_or_unconfirmed,0
WX9543,2,2,3,3,3,benign_or_unconfirmed,0
n8350,0,2,2,1,2,benign_or_unconfirmed,0
n3844,5,1,2,2,2,benign_or_unconfirmed,0
WX9545,2,2,3,3,3,benign_or_unconfirmed,0
n8349,0,2,2,1,2,benign_or_unconfirmed,0
n3843,5,1,2,2,2,benign_or_unconfirmed,0
WX9547,2,2,3,3,3,benign_or_unconfirmed,0
n8348,0,2,2,1,2,benign_or_unconfirmed,0
n3842,5,1,2,2,2,benign_or_unconfirmed,0
WX9549,2,2,3,3,3,benign_or_unconfirmed,0
n8347,0,2,2,1,2,benign_or_unconfirmed,0
n3841,5,1,2,2,2,benign_or_unconfirmed,0
WX9551,2,2,3,3,3,benign_or_unconfirmed,0
n8346,0,2,2,1,2,benign_or_unconfirmed,0
n3840,5,1,2,2,2,benign_or_unconfirmed,0
WX9553,2,2,3,3,3,benign_or_unconfirmed,0
test_so78,0,1,1,1,1,benign_or_unconfirmed,0
n3839,5,1,2,2,2,benign_or_unconfirmed,0
WX9555,2,2,3,3,3,benign_or_unconfirmed,0
test_si79,0,1,1,1,1,benign_or_unconfirmed,0
n8343,0,2,2,1,2,benign_or_unconfirmed,0
n3838,5,1,2,2,2,benign_or_unconfirmed,0
WX9557,2,2,3,3,3,benign_or_unconfirmed,0
n8342,0,2,2,1,2,benign_or_unconfirmed,0
n3837,5,1,2,2,2,benign_or_unconfirmed,0
WX9559,2,2,3,3,3,benign_or_unconfirmed,0
n8341,0,2,2,1,2,benign_or_unconfirmed,0
n3836,5,1,2,2,2,benign_or_unconfirmed,0
WX9561,2,2,3,3,3,benign_or_unconfirmed,0
n8340,0,2,2,1,2,benign_or_unconfirmed,0
n3835,5,1,2,2,2,benign_or_unconfirmed,0
WX9563,2,2,3,3,3,benign_or_unconfirmed,0
n8339,0,2,2,1,2,benign_or_unconfirmed,0
n3834,5,1,2,2,2,benign_or_unconfirmed,0
WX9565,2,2,3,3,3,benign_or_unconfirmed,0
n8338,0,2,2,1,2,benign_or_unconfirmed,0
n3833,5,1,2,2,2,benign_or_unconfirmed,0
WX9567,2,2,3,3,3,benign_or_unconfirmed,0
n8337,0,2,2,1,2,benign_or_unconfirmed,0
n3832,5,1,2,2,2,benign_or_unconfirmed,0
WX9569,2,2,3,3,3,benign_or_unconfirmed,0
n8336,0,2,2,1,2,benign_or_unconfirmed,0
n3831,5,1,2,2,2,benign_or_unconfirmed,0
WX9571,2,2,3,3,3,benign_or_unconfirmed,0
n8335,0,2,2,1,2,benign_or_unconfirmed,0
n3830,5,1,2,2,2,benign_or_unconfirmed,0
WX9573,2,2,3,3,3,benign_or_unconfirmed,0
n8334,0,2,2,1,2,benign_or_unconfirmed,0
n3829,5,1,2,2,2,benign_or_unconfirmed,0
WX9575,2,2,3,3,3,benign_or_unconfirmed,0
n8333,0,2,2,1,2,benign_or_unconfirmed,0
n3828,5,1,2,2,2,benign_or_unconfirmed,0
WX9577,2,2,3,3,3,benign_or_unconfirmed,0
n8332,0,2,2,1,2,benign_or_unconfirmed,0
n3827,5,1,2,2,2,benign_or_unconfirmed,0
WX9579,2,2,3,3,3,benign_or_unconfirmed,0
n8331,0,2,2,1,2,benign_or_unconfirmed,0
n3826,5,1,2,2,2,benign_or_unconfirmed,0
WX9581,2,2,3,3,3,benign_or_unconfirmed,0
n8330,0,2,2,1,2,benign_or_unconfirmed,0
n3825,5,1,2,2,2,benign_or_unconfirmed,0
WX9583,2,2,3,3,3,benign_or_unconfirmed,0
n8329,0,2,2,1,2,benign_or_unconfirmed,0
n3824,5,1,2,2,2,benign_or_unconfirmed,0
WX9585,2,2,3,3,3,benign_or_unconfirmed,0
n8328,0,2,2,1,2,benign_or_unconfirmed,0
n3823,5,1,2,2,2,benign_or_unconfirmed,0
WX9587,2,2,3,3,3,benign_or_unconfirmed,0
test_so79,0,1,1,1,1,benign_or_unconfirmed,0
n3822,5,1,2,2,2,benign_or_unconfirmed,0
WX9589,2,2,3,3,3,benign_or_unconfirmed,0
test_si80,0,1,1,1,1,benign_or_unconfirmed,0
n8325,0,2,2,1,2,benign_or_unconfirmed,0
n3821,5,1,2,2,2,benign_or_unconfirmed,0
WX9591,2,2,3,3,3,benign_or_unconfirmed,0
n8324,0,2,2,1,2,benign_or_unconfirmed,0
n3820,5,1,2,2,2,benign_or_unconfirmed,0
WX9593,2,2,3,3,3,benign_or_unconfirmed,0
n8323,0,2,2,1,2,benign_or_unconfirmed,0
n3819,5,1,2,2,2,benign_or_unconfirmed,0
WX9595,2,2,3,3,3,benign_or_unconfirmed,0
n8322,0,2,2,1,2,benign_or_unconfirmed,0
n3818,5,1,2,2,2,benign_or_unconfirmed,0
WX9597,2,1,2,2,2,benign_or_unconfirmed,0
n8321,0,2,2,1,2,benign_or_unconfirmed,0
n3817,5,1,2,2,2,benign_or_unconfirmed,0
WX9695,5,1,2,2,2,benign_or_unconfirmed,0
n8320,0,2,2,1,2,benign_or_unconfirmed,0
n3339,5,2,3,3,3,benign_or_unconfirmed,0
WX9697,5,1,2,2,2,benign_or_unconfirmed,0
n8319,0,2,2,1,2,benign_or_unconfirmed,0
n3375,5,2,3,3,3,benign_or_unconfirmed,0
WX9699,5,1,2,2,2,benign_or_unconfirmed,0
n8318,0,2,2,1,2,benign_or_unconfirmed,0
n3374,5,2,3,3,3,benign_or_unconfirmed,0
WX9701,5,1,2,2,2,benign_or_unconfirmed,0
n8317,0,2,2,1,2,benign_or_unconfirmed,0
n3373,5,2,3,3,3,benign_or_unconfirmed,0
WX9703,5,1,2,2,2,benign_or_unconfirmed,0
n8316,0,2,2,1,2,benign_or_unconfirmed,0
n3372,5,2,3,3,3,benign_or_unconfirmed,0
WX9705,5,1,2,2,2,benign_or_unconfirmed,0
n8315,0,2,2,1,2,benign_or_unconfirmed,0
n3371,5,2,3,3,3,benign_or_unconfirmed,0
WX9707,5,1,2,2,2,benign_or_unconfirmed,0
n8314,0,2,2,1,2,benign_or_unconfirmed,0
n3370,5,2,3,3,3,benign_or_unconfirmed,0
WX9709,5,1,2,2,2,benign_or_unconfirmed,0
n8313,0,2,2,1,2,benign_or_unconfirmed,0
n3369,5,2,3,3,3,benign_or_unconfirmed,0
WX9711,5,1,2,2,2,benign_or_unconfirmed,0
n8312,0,2,2,1,2,benign_or_unconfirmed,0
n3368,5,2,3,3,3,benign_or_unconfirmed,0
WX9713,5,1,2,2,2,benign_or_unconfirmed,0
n8311,0,2,2,1,2,benign_or_unconfirmed,0
n3367,5,2,3,3,3,benign_or_unconfirmed,0
WX9715,5,1,2,2,2,benign_or_unconfirmed,0
n8310,0,2,2,1,2,benign_or_unconfirmed,0
n3366,5,2,3,3,3,benign_or_unconfirmed,0
WX9717,5,1,2,2,2,benign_or_unconfirmed,0
test_so80,0,1,1,1,1,benign_or_unconfirmed,0
n3365,5,2,3,3,3,benign_or_unconfirmed,0
WX9719,5,1,2,2,2,benign_or_unconfirmed,0
test_si81,0,1,1,1,1,benign_or_unconfirmed,0
n8307,0,2,2,1,2,benign_or_unconfirmed,0
n3364,5,2,3,3,3,benign_or_unconfirmed,0
WX9721,5,1,2,2,2,benign_or_unconfirmed,0
n8306,0,2,2,1,2,benign_or_unconfirmed,0
n3363,5,2,3,3,3,benign_or_unconfirmed,0
WX9723,5,1,2,2,2,benign_or_unconfirmed,0
n8305,0,2,2,1,2,benign_or_unconfirmed,0
n3362,5,2,3,3,3,benign_or_unconfirmed,0
WX9725,5,1,2,2,2,benign_or_unconfirmed,0
n8304,0,2,2,1,2,benign_or_unconfirmed,0
n3361,5,2,3,3,3,benign_or_unconfirmed,0
WX9727,5,1,2,2,2,benign_or_unconfirmed,0
WX9728,4,3,4,3,4,benign_or_unconfirmed,0
WX9729,5,1,2,2,2,benign_or_unconfirmed,0
WX9730,4,3,4,3,4,benign_or_unconfirmed,0
WX9731,5,1,2,2,2,benign_or_unconfirmed,0
WX9732,4,3,4,3,4,benign_or_unconfirmed,0
WX9733,5,1,2,2,2,benign_or_unconfirmed,0
WX9734,4,3,4,3,4,benign_or_unconfirmed,0
WX9735,5,1,2,2,2,benign_or_unconfirmed,0
WX9736,4,3,4,3,4,benign_or_unconfirmed,0
WX9737,5,1,2,2,2,benign_or_unconfirmed,0
WX9738,4,3,4,3,4,benign_or_unconfirmed,0
WX9739,5,1,2,2,2,benign_or_unconfirmed,0
WX9740,4,3,4,3,4,benign_or_unconfirmed,0
WX9741,5,1,2,2,2,benign_or_unconfirmed,0
WX9742,4,3,4,3,4,benign_or_unconfirmed,0
WX9743,5,1,2,2,2,benign_or_unconfirmed,0
WX9744,4,3,4,3,4,benign_or_unconfirmed,0
WX9745,5,1,2,2,2,benign_or_unconfirmed,0
WX9746,4,3,4,3,4,benign_or_unconfirmed,0
WX9747,5,1,2,2,2,benign_or_unconfirmed,0
WX9748,4,3,4,3,4,benign_or_unconfirmed,0
WX9749,5,1,2,2,2,benign_or_unconfirmed,0
WX9750,4,3,4,3,4,benign_or_unconfirmed,0
WX9751,5,1,2,2,2,benign_or_unconfirmed,0
test_so81,4,2,3,3,3,benign_or_unconfirmed,0
WX9753,5,1,2,2,2,benign_or_unconfirmed,0
test_si82,0,1,1,1,1,benign_or_unconfirmed,0
WX9754,4,3,4,3,4,benign_or_unconfirmed,0
WX9755,5,1,2,2,2,benign_or_unconfirmed,0
WX9756,4,3,4,3,4,benign_or_unconfirmed,0
WX9757,5,1,2,2,2,benign_or_unconfirmed,0
WX9758,4,3,4,3,4,benign_or_unconfirmed,0
WX9759,2,1,2,2,2,benign_or_unconfirmed,0
WX9760,4,3,4,3,4,benign_or_unconfirmed,0
WX9761,2,1,2,2,2,benign_or_unconfirmed,0
WX9762,4,3,4,3,4,benign_or_unconfirmed,0
WX9763,2,1,2,2,2,benign_or_unconfirmed,0
WX9764,4,3,4,3,4,benign_or_unconfirmed,0
WX9765,2,1,2,2,2,benign_or_unconfirmed,0
WX9766,4,3,4,3,4,benign_or_unconfirmed,0
WX9767,2,1,2,2,2,benign_or_unconfirmed,0
WX9768,4,3,4,3,4,benign_or_unconfirmed,0
WX9769,2,1,2,2,2,benign_or_unconfirmed,0
WX9770,4,3,4,3,4,benign_or_unconfirmed,0
WX9771,2,1,2,2,2,benign_or_unconfirmed,0
WX9772,4,3,4,3,4,benign_or_unconfirmed,0
WX9773,2,1,2,2,2,benign_or_unconfirmed,0
WX9774,4,3,4,3,4,benign_or_unconfirmed,0
WX9775,2,1,2,2,2,benign_or_unconfirmed,0
WX9776,4,3,4,3,4,benign_or_unconfirmed,0
WX9777,2,1,2,2,2,benign_or_unconfirmed,0
WX9778,4,3,4,3,4,benign_or_unconfirmed,0
WX9779,2,1,2,2,2,benign_or_unconfirmed,0
WX9780,4,3,4,3,4,benign_or_unconfirmed,0
WX9781,2,1,2,2,2,benign_or_unconfirmed,0
WX9782,4,3,4,3,4,benign_or_unconfirmed,0
WX9783,2,1,2,2,2,benign_or_unconfirmed,0
WX9784,4,3,4,3,4,benign_or_unconfirmed,0
WX9785,2,1,2,2,2,benign_or_unconfirmed,0
test_so82,4,2,3,3,3,benign_or_unconfirmed,0
WX9787,2,1,2,2,2,benign_or_unconfirmed,0
test_si83,0,1,1,1,1,benign_or_unconfirmed,0
WX9788,4,3,4,3,4,benign_or_unconfirmed,0
WX9789,2,1,2,2,2,benign_or_unconfirmed,0
WX9790,4,3,4,3,4,benign_or_unconfirmed,0
WX9791,2,1,2,2,2,benign_or_unconfirmed,0
WX9792,0,3,3,2,3,benign_or_unconfirmed,0
n3593,5,1,2,2,2,benign_or_unconfirmed,0
WX9793,2,1,2,2,2,benign_or_unconfirmed,0
WX9794,0,3,3,2,3,benign_or_unconfirmed,0
n3591,5,1,2,2,2,benign_or_unconfirmed,0
WX9795,2,1,2,2,2,benign_or_unconfirmed,0
WX9796,0,3,3,2,3,benign_or_unconfirmed,0
n3589,5,1,2,2,2,benign_or_unconfirmed,0
WX9797,2,1,2,2,2,benign_or_unconfirmed,0
WX9798,0,3,3,2,3,benign_or_unconfirmed,0
n3587,5,1,2,2,2,benign_or_unconfirmed,0
WX9799,2,1,2,2,2,benign_or_unconfirmed,0
WX9800,0,3,3,2,3,benign_or_unconfirmed,0
n3585,5,1,2,2,2,benign_or_unconfirmed,0
WX9801,2,1,2,2,2,benign_or_unconfirmed,0
WX9802,0,3,3,2,3,benign_or_unconfirmed,0
n3583,5,1,2,2,2,benign_or_unconfirmed,0
WX9803,2,1,2,2,2,benign_or_unconfirmed,0
WX9804,0,3,3,2,3,benign_or_unconfirmed,0
n3581,5,1,2,2,2,benign_or_unconfirmed,0
WX9805,2,1,2,2,2,benign_or_unconfirmed,0
WX9806,0,3,3,2,3,benign_or_unconfirmed,0
n3579,5,1,2,2,2,benign_or_unconfirmed,0
WX9807,2,1,2,2,2,benign_or_unconfirmed,0
WX9808,0,3,3,2,3,benign_or_unconfirmed,0
n3577,5,1,2,2,2,benign_or_unconfirmed,0
WX9809,2,1,2,2,2,benign_or_unconfirmed,0
WX9810,0,3,3,2,3,benign_or_unconfirmed,0
n3575,5,1,2,2,2,benign_or_unconfirmed,0
WX9811,2,1,2,2,2,benign_or_unconfirmed,0
WX9812,0,3,3,2,3,benign_or_unconfirmed,0
n3573,5,1,2,2,2,benign_or_unconfirmed,0
WX9813,2,1,2,2,2,benign_or_unconfirmed,0
WX9814,0,3,3,2,3,benign_or_unconfirmed,0
n3571,5,1,2,2,2,benign_or_unconfirmed,0
WX9815,2,1,2,2,2,benign_or_unconfirmed,0
WX9816,0,3,3,2,3,benign_or_unconfirmed,0
n3569,5,1,2,2,2,benign_or_unconfirmed,0
WX9817,2,1,2,2,2,benign_or_unconfirmed,0
WX9818,0,3,3,2,3,benign_or_unconfirmed,0
n3567,5,1,2,2,2,benign_or_unconfirmed,0
WX9819,2,1,2,2,2,trigger_tap,1
test_so83,0,2,2,2,2,benign_or_unconfirmed,0
n3565,5,1,2,2,2,benign_or_unconfirmed,0
WX9821,2,1,2,2,2,benign_or_unconfirmed,0
test_si84,0,1,1,1,1,benign_or_unconfirmed,0
WX9822,0,3,3,2,3,benign_or_unconfirmed,0
n3563,5,1,2,2,2,benign_or_unconfirmed,0
WX9823,2,1,2,2,2,benign_or_unconfirmed,0
WX9824,4,3,4,3,4,benign_or_unconfirmed,0
WX9825,2,1,2,2,2,benign_or_unconfirmed,0
WX9826,4,3,4,3,4,benign_or_unconfirmed,0
WX9827,2,1,2,2,2,benign_or_unconfirmed,0
WX9828,4,3,4,3,4,benign_or_unconfirmed,0
WX9829,2,1,2,2,2,benign_or_unconfirmed,0
WX9830,4,3,4,3,4,benign_or_unconfirmed,0
WX9831,2,1,2,2,2,benign_or_unconfirmed,0
WX9832,4,3,4,3,4,benign_or_unconfirmed,0
WX9833,2,1,2,2,2,benign_or_unconfirmed,0
WX9834,4,3,4,3,4,benign_or_unconfirmed,0
WX9835,2,1,2,2,2,benign_or_unconfirmed,0
WX9836,4,3,4,3,4,benign_or_unconfirmed,0
WX9837,2,1,2,2,2,benign_or_unconfirmed,0
WX9838,4,3,4,3,4,benign_or_unconfirmed,0
WX9839,2,1,2,2,2,benign_or_unconfirmed,0
WX9840,4,3,4,3,4,benign_or_unconfirmed,0
WX9841,2,1,2,2,2,benign_or_unconfirmed,0
WX9842,4,3,4,3,4,benign_or_unconfirmed,0
WX9843,2,1,2,2,2,benign_or_unconfirmed,0
WX9844,4,3,4,3,4,benign_or_unconfirmed,0
WX9845,2,1,2,2,2,benign_or_unconfirmed,0
WX9846,4,3,4,3,4,benign_or_unconfirmed,0
WX9847,2,1,2,2,2,benign_or_unconfirmed,0
WX9848,4,3,4,3,4,benign_or_unconfirmed,0
WX9849,2,1,2,2,2,benign_or_unconfirmed,0
WX9850,4,3,4,3,4,benign_or_unconfirmed,0
WX9851,2,1,2,2,2,benign_or_unconfirmed,0
WX9852,4,3,4,3,4,benign_or_unconfirmed,0
WX9853,2,1,2,2,2,benign_or_unconfirmed,0
test_so84,4,2,3,3,3,benign_or_unconfirmed,0
WX9855,2,1,2,2,2,benign_or_unconfirmed,0
test_si85,0,1,1,1,1,benign_or_unconfirmed,0
WX9856,4,3,4,3,4,benign_or_unconfirmed,0
WX9857,2,1,2,2,2,benign_or_unconfirmed,0
WX9858,4,3,4,3,4,benign_or_unconfirmed,0
WX9859,2,1,2,2,2,benign_or_unconfirmed,0
WX9860,4,3,4,3,4,benign_or_unconfirmed,0
WX9861,2,1,2,2,2,benign_or_unconfirmed,0
WX9862,4,3,4,3,4,benign_or_unconfirmed,0
WX9863,2,1,2,2,2,benign_or_unconfirmed,0
WX9864,4,3,4,3,4,benign_or_unconfirmed,0
WX9865,2,1,2,2,2,benign_or_unconfirmed,0
WX9866,4,3,4,3,4,benign_or_unconfirmed,0
WX9867,2,1,2,2,2,benign_or_unconfirmed,0
WX9868,4,3,4,3,4,benign_or_unconfirmed,0
WX9869,2,1,2,2,2,benign_or_unconfirmed,0
WX9870,4,3,4,3,4,benign_or_unconfirmed,0
WX9871,2,1,2,2,2,benign_or_unconfirmed,0
WX9872,4,3,4,3,4,benign_or_unconfirmed,0
WX9873,2,1,2,2,2,benign_or_unconfirmed,0
WX9874,4,3,4,3,4,benign_or_unconfirmed,0
WX9875,2,1,2,2,2,benign_or_unconfirmed,0
WX9876,4,3,4,3,4,benign_or_unconfirmed,0
WX9877,2,1,2,2,2,benign_or_unconfirmed,0
WX9878,4,3,4,3,4,benign_or_unconfirmed,0
WX9879,2,1,2,2,2,benign_or_unconfirmed,0
WX9880,4,3,4,3,4,benign_or_unconfirmed,0
WX9881,2,1,2,2,2,benign_or_unconfirmed,0
WX9882,4,3,4,3,4,benign_or_unconfirmed,0
WX9883,2,1,2,2,2,benign_or_unconfirmed,0
WX9884,4,3,4,3,4,benign_or_unconfirmed,0
WX9885,2,1,2,2,2,benign_or_unconfirmed,0
WX9886,4,3,4,3,4,benign_or_unconfirmed,0
WX9887,2,1,2,2,2,benign_or_unconfirmed,0
test_so85,4,2,3,3,3,benign_or_unconfirmed,0
WX9889,2,1,2,2,2,benign_or_unconfirmed,0
test_si86,0,1,1,1,1,benign_or_unconfirmed,0
WX9890,4,3,4,3,4,benign_or_unconfirmed,0
WX9891,2,1,2,2,2,benign_or_unconfirmed,0
WX9892,4,3,4,3,4,benign_or_unconfirmed,0
WX9893,2,1,2,2,2,benign_or_unconfirmed,0
WX9894,4,3,4,3,4,benign_or_unconfirmed,0
WX9895,2,1,2,2,2,benign_or_unconfirmed,0
WX9896,4,3,4,3,4,benign_or_unconfirmed,0
WX9897,2,1,2,2,2,benign_or_unconfirmed,0
WX9898,4,3,4,3,4,benign_or_unconfirmed,0
WX9899,2,1,2,2,2,benign_or_unconfirmed,0
WX9900,4,3,4,3,4,benign_or_unconfirmed,0
WX9901,2,1,2,2,2,benign_or_unconfirmed,0
WX9902,4,3,4,3,4,benign_or_unconfirmed,0
WX9903,2,1,2,2,2,benign_or_unconfirmed,0
WX9904,4,3,4,3,4,benign_or_unconfirmed,0
WX9905,2,1,2,2,2,benign_or_unconfirmed,0
WX9906,4,3,4,3,4,benign_or_unconfirmed,0
WX9907,2,1,2,2,2,benign_or_unconfirmed,0
WX9908,4,3,4,3,4,benign_or_unconfirmed,0
WX9909,2,1,2,2,2,benign_or_unconfirmed,0
WX9910,4,3,4,3,4,benign_or_unconfirmed,0
WX9911,2,1,2,2,2,benign_or_unconfirmed,0
WX9912,4,3,4,3,4,benign_or_unconfirmed,0
WX9913,2,1,2,2,2,benign_or_unconfirmed,0
WX9914,4,3,4,3,4,benign_or_unconfirmed,0
WX9915,2,1,2,2,2,benign_or_unconfirmed,0
WX9916,4,3,4,3,4,benign_or_unconfirmed,0
WX9917,2,1,2,2,2,benign_or_unconfirmed,0
WX9918,4,3,4,3,4,benign_or_unconfirmed,0
WX9919,2,1,2,2,2,benign_or_unconfirmed,0
WX9920,4,3,4,2,4,benign_or_unconfirmed,0
WX9921,2,1,2,2,2,benign_or_unconfirmed,0
test_so86,4,2,3,2,3,benign_or_unconfirmed,0
WX9923,2,1,2,2,2,benign_or_unconfirmed,0
test_si87,0,1,1,1,1,benign_or_unconfirmed,0
WX9924,4,3,4,2,4,benign_or_unconfirmed,0
WX9925,2,1,2,2,2,benign_or_unconfirmed,0
WX9926,4,3,4,2,4,benign_or_unconfirmed,0
WX9927,2,1,2,2,2,benign_or_unconfirmed,0
WX9928,4,3,4,3,4,benign_or_unconfirmed,0
WX9929,2,1,2,2,2,benign_or_unconfirmed,0
WX9930,4,3,4,2,4,benign_or_unconfirmed,0
WX9931,2,1,2,2,2,benign_or_unconfirmed,0
WX9932,4,3,4,2,4,benign_or_unconfirmed,0
WX9933,2,1,2,2,2,benign_or_unconfirmed,0
WX9934,4,3,4,2,4,benign_or_unconfirmed,0
WX9935,2,1,2,2,2,benign_or_unconfirmed,0
WX9936,4,3,4,2,4,benign_or_unconfirmed,0
WX9937,2,1,2,2,2,benign_or_unconfirmed,0
WX9938,4,3,4,2,4,benign_or_unconfirmed,0
WX9939,2,1,2,2,2,benign_or_unconfirmed,0
WX9940,4,3,4,2,4,benign_or_unconfirmed,0
WX9941,2,1,2,2,2,benign_or_unconfirmed,0
WX9942,4,3,4,3,4,benign_or_unconfirmed,0
WX9943,2,1,2,2,2,benign_or_unconfirmed,0
WX9944,4,3,4,2,4,benign_or_unconfirmed,0
WX9945,2,1,2,2,2,benign_or_unconfirmed,0
WX9946,4,3,4,2,4,benign_or_unconfirmed,0
WX9947,2,1,2,2,2,benign_or_unconfirmed,0
WX9948,4,3,4,2,4,benign_or_unconfirmed,0
WX9949,2,1,2,2,2,benign_or_unconfirmed,0
WX9950,4,3,4,2,4,benign_or_unconfirmed,0
WX10315,2,1,2,2,2,benign_or_unconfirmed,0
CRC_OUT_2_0,0,3,3,2,3,benign_or_unconfirmed,0
DFF_1504_n1,5,1,2,2,2,benign_or_unconfirmed,0
WX10317,2,1,2,2,2,benign_or_unconfirmed,0
CRC_OUT_2_1,0,3,3,2,3,benign_or_unconfirmed,0
DFF_1505_n1,5,1,2,2,2,benign_or_unconfirmed,0
WX10319,2,1,2,2,2,benign_or_unconfirmed,0
CRC_OUT_2_2,0,2,2,2,2,benign_or_unconfirmed,0
DFF_1506_n1,5,1,2,2,2,benign_or_unconfirmed,0
WX10321,2,1,2,2,2,benign_or_unconfirmed,0
test_si88,0,1,1,1,1,benign_or_unconfirmed,0
CRC_OUT_2_3,0,3,3,2,3,benign_or_unconfirmed,0
DFF_1507_n1,5,1,2,2,2,benign_or_unconfirmed,0
WX10323,2,1,2,2,2,benign_or_unconfirmed,0
CRC_OUT_2_4,0,3,3,2,3,benign_or_unconfirmed,0
DFF_1508_n1,5,1,2,2,2,benign_or_unconfirmed,0
WX10325,2,1,2,2,2,benign_or_unconfirmed,0
CRC_OUT_2_5,0,3,3,2,3,benign_or_unconfirmed,0
DFF_1509_n1,5,1,2,2,2,benign_or_unconfirmed,0
WX10327,2,1,2,2,2,benign_or_unconfirmed,0
CRC_OUT_2_6,0,3,3,2,3,benign_or_unconfirmed,0
DFF_1510_n1,5,1,2,2,2,benign_or_unconfirmed,0
WX10329,2,1,2,2,2,benign_or_unconfirmed,0
CRC_OUT_2_7,0,3,3,2,3,benign_or_unconfirmed,0
DFF_1511_n1,5,1,2,2,2,benign_or_unconfirmed,0
WX10331,2,1,2,2,2,benign_or_unconfirmed,0
CRC_OUT_2_8,0,3,3,2,3,benign_or_unconfirmed,0
DFF_1512_n1,5,1,2,2,2,benign_or_unconfirmed,0
WX10333,2,1,2,2,2,benign_or_unconfirmed,0
CRC_OUT_2_9,0,3,3,2,3,benign_or_unconfirmed,0
DFF_1513_n1,5,1,2,2,2,benign_or_unconfirmed,0
WX10335,2,1,2,2,2,benign_or_unconfirmed,0
CRC_OUT_2_10,0,3,3,2,3,benign_or_unconfirmed,0
DFF_1514_n1,5,1,2,2,2,benign_or_unconfirmed,0
WX10337,2,1,2,2,2,benign_or_unconfirmed,0
CRC_OUT_2_11,0,3,3,2,3,benign_or_unconfirmed,0
DFF_1515_n1,5,1,2,2,2,benign_or_unconfirmed,0
WX10339,2,1,2,2,2,benign_or_unconfirmed,0
CRC_OUT_2_12,0,3,3,2,3,benign_or_unconfirmed,0
DFF_1516_n1,5,1,2,2,2,benign_or_unconfirmed,0
WX10341,2,1,2,2,2,benign_or_unconfirmed,0
CRC_OUT_2_13,0,3,3,2,3,benign_or_unconfirmed,0
DFF_1517_n1,5,1,2,2,2,benign_or_unconfirmed,0
WX10343,2,1,2,2,2,benign_or_unconfirmed,0
CRC_OUT_2_14,0,3,3,2,3,benign_or_unconfirmed,0
DFF_1518_n1,5,1,2,2,2,benign_or_unconfirmed,0
WX10345,2,1,2,2,2,benign_or_unconfirmed,0
CRC_OUT_2_15,0,3,3,2,3,benign_or_unconfirmed,0
DFF_1519_n1,5,1,2,2,2,benign_or_unconfirmed,0
WX10347,2,1,2,2,2,benign_or_unconfirmed,0
CRC_OUT_2_16,0,3,3,2,3,benign_or_unconfirmed,0
DFF_1520_n1,5,1,2,2,2,benign_or_unconfirmed,0
WX10349,2,1,2,2,2,benign_or_unconfirmed,0
CRC_OUT_2_17,0,3,3,2,3,benign_or_unconfirmed,0
DFF_1521_n1,5,1,2,2,2,benign_or_unconfirmed,0
WX10351,2,1,2,2,2,benign_or_unconfirmed,0
CRC_OUT_2_18,0,3,3,2,3,benign_or_unconfirmed,0
DFF_1522_n1,5,1,2,2,2,benign_or_unconfirmed,0
WX10353,2,1,2,2,2,benign_or_unconfirmed,0
CRC_OUT_2_19,0,2,2,2,2,benign_or_unconfirmed,0
DFF_1523_n1,5,1,2,2,2,benign_or_unconfirmed,0
WX10355,2,1,2,2,2,benign_or_unconfirmed,0
test_si89,0,1,1,1,1,benign_or_unconfirmed,0
CRC_OUT_2_20,0,3,3,2,3,benign_or_unconfirmed,0
DFF_1524_n1,5,1,2,2,2,benign_or_unconfirmed,0
WX10357,2,1,2,2,2,benign_or_unconfirmed,0
CRC_OUT_2_21,0,3,3,2,3,benign_or_unconfirmed,0
DFF_1525_n1,5,1,2,2,2,benign_or_unconfirmed,0
WX10359,2,1,2,2,2,benign_or_unconfirmed,0
CRC_OUT_2_22,0,3,3,2,3,benign_or_unconfirmed,0
DFF_1526_n1,5,1,2,2,2,benign_or_unconfirmed,0
WX10361,2,1,2,2,2,benign_or_unconfirmed,0
CRC_OUT_2_23,0,3,3,2,3,benign_or_unconfirmed,0
DFF_1527_n1,5,1,2,2,2,benign_or_unconfirmed,0
WX10363,2,1,2,2,2,benign_or_unconfirmed,0
CRC_OUT_2_24,0,3,3,2,3,benign_or_unconfirmed,0
DFF_1528_n1,5,1,2,2,2,benign_or_unconfirmed,0
WX10365,2,1,2,2,2,benign_or_unconfirmed,0
CRC_OUT_2_25,0,3,3,2,3,benign_or_unconfirmed,0
DFF_1529_n1,5,1,2,2,2,benign_or_unconfirmed,0
WX10367,2,1,2,2,2,benign_or_unconfirmed,0
CRC_OUT_2_26,0,3,3,2,3,benign_or_unconfirmed,0
DFF_1530_n1,5,1,2,2,2,benign_or_unconfirmed,0
WX10369,2,1,2,2,2,benign_or_unconfirmed,0
CRC_OUT_2_27,0,3,3,2,3,benign_or_unconfirmed,0
DFF_1531_n1,5,1,2,2,2,benign_or_unconfirmed,0
WX10371,2,1,2,2,2,benign_or_unconfirmed,0
CRC_OUT_2_28,0,3,3,2,3,benign_or_unconfirmed,0
DFF_1532_n1,5,1,2,2,2,benign_or_unconfirmed,0
WX10373,2,1,2,2,2,benign_or_unconfirmed,0
CRC_OUT_2_29,0,3,3,2,3,benign_or_unconfirmed,0
DFF_1533_n1,5,1,2,2,2,benign_or_unconfirmed,0
WX10375,2,1,2,2,2,benign_or_unconfirmed,0
CRC_OUT_2_30,0,3,3,2,3,benign_or_unconfirmed,0
DFF_1534_n1,5,1,2,2,2,benign_or_unconfirmed,0
WX10377,2,1,2,2,2,benign_or_unconfirmed,0
CRC_OUT_2_31,0,6,6,3,6,benign_or_unconfirmed,0
DFF_1535_n1,5,1,2,2,2,benign_or_unconfirmed,0
WX10828,2,2,3,3,3,benign_or_unconfirmed,0
WX10829,4,3,4,3,4,benign_or_unconfirmed,0
WX10830,2,2,3,3,3,benign_or_unconfirmed,0
n8295,0,2,2,1,2,benign_or_unconfirmed,0
n3816,5,1,2,2,2,benign_or_unconfirmed,0
WX10832,2,2,3,3,3,benign_or_unconfirmed,0
n8294,0,2,2,1,2,benign_or_unconfirmed,0
n3815,5,1,2,2,2,benign_or_unconfirmed,0
WX10834,2,2,3,3,3,benign_or_unconfirmed,0
n8293,0,2,2,1,2,benign_or_unconfirmed,0
n3814,5,1,2,2,2,benign_or_unconfirmed,0
WX10836,2,2,3,3,3,benign_or_unconfirmed,0
test_so89,0,1,1,1,1,benign_or_unconfirmed,0
n3813,5,1,2,2,2,benign_or_unconfirmed,0
WX10838,2,2,3,3,3,benign_or_unconfirmed,0
test_si90,0,1,1,1,1,benign_or_unconfirmed,0
n8290,0,2,2,1,2,benign_or_unconfirmed,0
n3812,5,1,2,2,2,benign_or_unconfirmed,0
WX10840,2,2,3,3,3,benign_or_unconfirmed,0
n8289,0,2,2,1,2,benign_or_unconfirmed,0
n3811,5,1,2,2,2,benign_or_unconfirmed,0
WX10842,2,2,3,3,3,benign_or_unconfirmed,0
n8288,0,2,2,1,2,benign_or_unconfirmed,0
n3810,5,1,2,2,2,benign_or_unconfirmed,0
WX10844,2,2,3,3,3,benign_or_unconfirmed,0
n8287,0,2,2,1,2,benign_or_unconfirmed,0
n3809,5,1,2,2,2,benign_or_unconfirmed,0
WX10846,2,2,3,3,3,trigger_tap,1
n8286,0,2,2,1,2,benign_or_unconfirmed,0
n3808,5,1,2,2,2,benign_or_unconfirmed,0
WX10848,2,2,3,3,3,benign_or_unconfirmed,0
n8285,0,2,2,1,2,benign_or_unconfirmed,0
n3807,5,1,2,2,2,benign_or_unconfirmed,0
WX10850,2,2,3,3,3,benign_or_unconfirmed,0
n8284,0,2,2,1,2,benign_or_unconfirmed,0
n3806,5,1,2,2,2,benign_or_unconfirmed,0
WX10852,2,2,3,3,3,benign_or_unconfirmed,0
n8283,0,2,2,1,2,benign_or_unconfirmed,0
n3805,5,1,2,2,2,benign_or_unconfirmed,0
WX10854,2,2,3,3,3,benign_or_unconfirmed,0
n8282,0,2,2,1,2,benign_or_unconfirmed,0
n3804,5,1,2,2,2,benign_or_unconfirmed,0
WX10856,2,2,3,3,3,benign_or_unconfirmed,0
n8281,0,2,2,1,2,benign_or_unconfirmed,0
n3803,5,1,2,2,2,benign_or_unconfirmed,0
WX10858,2,2,3,3,3,benign_or_unconfirmed,0
n8280,0,2,2,1,2,benign_or_unconfirmed,0
n3802,5,1,2,2,2,benign_or_unconfirmed,0
WX10860,2,2,3,3,3,benign_or_unconfirmed,0
n8279,0,2,2,1,2,benign_or_unconfirmed,0
n3801,5,1,2,2,2,benign_or_unconfirmed,0
WX10862,2,2,3,3,3,benign_or_unconfirmed,0
n8278,0,2,2,1,2,benign_or_unconfirmed,0
n3800,5,1,2,2,2,benign_or_unconfirmed,0
WX10864,2,2,3,3,3,benign_or_unconfirmed,0
n8277,0,2,2,1,2,benign_or_unconfirmed,0
n3799,5,1,2,2,2,benign_or_unconfirmed,0
WX10866,2,2,3,3,3,benign_or_unconfirmed,0
n8276,0,2,2,1,2,benign_or_unconfirmed,0
n3798,5,1,2,2,2,benign_or_unconfirmed,0
WX10868,2,2,3,3,3,benign_or_unconfirmed,0
n8275,0,2,2,1,2,benign_or_unconfirmed,0
n3797,5,1,2,2,2,benign_or_unconfirmed,0
WX10870,2,2,3,3,3,benign_or_unconfirmed,0
test_so90,0,1,1,1,1,benign_or_unconfirmed,0
n3796,5,1,2,2,2,benign_or_unconfirmed,0
WX10872,2,2,3,3,3,benign_or_unconfirmed,0
test_si91,0,1,1,1,1,benign_or_unconfirmed,0
n8272,0,2,2,1,2,benign_or_unconfirmed,0
n3795,5,1,2,2,2,benign_or_unconfirmed,0
WX10874,2,2,3,3,3,benign_or_unconfirmed,0
n8271,0,2,2,1,2,benign_or_unconfirmed,0
n3794,5,1,2,2,2,benign_or_unconfirmed,0
WX10876,2,2,3,3,3,benign_or_unconfirmed,0
n8270,0,2,2,1,2,benign_or_unconfirmed,0
n3793,5,1,2,2,2,benign_or_unconfirmed,0
WX10878,2,2,3,3,3,benign_or_unconfirmed,0
n8269,0,2,2,1,2,benign_or_unconfirmed,0
n3792,5,1,2,2,2,benign_or_unconfirmed,0
WX10880,2,2,3,3,3,benign_or_unconfirmed,0
n8268,0,2,2,1,2,benign_or_unconfirmed,0
n3791,5,1,2,2,2,benign_or_unconfirmed,0
WX10882,2,2,3,3,3,benign_or_unconfirmed,0
n8267,0,2,2,1,2,benign_or_unconfirmed,0
n3790,5,1,2,2,2,benign_or_unconfirmed,0
WX10884,2,2,3,3,3,benign_or_unconfirmed,0
n8266,0,2,2,1,2,benign_or_unconfirmed,0
n3789,5,1,2,2,2,benign_or_unconfirmed,0
WX10886,2,2,3,3,3,benign_or_unconfirmed,0
n8265,0,2,2,1,2,benign_or_unconfirmed,0
n3788,5,1,2,2,2,benign_or_unconfirmed,0
WX10888,2,2,3,3,3,benign_or_unconfirmed,0
n8264,0,2,2,1,2,benign_or_unconfirmed,0
n3787,5,1,2,2,2,benign_or_unconfirmed,0
WX10890,2,1,2,2,2,benign_or_unconfirmed,0
n8263,0,2,2,1,2,benign_or_unconfirmed,0
n3786,5,1,2,2,2,benign_or_unconfirmed,0
WX10988,5,1,2,2,2,benign_or_unconfirmed,0
n8262,0,2,2,1,2,benign_or_unconfirmed,0
n3338,5,2,3,3,3,benign_or_unconfirmed,0
WX10990,5,1,2,2,2,benign_or_unconfirmed,0
n8261,0,2,2,1,2,benign_or_unconfirmed,0
n3360,5,2,3,3,3,benign_or_unconfirmed,0
WX10992,5,1,2,2,2,benign_or_unconfirmed,0
n8260,0,2,2,1,2,benign_or_unconfirmed,0
n3359,5,2,3,3,3,benign_or_unconfirmed,0
WX10994,5,1,2,2,2,benign_or_unconfirmed,0
n8259,0,2,2,1,2,benign_or_unconfirmed,0
n3358,5,2,3,3,3,benign_or_unconfirmed,0
WX10996,5,1,2,2,2,benign_or_unconfirmed,0
n8258,0,2,2,1,2,benign_or_unconfirmed,0
n3357,5,2,3,3,3,benign_or_unconfirmed,0
WX10998,5,1,2,2,2,benign_or_unconfirmed,0
n8257,0,2,2,1,2,benign_or_unconfirmed,0
n3356,5,2,3,3,3,benign_or_unconfirmed,0
WX11000,5,1,2,2,2,benign_or_unconfirmed,0
test_so91,0,1,1,1,1,benign_or_unconfirmed,0
n3355,5,2,3,3,3,benign_or_unconfirmed,0
WX11002,5,1,2,2,2,benign_or_unconfirmed,0
test_si92,0,1,1,1,1,benign_or_unconfirmed,0
n8254,0,2,2,1,2,benign_or_unconfirmed,0
n3354,5,2,3,3,3,benign_or_unconfirmed,0
WX11004,5,1,2,2,2,benign_or_unconfirmed,0
n8253,0,2,2,1,2,benign_or_unconfirmed,0
n3353,5,2,3,3,3,benign_or_unconfirmed,0
WX11006,5,1,2,2,2,benign_or_unconfirmed,0
n8252,0,2,2,1,2,benign_or_unconfirmed,0
n3352,5,2,3,3,3,benign_or_unconfirmed,0
WX11008,5,1,2,2,2,benign_or_unconfirmed,0
n8251,0,2,2,1,2,benign_or_unconfirmed,0
n3351,5,2,3,3,3,benign_or_unconfirmed,0
WX11010,5,1,2,2,2,benign_or_unconfirmed,0
n8250,0,2,2,1,2,benign_or_unconfirmed,0
n3350,5,2,3,3,3,benign_or_unconfirmed,0
WX11012,5,1,2,2,2,benign_or_unconfirmed,0
n8249,0,2,2,1,2,benign_or_unconfirmed,0
n3349,5,2,3,3,3,benign_or_unconfirmed,0
WX11014,5,1,2,2,2,benign_or_unconfirmed,0
n8248,0,2,2,1,2,benign_or_unconfirmed,0
n3348,5,2,3,3,3,benign_or_unconfirmed,0
WX11016,5,1,2,2,2,benign_or_unconfirmed,0
n8247,0,2,2,1,2,benign_or_unconfirmed,0
n3347,5,2,3,3,3,benign_or_unconfirmed,0
WX11018,5,1,2,2,2,benign_or_unconfirmed,0
n8246,0,2,2,1,2,benign_or_unconfirmed,0
n3346,5,2,3,3,3,benign_or_unconfirmed,0
WX11020,5,1,2,2,2,benign_or_unconfirmed,0
WX11021,4,3,4,3,4,benign_or_unconfirmed,0
WX11022,5,1,2,2,2,benign_or_unconfirmed,0
WX11023,4,3,4,3,4,benign_or_unconfirmed,0
WX11024,5,1,2,2,2,benign_or_unconfirmed,0
WX11025,4,3,4,3,4,benign_or_unconfirmed,0
WX11026,5,1,2,2,2,benign_or_unconfirmed,0
WX11027,4,3,4,3,4,benign_or_unconfirmed,0
WX11028,5,1,2,2,2,benign_or_unconfirmed,0
WX11029,4,3,4,3,4,benign_or_unconfirmed,0
WX11030,5,1,2,2,2,benign_or_unconfirmed,0
WX11031,4,3,4,3,4,benign_or_unconfirmed,0
WX11032,5,1,2,2,2,benign_or_unconfirmed,0
WX11033,4,3,4,3,4,benign_or_unconfirmed,0
WX11034,5,1,2,2,2,benign_or_unconfirmed,0
test_so92,4,2,3,3,3,benign_or_unconfirmed,0
WX11036,5,1,2,2,2,benign_or_unconfirmed,0
test_si93,0,1,1,1,1,benign_or_unconfirmed,0
WX11037,4,3,4,3,4,benign_or_unconfirmed,0
WX11038,5,1,2,2,2,benign_or_unconfirmed,0
WX11039,4,3,4,3,4,benign_or_unconfirmed,0
WX11040,5,1,2,2,2,benign_or_unconfirmed,0
WX11041,4,3,4,3,4,benign_or_unconfirmed,0
WX11042,5,1,2,2,2,benign_or_unconfirmed,0
WX11043,4,3,4,3,4,benign_or_unconfirmed,0
WX11044,5,1,2,2,2,benign_or_unconfirmed,0
WX11045,4,3,4,3,4,benign_or_unconfirmed,0
WX11046,5,1,2,2,2,benign_or_unconfirmed,0
WX11047,4,3,4,3,4,benign_or_unconfirmed,0
WX11048,5,1,2,2,2,benign_or_unconfirmed,0
WX11049,4,3,4,3,4,benign_or_unconfirmed,0
WX11050,5,1,2,2,2,benign_or_unconfirmed,0
WX11051,4,3,4,3,4,benign_or_unconfirmed,0
WX11052,2,1,2,2,2,benign_or_unconfirmed,0
WX11053,4,3,4,3,4,benign_or_unconfirmed,0
WX11054,2,1,2,2,2,benign_or_unconfirmed,0
WX11055,4,3,4,3,4,benign_or_unconfirmed,0
WX11056,2,1,2,2,2,benign_or_unconfirmed,0
WX11057,4,3,4,3,4,benign_or_unconfirmed,0
WX11058,2,1,2,2,2,benign_or_unconfirmed,0
WX11059,4,3,4,3,4,benign_or_unconfirmed,0
WX11060,2,1,2,2,2,benign_or_unconfirmed,0
WX11061,4,3,4,3,4,benign_or_unconfirmed,0
WX11062,2,1,2,2,2,benign_or_unconfirmed,0
WX11063,4,3,4,3,4,benign_or_unconfirmed,0
WX11064,2,1,2,2,2,benign_or_unconfirmed,0
WX11065,4,3,4,3,4,benign_or_unconfirmed,0
WX11066,2,1,2,2,2,benign_or_unconfirmed,0
WX11067,4,3,4,3,4,benign_or_unconfirmed,0
WX11068,2,1,2,2,2,benign_or_unconfirmed,0
test_so93,4,2,3,3,3,benign_or_unconfirmed,0
WX11070,2,1,2,2,2,benign_or_unconfirmed,0
test_si94,0,1,1,1,1,benign_or_unconfirmed,0
WX11071,4,3,4,3,4,benign_or_unconfirmed,0
WX11072,2,1,2,2,2,benign_or_unconfirmed,0
WX11073,4,3,4,3,4,benign_or_unconfirmed,0
WX11074,2,1,2,2,2,benign_or_unconfirmed,0
WX11075,4,3,4,3,4,benign_or_unconfirmed,0
WX11076,2,1,2,2,2,benign_or_unconfirmed,0
WX11077,4,3,4,3,4,benign_or_unconfirmed,0
WX11078,2,1,2,2,2,benign_or_unconfirmed,0
WX11079,4,3,4,3,4,benign_or_unconfirmed,0
WX11080,2,1,2,2,2,benign_or_unconfirmed,0
WX11081,4,3,4,3,4,benign_or_unconfirmed,0
WX11082,2,1,2,2,2,benign_or_unconfirmed,0
WX11083,4,3,4,3,4,benign_or_unconfirmed,0
WX11084,2,1,2,2,2,benign_or_unconfirmed,0
WX11085,0,3,3,2,3,benign_or_unconfirmed,0
n3561,5,1,2,2,2,benign_or_unconfirmed,0
WX11086,2,1,2,2,2,benign_or_unconfirmed,0
WX11087,0,3,3,2,3,benign_or_unconfirmed,0
n3559,5,1,2,2,2,benign_or_unconfirmed,0
WX11088,2,1,2,2,2,benign_or_unconfirmed,0
WX11089,0,3,3,2,3,benign_or_unconfirmed,0
n3557,5,1,2,2,2,benign_or_unconfirmed,0
WX11090,2,1,2,2,2,benign_or_unconfirmed,0
WX11091,0,3,3,2,3,benign_or_unconfirmed,0
n3555,5,1,2,2,2,benign_or_unconfirmed,0
WX11092,2,1,2,2,2,benign_or_unconfirmed,0
WX11093,0,3,3,2,3,benign_or_unconfirmed,0
n3553,5,1,2,2,2,benign_or_unconfirmed,0
WX11094,2,1,2,2,2,benign_or_unconfirmed,0
WX11095,0,3,3,2,3,benign_or_unconfirmed,0
n3551,5,1,2,2,2,benign_or_unconfirmed,0
WX11096,2,1,2,2,2,benign_or_unconfirmed,0
WX11097,0,3,3,2,3,benign_or_unconfirmed,0
n3549,5,1,2,2,2,benign_or_unconfirmed,0
WX11098,2,1,2,2,2,benign_or_unconfirmed,0
WX11099,0,3,3,2,3,benign_or_unconfirmed,0
n3547,5,1,2,2,2,benign_or_unconfirmed,0
WX11100,2,1,2,2,2,benign_or_unconfirmed,0
WX11101,0,3,3,2,3,benign_or_unconfirmed,0
n3545,5,1,2,2,2,benign_or_unconfirmed,0
WX11102,2,1,2,2,2,benign_or_unconfirmed,0
test_so94,0,2,2,2,2,benign_or_unconfirmed,0
n3543,5,1,2,2,2,benign_or_unconfirmed,0
WX11104,2,1,2,2,2,benign_or_unconfirmed,0
test_si95,0,1,1,1,1,benign_or_unconfirmed,0
WX11105,0,3,3,2,3,benign_or_unconfirmed,0
n3541,5,1,2,2,2,benign_or_unconfirmed,0
WX11106,2,1,2,2,2,benign_or_unconfirmed,0
WX11107,0,3,3,2,3,benign_or_unconfirmed,0
n3539,5,1,2,2,2,benign_or_unconfirmed,0
WX11108,2,1,2,2,2,benign_or_unconfirmed,0
WX11109,0,3,3,2,3,benign_or_unconfirmed,0
n3537,5,1,2,2,2,benign_or_unconfirmed,0
WX11110,2,1,2,2,2,benign_or_unconfirmed,0
WX11111,0,3,3,2,3,benign_or_unconfirmed,0
n3535,5,1,2,2,2,benign_or_unconfirmed,0
WX11112,2,1,2,2,2,benign_or_unconfirmed,0
WX11113,0,3,3,2,3,benign_or_unconfirmed,0
n3533,5,1,2,2,2,benign_or_unconfirmed,0
WX11114,2,1,2,2,2,benign_or_unconfirmed,0
WX11115,0,3,3,2,3,benign_or_unconfirmed,0
n3531,5,1,2,2,2,benign_or_unconfirmed,0
WX11116,2,1,2,2,2,benign_or_unconfirmed,0
WX11117,4,3,4,3,4,benign_or_unconfirmed,0
WX11118,2,1,2,2,2,benign_or_unconfirmed,0
WX11119,4,3,4,3,4,benign_or_unconfirmed,0
WX11120,2,1,2,2,2,benign_or_unconfirmed,0
WX11121,4,3,4,3,4,benign_or_unconfirmed,0
WX11122,2,1,2,2,2,benign_or_unconfirmed,0
WX11123,4,3,4,3,4,benign_or_unconfirmed,0
WX11124,2,1,2,2,2,benign_or_unconfirmed,0
WX11125,4,3,4,3,4,benign_or_unconfirmed,0
WX11126,2,1,2,2,2,benign_or_unconfirmed,0
WX11127,4,3,4,3,4,benign_or_unconfirmed,0
WX11128,2,1,2,2,2,benign_or_unconfirmed,0
WX11129,4,3,4,3,4,benign_or_unconfirmed,0
WX11130,2,1,2,2,2,benign_or_unconfirmed,0
WX11131,4,3,4,3,4,benign_or_unconfirmed,0
WX11132,2,1,2,2,2,benign_or_unconfirmed,0
WX11133,4,3,4,3,4,benign_or_unconfirmed,0
WX11134,2,1,2,2,2,benign_or_unconfirmed,0
WX11135,4,3,4,3,4,benign_or_unconfirmed,0
WX11136,2,1,2,2,2,benign_or_unconfirmed,0
test_so95,4,2,3,3,3,benign_or_unconfirmed,0
WX11138,2,1,2,2,2,benign_or_unconfirmed,0
test_si96,0,1,1,1,1,benign_or_unconfirmed,0
WX11139,4,3,4,3,4,benign_or_unconfirmed,0
WX11140,2,1,2,2,2,benign_or_unconfirmed,0
WX11141,4,3,4,3,4,benign_or_unconfirmed,0
WX11142,2,1,2,2,2,benign_or_unconfirmed,0
WX11143,4,3,4,3,4,benign_or_unconfirmed,0
WX11144,2,1,2,2,2,benign_or_unconfirmed,0
WX11145,4,3,4,3,4,benign_or_unconfirmed,0
WX11146,2,1,2,2,2,benign_or_unconfirmed,0
WX11147,4,3,4,3,4,benign_or_unconfirmed,0
WX11148,2,1,2,2,2,benign_or_unconfirmed,0
WX11149,4,3,4,3,4,benign_or_unconfirmed,0
WX11150,2,1,2,2,2,benign_or_unconfirmed,0
WX11151,4,3,4,3,4,benign_or_unconfirmed,0
WX11152,2,1,2,2,2,benign_or_unconfirmed,0
WX11153,4,3,4,3,4,benign_or_unconfirmed,0
WX11154,2,1,2,2,2,benign_or_unconfirmed,0
WX11155,4,3,4,3,4,victim_control,1
WX11156,2,1,2,2,2,benign_or_unconfirmed,0
WX11157,4,3,4,3,4,benign_or_unconfirmed,0
WX11158,2,1,2,2,2,benign_or_unconfirmed,0
WX11159,4,3,4,3,4,benign_or_unconfirmed,0
WX11160,2,1,2,2,2,benign_or_unconfirmed,0
WX11161,4,3,4,3,4,benign_or_unconfirmed,0
WX11162,2,1,2,2,2,benign_or_unconfirmed,0
WX11163,4,3,4,3,4,benign_or_unconfirmed,0
WX11164,2,1,2,2,2,benign_or_unconfirmed,0
WX11165,4,3,4,3,4,benign_or_unconfirmed,0
WX11166,2,1,2,2,2,benign_or_unconfirmed,0
WX11167,4,3,4,3,4,benign_or_unconfirmed,0
WX11168,2,1,2,2,2,benign_or_unconfirmed,0
WX11169,4,3,4,3,4,benign_or_unconfirmed,0
WX11170,2,1,2,2,2,benign_or_unconfirmed,0
test_so96,4,2,3,3,3,benign_or_unconfirmed,0
WX11172,2,1,2,2,2,benign_or_unconfirmed,0
test_si97,0,1,1,1,1,benign_or_unconfirmed,0
WX11173,4,3,4,3,4,benign_or_unconfirmed,0
WX11174,2,1,2,2,2,benign_or_unconfirmed,0
WX11175,4,3,4,3,4,benign_or_unconfirmed,0
WX11176,2,1,2,2,2,benign_or_unconfirmed,0
WX11177,4,3,4,3,4,benign_or_unconfirmed,0
WX11178,2,1,2,2,2,benign_or_unconfirmed,0
WX11179,4,3,4,3,4,benign_or_unconfirmed,0
WX11180,2,1,2,2,2,benign_or_unconfirmed,0
WX11181,4,3,4,3,4,benign_or_unconfirmed,0
WX11182,2,1,2,2,2,benign_or_unconfirmed,0
WX11183,4,3,4,3,4,benign_or_unconfirmed,0
WX11184,2,1,2,2,2,benign_or_unconfirmed,0
WX11185,4,3,4,3,4,benign_or_unconfirmed,0
WX11186,2,1,2,2,2,benign_or_unconfirmed,0
WX11187,4,3,4,3,4,benign_or_unconfirmed,0
WX11188,2,1,2,2,2,benign_or_unconfirmed,0
WX11189,4,3,4,3,4,benign_or_unconfirmed,0
WX11190,2,1,2,2,2,benign_or_unconfirmed,0
WX11191,4,3,4,3,4,benign_or_unconfirmed,0
WX11192,2,1,2,2,2,benign_or_unconfirmed,0
WX11193,4,3,4,3,4,benign_or_unconfirmed,0
WX11194,2,1,2,2,2,benign_or_unconfirmed,0
WX11195,4,3,4,3,4,benign_or_unconfirmed,0
WX11196,2,1,2,2,2,benign_or_unconfirmed,0
WX11197,4,3,4,3,4,benign_or_unconfirmed,0
WX11198,2,1,2,2,2,benign_or_unconfirmed,0
WX11199,4,3,4,3,4,benign_or_unconfirmed,0
WX11200,2,1,2,2,2,benign_or_unconfirmed,0
WX11201,4,3,4,3,4,benign_or_unconfirmed,0
WX11202,2,1,2,2,2,benign_or_unconfirmed,0
WX11203,4,3,4,3,4,benign_or_unconfirmed,0
WX11204,2,1,2,2,2,benign_or_unconfirmed,0
test_so97,4,2,3,3,3,benign_or_unconfirmed,0
WX11206,2,1,2,2,2,benign_or_unconfirmed,0
test_si98,0,1,1,1,1,benign_or_unconfirmed,0
WX11207,4,3,4,3,4,benign_or_unconfirmed,0
WX11208,2,1,2,2,2,benign_or_unconfirmed,0
WX11209,4,3,4,3,4,benign_or_unconfirmed,0
WX11210,2,1,2,2,2,benign_or_unconfirmed,0
WX11211,4,3,4,3,4,benign_or_unconfirmed,0
WX11212,2,1,2,2,2,benign_or_unconfirmed,0
WX11213,4,3,4,2,4,benign_or_unconfirmed,0
WX11214,2,1,2,2,2,benign_or_unconfirmed,0
WX11215,4,3,4,2,4,benign_or_unconfirmed,0
WX11216,2,1,2,2,2,benign_or_unconfirmed,0
WX11217,4,3,4,2,4,benign_or_unconfirmed,0
WX11218,2,1,2,2,2,benign_or_unconfirmed,0
WX11219,4,3,4,2,4,benign_or_unconfirmed,0
WX11220,2,1,2,2,2,benign_or_unconfirmed,0
WX11221,4,3,4,3,4,benign_or_unconfirmed,0
WX11222,2,1,2,2,2,benign_or_unconfirmed,0
WX11223,4,3,4,2,4,benign_or_unconfirmed,0
WX11224,2,1,2,2,2,benign_or_unconfirmed,0
WX11225,4,3,4,2,4,benign_or_unconfirmed,0
WX11226,2,1,2,2,2,benign_or_unconfirmed,0
WX11227,4,3,4,2,4,benign_or_unconfirmed,0
WX11228,2,1,2,2,2,benign_or_unconfirmed,0
WX11229,4,3,4,2,4,benign_or_unconfirmed,0
WX11230,2,1,2,2,2,benign_or_unconfirmed,0
WX11231,4,3,4,2,4,benign_or_unconfirmed,0
WX11232,2,1,2,2,2,benign_or_unconfirmed,0
WX11233,4,3,4,2,4,benign_or_unconfirmed,0
WX11234,2,1,2,2,2,benign_or_unconfirmed,0
WX11235,4,3,4,3,4,benign_or_unconfirmed,0
WX11236,2,1,2,2,2,benign_or_unconfirmed,0
WX11237,4,3,4,2,4,benign_or_unconfirmed,0
WX11238,2,1,2,2,2,benign_or_unconfirmed,0
test_so98,4,2,3,2,3,benign_or_unconfirmed,0
WX11240,2,1,2,2,2,benign_or_unconfirmed,0
test_si99,0,1,1,1,1,benign_or_unconfirmed,0
WX11241,4,3,4,2,4,benign_or_unconfirmed,0
WX11242,2,1,2,2,2,benign_or_unconfirmed,0
WX11243,4,3,4,2,4,benign_or_unconfirmed,0
WX11608,2,1,2,2,2,benign_or_unconfirmed,0
CRC_OUT_1_0,0,3,3,2,3,benign_or_unconfirmed,0
DFF_1696_n1,5,1,2,2,2,benign_or_unconfirmed,0
WX11610,2,1,2,2,2,benign_or_unconfirmed,0
CRC_OUT_1_1,0,3,3,2,3,benign_or_unconfirmed,0
DFF_1697_n1,5,1,2,2,2,benign_or_unconfirmed,0
WX11612,2,1,2,2,2,benign_or_unconfirmed,0
CRC_OUT_1_2,0,3,3,2,3,benign_or_unconfirmed,0
DFF_1698_n1,5,1,2,2,2,benign_or_unconfirmed,0
WX11614,2,1,2,2,2,benign_or_unconfirmed,0
CRC_OUT_1_3,0,3,3,2,3,benign_or_unconfirmed,0
DFF_1699_n1,5,1,2,2,2,benign_or_unconfirmed,0
WX11616,2,1,2,2,2,benign_or_unconfirmed,0
CRC_OUT_1_4,0,3,3,2,3,benign_or_unconfirmed,0
DFF_1700_n1,5,1,2,2,2,benign_or_unconfirmed,0
WX11618,2,1,2,2,2,benign_or_unconfirmed,0
CRC_OUT_1_5,0,3,3,2,3,benign_or_unconfirmed,0
DFF_1701_n1,5,1,2,2,2,benign_or_unconfirmed,0
WX11620,2,1,2,2,2,benign_or_unconfirmed,0
CRC_OUT_1_6,0,3,3,2,3,benign_or_unconfirmed,0
DFF_1702_n1,5,1,2,2,2,benign_or_unconfirmed,0
WX11622,2,1,2,2,2,benign_or_unconfirmed,0
CRC_OUT_1_7,0,3,3,2,3,benign_or_unconfirmed,0
DFF_1703_n1,5,1,2,2,2,benign_or_unconfirmed,0
WX11624,2,1,2,2,2,benign_or_unconfirmed,0
CRC_OUT_1_8,0,3,3,2,3,benign_or_unconfirmed,0
DFF_1704_n1,5,1,2,2,2,benign_or_unconfirmed,0
WX11626,2,1,2,2,2,benign_or_unconfirmed,0
CRC_OUT_1_9,0,3,3,2,3,benign_or_unconfirmed,0
DFF_1705_n1,5,1,2,2,2,benign_or_unconfirmed,0
WX11628,2,1,2,2,2,benign_or_unconfirmed,0
CRC_OUT_1_10,0,3,3,2,3,benign_or_unconfirmed,0
DFF_1706_n1,5,1,2,2,2,benign_or_unconfirmed,0
WX11630,2,1,2,2,2,benign_or_unconfirmed,0
CRC_OUT_1_11,0,3,3,2,3,benign_or_unconfirmed,0
DFF_1707_n1,5,1,2,2,2,benign_or_unconfirmed,0
WX11632,2,1,2,2,2,benign_or_unconfirmed,0
CRC_OUT_1_12,0,3,3,2,3,benign_or_unconfirmed,0
DFF_1708_n1,5,1,2,2,2,benign_or_unconfirmed,0
WX11634,2,1,2,2,2,benign_or_unconfirmed,0
CRC_OUT_1_13,0,3,3,2,3,benign_or_unconfirmed,0
DFF_1709_n1,5,1,2,2,2,benign_or_unconfirmed,0
WX11636,2,1,2,2,2,benign_or_unconfirmed,0
CRC_OUT_1_14,0,2,2,2,2,benign_or_unconfirmed,0
DFF_1710_n1,5,1,2,2,2,benign_or_unconfirmed,0
WX11638,2,1,2,2,2,benign_or_unconfirmed,0
test_si100,0,1,1,1,1,benign_or_unconfirmed,0
CRC_OUT_1_15,0,3,3,2,3,benign_or_unconfirmed,0
DFF_1711_n1,5,1,2,2,2,benign_or_unconfirmed,0
WX11640,2,1,2,2,2,benign_or_unconfirmed,0
CRC_OUT_1_16,0,3,3,2,3,benign_or_unconfirmed,0
DFF_1712_n1,5,1,2,2,2,benign_or_unconfirmed,0
WX11642,2,1,2,2,2,benign_or_unconfirmed,0
CRC_OUT_1_17,0,3,3,2,3,benign_or_unconfirmed,0
DFF_1713_n1,5,1,2,2,2,benign_or_unconfirmed,0
WX11644,2,1,2,2,2,benign_or_unconfirmed,0
CRC_OUT_1_18,0,3,3,2,3,benign_or_unconfirmed,0
DFF_1714_n1,5,1,2,2,2,benign_or_unconfirmed,0
WX11646,2,1,2,2,2,benign_or_unconfirmed,0
CRC_OUT_1_19,0,3,3,2,3,benign_or_unconfirmed,0
DFF_1715_n1,5,1,2,2,2,benign_or_unconfirmed,0
WX11648,2,1,2,2,2,benign_or_unconfirmed,0
CRC_OUT_1_20,0,3,3,2,3,benign_or_unconfirmed,0
DFF_1716_n1,5,1,2,2,2,benign_or_unconfirmed,0
WX11650,2,1,2,2,2,benign_or_unconfirmed,0
CRC_OUT_1_21,0,3,3,2,3,benign_or_unconfirmed,0
DFF_1717_n1,5,1,2,2,2,benign_or_unconfirmed,0
WX11652,2,1,2,2,2,benign_or_unconfirmed,0
CRC_OUT_1_22,0,3,3,2,3,benign_or_unconfirmed,0
DFF_1718_n1,5,1,2,2,2,benign_or_unconfirmed,0
WX11654,2,1,2,2,2,benign_or_unconfirmed,0
CRC_OUT_1_23,0,3,3,2,3,benign_or_unconfirmed,0
DFF_1719_n1,5,1,2,2,2,benign_or_unconfirmed,0
WX11656,2,1,2,2,2,benign_or_unconfirmed,0
CRC_OUT_1_24,0,3,3,2,3,benign_or_unconfirmed,0
DFF_1720_n1,5,1,2,2,2,benign_or_unconfirmed,0
WX11658,2,1,2,2,2,benign_or_unconfirmed,0
CRC_OUT_1_25,0,3,3,2,3,benign_or_unconfirmed,0
DFF_1721_n1,5,1,2,2,2,benign_or_unconfirmed,0
WX11660,2,1,2,2,2,benign_or_unconfirmed,0
CRC_OUT_1_26,0,3,3,2,3,benign_or_unconfirmed,0
DFF_1722_n1,5,1,2,2,2,benign_or_unconfirmed,0
WX11662,2,1,2,2,2,benign_or_unconfirmed,0
CRC_OUT_1_27,0,3,3,2,3,benign_or_unconfirmed,0
DFF_1723_n1,5,1,2,2,2,benign_or_unconfirmed,0
WX11664,2,1,2,2,2,benign_or_unconfirmed,0
CRC_OUT_1_28,0,3,3,2,3,benign_or_unconfirmed,0
DFF_1724_n1,5,1,2,2,2,benign_or_unconfirmed,0
WX11666,2,1,2,2,2,benign_or_unconfirmed,0
CRC_OUT_1_29,0,3,3,2,3,benign_or_unconfirmed,0
DFF_1725_n1,5,1,2,2,2,benign_or_unconfirmed,0
WX11668,2,1,2,2,2,benign_or_unconfirmed,0
CRC_OUT_1_30,0,3,3,2,3,benign_or_unconfirmed,0
DFF_1726_n1,5,1,2,2,2,benign_or_unconfirmed,0
WX11670,2,1,2,2,2,benign_or_unconfirmed,0
CRC_OUT_1_31,0,5,5,3,5,benign_or_unconfirmed,0
DFF_1727_n1,5,1,2,2,2,benign_or_unconfirmed,0
n4117,1,2,3,1,3,benign_or_unconfirmed,0
n4040,1,5,6,2,6,benign_or_unconfirmed,0
n4041,1,5,6,2,6,benign_or_unconfirmed,0
n4118,1,2,3,1,3,benign_or_unconfirmed,0
n4038,1,5,6,2,6,benign_or_unconfirmed,0
n4039,1,5,6,2,6,benign_or_unconfirmed,0
n4105,1,2,3,1,3,benign_or_unconfirmed,0
n4064,1,5,6,2,6,benign_or_unconfirmed,0
n4065,1,5,6,2,6,benign_or_unconfirmed,0
n4104,1,2,3,1,3,benign_or_unconfirmed,0
n4066,1,5,6,2,6,benign_or_unconfirmed,0
n4067,1,5,6,2,6,benign_or_unconfirmed,0
n4103,1,2,3,1,3,benign_or_unconfirmed,0
n4068,1,5,6,2,6,benign_or_unconfirmed,0
n4069,1,5,6,2,6,benign_or_unconfirmed,0
n4102,1,2,3,1,3,benign_or_unconfirmed,0
n4070,1,5,6,2,6,benign_or_unconfirmed,0
n4071,1,5,6,2,6,benign_or_unconfirmed,0
n4101,1,2,3,1,3,benign_or_unconfirmed,0
n4072,1,5,6,2,6,benign_or_unconfirmed,0
n4073,1,5,6,2,6,benign_or_unconfirmed,0
n4100,1,2,3,1,3,benign_or_unconfirmed,0
n4074,1,5,6,2,6,benign_or_unconfirmed,0
n4075,1,5,6,2,6,benign_or_unconfirmed,0
n4099,1,2,3,1,3,benign_or_unconfirmed,0
n4076,1,5,6,2,6,benign_or_unconfirmed,0
n4077,1,5,6,2,6,benign_or_unconfirmed,0
n4098,1,2,3,1,3,benign_or_unconfirmed,0
n4078,1,5,6,2,6,benign_or_unconfirmed,0
n4079,1,5,6,2,6,benign_or_unconfirmed,0
n4097,1,2,3,1,3,benign_or_unconfirmed,0
n4080,1,5,6,2,6,benign_or_unconfirmed,0
n4093,1,2,3,1,3,benign_or_unconfirmed,0
n4088,1,5,6,2,6,benign_or_unconfirmed,0
n4089,1,5,6,2,6,benign_or_unconfirmed,0
n4116,1,2,3,1,3,benign_or_unconfirmed,0
n4042,1,5,6,2,6,benign_or_unconfirmed,0
n4043,1,5,6,2,6,benign_or_unconfirmed,0
n4115,1,2,3,1,3,benign_or_unconfirmed,0
n4044,1,5,6,2,6,benign_or_unconfirmed,0
n4045,1,5,6,2,6,benign_or_unconfirmed,0
n4114,1,2,3,1,3,benign_or_unconfirmed,0
n4046,1,5,6,2,6,benign_or_unconfirmed,0
n4047,1,5,6,2,6,benign_or_unconfirmed,0
n4113,1,2,3,1,3,benign_or_unconfirmed,0
n4048,1,5,6,2,6,benign_or_unconfirmed,0
n4049,1,5,6,2,6,benign_or_unconfirmed,0
n4112,1,2,3,1,3,benign_or_unconfirmed,0
n4050,1,5,6,2,6,benign_or_unconfirmed,0
n4051,1,5,6,2,6,benign_or_unconfirmed,0
n4111,1,2,3,1,3,benign_or_unconfirmed,0
n4052,1,5,6,2,6,benign_or_unconfirmed,0
n4053,1,5,6,2,6,benign_or_unconfirmed,0
n4110,1,2,3,1,3,benign_or_unconfirmed,0
n4054,1,5,6,2,6,benign_or_unconfirmed,0
n4055,1,5,6,2,6,benign_or_unconfirmed,0
n4109,1,2,3,1,3,benign_or_unconfirmed,0
n4056,1,5,6,2,6,benign_or_unconfirmed,0
n4057,1,5,6,2,6,benign_or_unconfirmed,0
n4108,1,2,3,1,3,benign_or_unconfirmed,0
n4058,1,5,6,2,6,benign_or_unconfirmed,0
n4059,1,5,6,2,6,benign_or_unconfirmed,0
n4107,1,2,3,1,3,benign_or_unconfirmed,0
n4060,1,5,6,2,6,benign_or_unconfirmed,0
n4061,1,5,6,2,6,benign_or_unconfirmed,0
n4106,1,2,3,1,3,benign_or_unconfirmed,0
n4062,1,5,6,2,6,benign_or_unconfirmed,0
n4063,1,5,6,2,6,benign_or_unconfirmed,0
n4081,1,5,6,2,6,benign_or_unconfirmed,0
n4096,1,2,3,1,3,benign_or_unconfirmed,0
n4082,1,5,6,2,6,benign_or_unconfirmed,0
n4083,1,5,6,2,6,benign_or_unconfirmed,0
n4095,1,2,3,1,3,benign_or_unconfirmed,0
n4084,1,5,6,2,6,benign_or_unconfirmed,0
n4085,1,5,6,2,6,benign_or_unconfirmed,0
n4094,1,2,3,1,3,benign_or_unconfirmed,0
n4086,1,5,6,2,6,benign_or_unconfirmed,0
n4087,1,5,6,2,6,benign_or_unconfirmed,0
n4237,1,2,3,1,3,benign_or_unconfirmed,0
n4172,1,4,5,2,5,benign_or_unconfirmed,0
n4173,1,4,5,2,5,benign_or_unconfirmed,0
n4236,1,2,3,1,3,benign_or_unconfirmed,0
n4174,1,4,5,2,5,benign_or_unconfirmed,0
n4175,1,4,5,2,5,benign_or_unconfirmed,0
n4235,1,2,3,1,3,benign_or_unconfirmed,0
n4176,1,4,5,2,5,benign_or_unconfirmed,0
n4177,1,4,5,2,5,benign_or_unconfirmed,0
n4234,1,2,3,1,3,benign_or_unconfirmed,0
n4178,1,4,5,2,5,benign_or_unconfirmed,0
n4233,1,2,3,1,3,benign_or_unconfirmed,0
n4180,1,4,5,2,5,benign_or_unconfirmed,0
n4181,1,4,5,2,5,benign_or_unconfirmed,0
n4232,1,2,3,1,3,benign_or_unconfirmed,0
n4182,1,4,5,2,5,benign_or_unconfirmed,0
n4183,1,4,5,2,5,benign_or_unconfirmed,0
n4231,1,2,3,1,3,benign_or_unconfirmed,0
n4184,1,4,5,2,5,benign_or_unconfirmed,0
n4185,1,4,5,2,5,benign_or_unconfirmed,0
n4230,1,2,3,1,3,benign_or_unconfirmed,0
n4186,1,4,5,2,5,benign_or_unconfirmed,0
n4187,1,4,5,2,5,benign_or_unconfirmed,0
n4229,1,2,3,1,3,benign_or_unconfirmed,0
n4188,1,4,5,2,5,benign_or_unconfirmed,0
n4189,1,4,5,2,5,benign_or_unconfirmed,0
n4228,1,2,3,1,3,benign_or_unconfirmed,0
n4190,1,4,5,2,5,benign_or_unconfirmed,0
n4191,1,4,5,2,5,benign_or_unconfirmed,0
n4227,1,2,3,1,3,benign_or_unconfirmed,0
n4192,1,4,5,2,5,benign_or_unconfirmed,0
n4193,1,4,5,2,5,benign_or_unconfirmed,0
n4226,1,2,3,1,3,benign_or_unconfirmed,0
n4194,1,4,5,2,5,benign_or_unconfirmed,0
n4195,1,4,5,2,5,benign_or_unconfirmed,0
n4225,1,2,3,1,3,benign_or_unconfirmed,0
n4196,1,4,5,2,5,benign_or_unconfirmed,0
n4224,1,2,3,1,3,benign_or_unconfirmed,0
n4198,1,4,5,2,5,benign_or_unconfirmed,0
n4197,1,4,5,2,5,benign_or_unconfirmed,0
n4199,1,4,5,2,5,benign_or_unconfirmed,0
n4223,1,2,3,1,3,benign_or_unconfirmed,0
n4200,1,4,5,2,5,benign_or_unconfirmed,0
n4251,1,2,3,1,3,benign_or_unconfirmed,0
n4144,1,4,5,2,5,benign_or_unconfirmed,0
n4145,1,4,5,2,5,benign_or_unconfirmed,0
n4250,1,2,3,1,3,benign_or_unconfirmed,0
n4146,1,4,5,2,5,benign_or_unconfirmed,0
n4147,1,4,5,2,5,benign_or_unconfirmed,0
n4249,1,2,3,1,3,benign_or_unconfirmed,0
n4148,1,4,5,2,5,benign_or_unconfirmed,0
n4149,1,4,5,2,5,benign_or_unconfirmed,0
n4248,1,2,3,1,3,benign_or_unconfirmed,0
n4150,1,4,5,2,5,benign_or_unconfirmed,0
n4151,1,4,5,2,5,benign_or_unconfirmed,0
n4247,1,2,3,1,3,benign_or_unconfirmed,0
n4152,1,4,5,2,5,benign_or_unconfirmed,0
n4153,1,4,5,2,5,benign_or_unconfirmed,0
n4246,1,2,3,1,3,benign_or_unconfirmed,0
n4154,1,4,5,2,5,benign_or_unconfirmed,0
n4155,1,4,5,2,5,benign_or_unconfirmed,0
n4245,1,2,3,1,3,benign_or_unconfirmed,0
n4156,1,4,5,2,5,benign_or_unconfirmed,0
n4157,1,4,5,2,5,benign_or_unconfirmed,0
n4244,1,2,3,1,3,benign_or_unconfirmed,0
n4158,1,4,5,2,5,benign_or_unconfirmed,0
n4159,1,4,5,2,5,benign_or_unconfirmed,0
n4243,1,2,3,1,3,benign_or_unconfirmed,0
n4160,1,4,5,2,5,benign_or_unconfirmed,0
n4161,1,4,5,2,5,benign_or_unconfirmed,0
n4179,1,4,5,2,5,benign_or_unconfirmed,0
n4242,1,2,3,1,3,benign_or_unconfirmed,0
n4162,1,4,5,2,5,benign_or_unconfirmed,0
n4163,1,4,5,2,5,benign_or_unconfirmed,0
n4241,1,2,3,1,3,benign_or_unconfirmed,0
n4164,1,4,5,2,5,benign_or_unconfirmed,0
n4165,1,4,5,2,5,benign_or_unconfirmed,0
n4240,1,2,3,1,3,benign_or_unconfirmed,0
n4166,1,4,5,2,5,benign_or_unconfirmed,0
n4167,1,4,5,2,5,benign_or_unconfirmed,0
n4239,1,2,3,1,3,benign_or_unconfirmed,0
n4168,1,4,5,2,5,benign_or_unconfirmed,0
n4169,1,4,5,2,5,benign_or_unconfirmed,0
n4238,1,2,3,1,3,benign_or_unconfirmed,0
n4170,1,4,5,2,5,benign_or_unconfirmed,0
n4171,1,4,5,2,5,benign_or_unconfirmed,0
n4201,1,4,5,2,5,benign_or_unconfirmed,0
n4222,1,2,3,1,3,benign_or_unconfirmed,0
n4203,1,4,5,2,5,benign_or_unconfirmed,0
n4202,1,4,5,2,5,benign_or_unconfirmed,0
n4221,1,2,3,1,3,benign_or_unconfirmed,0
n4204,1,4,5,2,5,benign_or_unconfirmed,0
n4220,1,2,3,1,3,benign_or_unconfirmed,0
n4207,1,4,5,2,5,benign_or_unconfirmed,0
n4206,1,4,5,2,5,benign_or_unconfirmed,0
n4205,1,4,5,2,5,benign_or_unconfirmed,0
n4120,1,2,3,1,3,benign_or_unconfirmed,0
n4034,1,5,6,2,6,benign_or_unconfirmed,0
n4035,1,5,6,3,6,benign_or_unconfirmed,0
n4119,1,2,3,1,3,benign_or_unconfirmed,0
n4036,1,5,6,2,6,benign_or_unconfirmed,0
n4037,1,5,6,2,6,benign_or_unconfirmed,0
n4092,1,2,3,1,3,benign_or_unconfirmed,0
n4090,1,5,6,2,6,benign_or_unconfirmed,0
n4217,1,2,3,1,3,benign_or_unconfirmed,0
n4212,1,4,5,2,5,benign_or_unconfirmed,0
n4218,1,2,3,1,3,benign_or_unconfirmed,0
n4211,1,4,5,2,5,benign_or_unconfirmed,0
n4219,1,2,3,1,3,benign_or_unconfirmed,0
n4209,1,4,5,2,5,benign_or_unconfirmed,0
n4208,1,4,5,2,5,benign_or_unconfirmed,0
n4210,1,4,5,2,5,benign_or_unconfirmed,0
n4213,1,4,5,2,5,benign_or_unconfirmed,0
n4216,1,2,3,1,3,benign_or_unconfirmed,0
n4214,1,4,5,2,5,benign_or_unconfirmed,0
n4215,1,4,5,2,5,benign_or_unconfirmed,0
n4091,1,3,4,2,4,benign_or_unconfirmed,0
n4259,1,2,3,1,3,benign_or_unconfirmed,0
n4122,1,2,3,1,3,benign_or_unconfirmed,0
n4260,1,2,3,1,3,benign_or_unconfirmed,0
n4261,1,2,3,1,3,benign_or_unconfirmed,0
n4128,1,2,3,1,3,benign_or_unconfirmed,0
n4129,1,2,3,1,3,benign_or_unconfirmed,0
n4262,1,2,3,1,3,benign_or_unconfirmed,0
n4263,1,2,3,1,3,benign_or_unconfirmed,0
n4130,1,2,3,1,3,benign_or_unconfirmed,0
n4264,1,2,3,1,3,benign_or_unconfirmed,0
n4131,1,2,3,1,3,benign_or_unconfirmed,0
n4265,1,2,3,1,3,benign_or_unconfirmed,0
n4132,1,2,3,1,3,benign_or_unconfirmed,0
n4134,1,2,3,1,3,benign_or_unconfirmed,0
n4252,1,2,3,1,3,benign_or_unconfirmed,0
n4123,1,2,3,1,3,benign_or_unconfirmed,0
n4253,1,2,3,1,3,benign_or_unconfirmed,0
n4124,1,2,3,1,3,benign_or_unconfirmed,0
n4254,1,2,3,1,3,benign_or_unconfirmed,0
n4125,1,2,3,1,3,benign_or_unconfirmed,0
n4255,1,2,3,1,3,benign_or_unconfirmed,0
n4256,1,2,3,1,3,benign_or_unconfirmed,0
n4126,1,2,3,1,3,benign_or_unconfirmed,0
n4257,1,2,3,1,3,benign_or_unconfirmed,0
n4127,1,2,3,1,3,benign_or_unconfirmed,0
n4258,1,2,3,1,3,benign_or_unconfirmed,0
n4266,1,2,3,1,3,benign_or_unconfirmed,0
n4133,1,2,3,1,3,benign_or_unconfirmed,0
n4267,1,2,3,1,3,benign_or_unconfirmed,0
n4479,1,5,6,3,6,benign_or_unconfirmed,0
n4586,1,15,16,3,16,benign_or_unconfirmed,0
n2245,2,9,10,2,10,benign_or_unconfirmed,0
n4482,1,2,3,1,3,benign_or_unconfirmed,0
n4474,1,5,6,2,6,benign_or_unconfirmed,0
n4475,1,5,6,2,6,benign_or_unconfirmed,0
n4481,1,2,3,1,3,benign_or_unconfirmed,0
n4476,1,5,6,2,6,benign_or_unconfirmed,0
n4477,1,5,6,2,6,benign_or_unconfirmed,0
n4480,1,2,3,1,3,benign_or_unconfirmed,0
n4478,1,5,6,2,6,benign_or_unconfirmed,0
n4507,1,2,3,1,3,benign_or_unconfirmed,0
n4424,1,5,6,2,6,benign_or_unconfirmed,0
n4425,1,5,6,2,6,benign_or_unconfirmed,0
n4506,1,2,3,1,3,benign_or_unconfirmed,0
n4426,1,5,6,2,6,benign_or_unconfirmed,0
n4427,1,5,6,2,6,benign_or_unconfirmed,0
n4505,1,2,3,1,3,benign_or_unconfirmed,0
n4428,1,5,6,2,6,benign_or_unconfirmed,0
n4429,1,5,6,2,6,benign_or_unconfirmed,0
n4504,1,2,3,1,3,benign_or_unconfirmed,0
n4430,1,5,6,2,6,benign_or_unconfirmed,0
n4431,1,5,6,2,6,benign_or_unconfirmed,0
n4503,1,2,3,1,3,benign_or_unconfirmed,0
n4432,1,5,6,2,6,benign_or_unconfirmed,0
n4433,1,5,6,2,6,benign_or_unconfirmed,0
n4502,1,2,3,1,3,benign_or_unconfirmed,0
n4434,1,5,6,2,6,benign_or_unconfirmed,0
n4435,1,5,6,2,6,benign_or_unconfirmed,0
n4501,1,2,3,1,3,benign_or_unconfirmed,0
n4436,1,5,6,2,6,benign_or_unconfirmed,0
n4437,1,5,6,2,6,benign_or_unconfirmed,0
n4500,1,2,3,1,3,benign_or_unconfirmed,0
n4438,1,5,6,2,6,benign_or_unconfirmed,0
n4439,1,5,6,2,6,benign_or_unconfirmed,0
n4499,1,2,3,1,3,benign_or_unconfirmed,0
n4440,1,5,6,2,6,benign_or_unconfirmed,0
n4441,1,5,6,2,6,benign_or_unconfirmed,0
n4495,1,2,3,1,3,benign_or_unconfirmed,0
n4449,1,5,6,2,6,benign_or_unconfirmed,0
n4494,1,2,3,1,3,benign_or_unconfirmed,0
n4450,1,5,6,2,6,benign_or_unconfirmed,0
n4451,1,5,6,2,6,benign_or_unconfirmed,0
n4493,1,2,3,1,3,benign_or_unconfirmed,0
n4452,1,5,6,2,6,benign_or_unconfirmed,0
n4453,1,5,6,2,6,benign_or_unconfirmed,0
n4492,1,2,3,1,3,benign_or_unconfirmed,0
n4454,1,5,6,2,6,benign_or_unconfirmed,0
n4455,1,5,6,2,6,benign_or_unconfirmed,0
n4491,1,2,3,1,3,benign_or_unconfirmed,0
n4456,1,5,6,2,6,benign_or_unconfirmed,0
n4457,1,5,6,2,6,benign_or_unconfirmed,0
n4490,1,2,3,1,3,benign_or_unconfirmed,0
n4458,1,5,6,2,6,benign_or_unconfirmed,0
n4459,1,5,6,2,6,benign_or_unconfirmed,0
n4489,1,2,3,1,3,benign_or_unconfirmed,0
n4460,1,5,6,2,6,benign_or_unconfirmed,0
n4461,1,5,6,2,6,benign_or_unconfirmed,0
n4488,1,2,3,1,3,benign_or_unconfirmed,0
n4462,1,5,6,2,6,benign_or_unconfirmed,0
n4463,1,5,6,2,6,benign_or_unconfirmed,0
n4487,1,2,3,1,3,benign_or_unconfirmed,0
n4464,1,5,6,2,6,benign_or_unconfirmed,0
n4465,1,5,6,2,6,benign_or_unconfirmed,0
n4486,1,2,3,1,3,benign_or_unconfirmed,0
n4466,1,5,6,2,6,benign_or_unconfirmed,0
n4467,1,5,6,2,6,benign_or_unconfirmed,0
n4485,1,2,3,1,3,benign_or_unconfirmed,0
n4468,1,5,6,2,6,benign_or_unconfirmed,0
n4469,1,5,6,2,6,benign_or_unconfirmed,0
n4484,1,2,3,1,3,benign_or_unconfirmed,0
n4470,1,5,6,2,6,benign_or_unconfirmed,0
n4471,1,5,6,2,6,benign_or_unconfirmed,0
n4483,1,2,3,1,3,benign_or_unconfirmed,0
n4472,1,5,6,2,6,benign_or_unconfirmed,0
n4473,1,5,6,2,6,benign_or_unconfirmed,0
n4498,1,2,3,1,3,benign_or_unconfirmed,0
n4442,1,5,6,2,6,benign_or_unconfirmed,0
n4443,1,5,6,2,6,benign_or_unconfirmed,0
n4497,1,2,3,1,3,benign_or_unconfirmed,0
n4444,1,5,6,2,6,benign_or_unconfirmed,0
n4445,1,5,6,2,6,benign_or_unconfirmed,0
n4496,1,2,3,1,3,benign_or_unconfirmed,0
n4446,1,5,6,2,6,benign_or_unconfirmed,0
n4447,1,5,6,2,6,benign_or_unconfirmed,0
n4448,1,5,6,2,6,benign_or_unconfirmed,0
n4275,1,2,3,1,3,benign_or_unconfirmed,0
n4142,1,2,3,1,3,benign_or_unconfirmed,0
n4274,1,2,3,1,3,benign_or_unconfirmed,0
n4139,1,2,3,1,3,benign_or_unconfirmed,0
n4273,1,2,3,1,3,benign_or_unconfirmed,0
n4138,1,2,3,1,3,benign_or_unconfirmed,0
n4272,1,2,3,1,3,benign_or_unconfirmed,0
n4278,1,2,3,1,3,benign_or_unconfirmed,0
n4141,1,2,3,1,3,benign_or_unconfirmed,0
n4277,1,2,3,1,3,benign_or_unconfirmed,0
n4276,1,2,3,1,3,benign_or_unconfirmed,0
n4140,1,2,3,1,3,benign_or_unconfirmed,0
n4137,1,2,3,1,3,benign_or_unconfirmed,0
n4271,1,2,3,1,3,benign_or_unconfirmed,0
n4136,1,2,3,1,3,benign_or_unconfirmed,0
n4121,1,2,3,1,3,benign_or_unconfirmed,0
n4269,1,2,3,1,3,benign_or_unconfirmed,0
n4135,1,1,2,1,2,benign_or_unconfirmed,0
n4268,1,2,3,1,3,benign_or_unconfirmed,0
n4679,1,2,3,1,3,benign_or_unconfirmed,0
n4558,1,11,12,2,12,benign_or_unconfirmed,0
n4377,1,2,3,1,3,benign_or_unconfirmed,0
n4312,1,4,5,2,5,benign_or_unconfirmed,0
n4313,1,4,5,2,5,benign_or_unconfirmed,0
n4376,1,2,3,1,3,benign_or_unconfirmed,0
n4314,1,4,5,2,5,benign_or_unconfirmed,0
n4315,1,4,5,2,5,benign_or_unconfirmed,0
n4375,1,2,3,1,3,benign_or_unconfirmed,0
n4316,1,4,5,2,5,benign_or_unconfirmed,0
n4317,1,4,5,2,5,benign_or_unconfirmed,0
n4374,1,2,3,1,3,benign_or_unconfirmed,0
n4318,1,4,5,2,5,benign_or_unconfirmed,0
n4373,1,2,3,1,3,benign_or_unconfirmed,0
n4320,1,4,5,2,5,benign_or_unconfirmed,0
n4321,1,4,5,2,5,benign_or_unconfirmed,0
n4372,1,2,3,1,3,benign_or_unconfirmed,0
n4322,1,4,5,2,5,benign_or_unconfirmed,0
n4323,1,4,5,2,5,benign_or_unconfirmed,0
n4371,1,2,3,1,3,benign_or_unconfirmed,0
n4324,1,4,5,2,5,benign_or_unconfirmed,0
n4325,1,4,5,2,5,benign_or_unconfirmed,0
n4370,1,2,3,1,3,benign_or_unconfirmed,0
n4326,1,4,5,2,5,benign_or_unconfirmed,0
n4327,1,4,5,2,5,benign_or_unconfirmed,0
n4369,1,2,3,1,3,benign_or_unconfirmed,0
n4328,1,4,5,2,5,benign_or_unconfirmed,0
n4329,1,4,5,2,5,benign_or_unconfirmed,0
n4368,1,2,3,1,3,benign_or_unconfirmed,0
n4330,1,4,5,2,5,benign_or_unconfirmed,0
n4331,1,4,5,2,5,benign_or_unconfirmed,0
n4367,1,2,3,1,3,benign_or_unconfirmed,0
n4332,1,4,5,2,5,benign_or_unconfirmed,0
n4333,1,4,5,2,5,benign_or_unconfirmed,0
n4366,1,2,3,1,3,benign_or_unconfirmed,0
n4334,1,4,5,2,5,benign_or_unconfirmed,0
n4335,1,4,5,2,5,benign_or_unconfirmed,0
n4365,1,2,3,1,3,benign_or_unconfirmed,0
n4336,1,4,5,2,5,benign_or_unconfirmed,0
n4364,1,2,3,1,3,benign_or_unconfirmed,0
n4338,1,4,5,2,5,benign_or_unconfirmed,0
n4337,1,4,5,2,5,benign_or_unconfirmed,0
n4339,1,4,5,2,5,benign_or_unconfirmed,0
n4363,1,2,3,1,3,benign_or_unconfirmed,0
n4340,1,4,5,2,5,benign_or_unconfirmed,0
n4391,1,2,3,1,3,benign_or_unconfirmed,0
n4284,1,4,5,2,5,benign_or_unconfirmed,0
n4285,1,4,5,2,5,benign_or_unconfirmed,0
n4390,1,2,3,1,3,benign_or_unconfirmed,0
n4286,1,4,5,2,5,benign_or_unconfirmed,0
n4287,1,4,5,2,5,benign_or_unconfirmed,0
n4389,1,2,3,1,3,benign_or_unconfirmed,0
n4288,1,4,5,2,5,benign_or_unconfirmed,0
n4289,1,4,5,2,5,benign_or_unconfirmed,0
n4388,1,2,3,1,3,benign_or_unconfirmed,0
n4290,1,4,5,2,5,benign_or_unconfirmed,0
n4291,1,4,5,2,5,benign_or_unconfirmed,0
n4387,1,2,3,1,3,benign_or_unconfirmed,0
n4292,1,4,5,2,5,benign_or_unconfirmed,0
n4293,1,4,5,2,5,benign_or_unconfirmed,0
n4386,1,2,3,1,3,benign_or_unconfirmed,0
n4294,1,4,5,2,5,benign_or_unconfirmed,0
n4295,1,4,5,2,5,benign_or_unconfirmed,0
n4385,1,2,3,1,3,benign_or_unconfirmed,0
n4296,1,4,5,2,5,benign_or_unconfirmed,0
n4297,1,4,5,2,5,benign_or_unconfirmed,0
n4384,1,2,3,1,3,benign_or_unconfirmed,0
n4298,1,4,5,2,5,benign_or_unconfirmed,0
n4299,1,4,5,2,5,benign_or_unconfirmed,0
n4383,1,2,3,1,3,benign_or_unconfirmed,0
n4300,1,4,5,2,5,benign_or_unconfirmed,0
n4301,1,4,5,2,5,benign_or_unconfirmed,0
n4319,1,4,5,2,5,benign_or_unconfirmed,0
n4382,1,2,3,1,3,benign_or_unconfirmed,0
n4302,1,4,5,2,5,benign_or_unconfirmed,0
n4303,1,4,5,2,5,benign_or_unconfirmed,0
n4381,1,2,3,1,3,benign_or_unconfirmed,0
n4304,1,4,5,2,5,benign_or_unconfirmed,0
n4305,1,4,5,2,5,benign_or_unconfirmed,0
n4380,1,2,3,1,3,benign_or_unconfirmed,0
n4306,1,4,5,2,5,benign_or_unconfirmed,0
n4307,1,4,5,2,5,benign_or_unconfirmed,0
n4379,1,2,3,1,3,benign_or_unconfirmed,0
n4308,1,4,5,2,5,benign_or_unconfirmed,0
n4309,1,4,5,2,5,benign_or_unconfirmed,0
n4378,1,2,3,1,3,benign_or_unconfirmed,0
n4310,1,4,5,2,5,benign_or_unconfirmed,0
n4311,1,4,5,2,5,benign_or_unconfirmed,0
n4341,1,4,5,2,5,benign_or_unconfirmed,0
n4362,1,2,3,1,3,benign_or_unconfirmed,0
n4343,1,4,5,2,5,benign_or_unconfirmed,0
n4342,1,4,5,2,5,benign_or_unconfirmed,0
n4361,1,2,3,1,3,benign_or_unconfirmed,0
n4344,1,4,5,2,5,benign_or_unconfirmed,0
n4360,1,2,3,1,3,benign_or_unconfirmed,0
n4347,1,4,5,2,5,benign_or_unconfirmed,0
n4346,1,4,5,2,5,benign_or_unconfirmed,0
n4345,1,4,5,2,5,benign_or_unconfirmed,0
n2153,2,8,9,2,9,benign_or_unconfirmed,0
n4281,1,2,3,1,3,benign_or_unconfirmed,0
n4282,1,2,3,1,3,benign_or_unconfirmed,0
n4279,1,2,3,1,3,benign_or_unconfirmed,0
n4280,1,2,3,1,3,benign_or_unconfirmed,0
n4143,1,1,2,1,2,benign_or_unconfirmed,0
n4270,1,2,3,1,3,benign_or_unconfirmed,0
n4521,1,2,3,1,3,benign_or_unconfirmed,0
n4520,1,2,3,1,3,benign_or_unconfirmed,0
n4508,1,2,3,1,3,benign_or_unconfirmed,0
n4509,1,2,3,1,3,benign_or_unconfirmed,0
n4510,1,2,3,1,3,benign_or_unconfirmed,0
n4511,1,2,3,1,3,benign_or_unconfirmed,0
n4512,1,2,3,1,3,benign_or_unconfirmed,0
n4514,1,2,3,1,3,benign_or_unconfirmed,0
n4515,1,2,3,1,3,benign_or_unconfirmed,0
n4516,1,2,3,1,3,benign_or_unconfirmed,0
n4517,1,2,3,1,3,benign_or_unconfirmed,0
n4518,1,2,3,1,3,benign_or_unconfirmed,0
n4519,1,2,3,1,3,benign_or_unconfirmed,0
n4513,1,2,3,1,3,benign_or_unconfirmed,0
n4667,1,2,3,1,3,benign_or_unconfirmed,0
n4581,1,15,16,2,16,benign_or_unconfirmed,0
n4582,1,15,16,2,16,benign_or_unconfirmed,0
n4666,1,2,3,1,3,benign_or_unconfirmed,0
n4583,1,15,16,2,16,benign_or_unconfirmed,0
n4665,1,2,3,1,3,benign_or_unconfirmed,0
n4585,1,15,16,2,16,benign_or_unconfirmed,0
n4664,1,2,3,1,3,benign_or_unconfirmed,0
n4587,1,15,16,2,16,benign_or_unconfirmed,0
n4654,1,2,3,1,3,benign_or_unconfirmed,0
n4608,1,15,16,2,16,benign_or_unconfirmed,0
n4653,1,2,3,1,3,benign_or_unconfirmed,0
n4609,1,15,16,2,16,benign_or_unconfirmed,0
n4610,1,15,16,2,16,benign_or_unconfirmed,0
n4652,1,2,3,1,3,benign_or_unconfirmed,0
n4611,1,15,16,2,16,benign_or_unconfirmed,0
n4612,1,15,16,3,16,benign_or_unconfirmed,0
n4651,1,2,3,1,3,benign_or_unconfirmed,0
n4613,1,15,16,2,16,benign_or_unconfirmed,0
n4607,1,15,16,2,16,benign_or_unconfirmed,0
n4641,1,2,3,1,3,benign_or_unconfirmed,0
n4634,1,15,16,2,16,benign_or_unconfirmed,0
n4640,1,2,3,1,3,benign_or_unconfirmed,0
n4635,1,15,16,3,16,benign_or_unconfirmed,0
n4636,1,15,16,2,16,benign_or_unconfirmed,0
n4649,1,2,3,1,3,benign_or_unconfirmed,0
n4617,1,15,16,2,16,benign_or_unconfirmed,0
n4618,1,15,16,2,16,benign_or_unconfirmed,0
n4648,1,2,3,1,3,benign_or_unconfirmed,0
n4619,1,15,16,2,16,benign_or_unconfirmed,0
n4620,1,15,16,3,16,benign_or_unconfirmed,0
n4647,1,2,3,1,3,benign_or_unconfirmed,0
n4621,1,15,16,2,16,benign_or_unconfirmed,0
n4645,1,2,3,1,3,benign_or_unconfirmed,0
n4625,1,15,16,2,16,benign_or_unconfirmed,0
n4626,1,15,16,2,16,benign_or_unconfirmed,0
n4644,1,2,3,1,3,benign_or_unconfirmed,0
n4627,1,15,16,2,16,benign_or_unconfirmed,0
n4669,1,2,3,1,3,benign_or_unconfirmed,0
n4578,1,15,16,2,16,benign_or_unconfirmed,0
n4577,1,15,16,2,16,benign_or_unconfirmed,0
n4670,1,2,3,1,3,benign_or_unconfirmed,0
n4576,1,15,16,2,16,benign_or_unconfirmed,0
n4575,1,15,16,2,16,benign_or_unconfirmed,0
n4671,1,2,3,1,3,benign_or_unconfirmed,0
n4573,1,15,16,3,16,benign_or_unconfirmed,0
n4672,1,2,3,1,3,benign_or_unconfirmed,0
n4572,1,15,16,3,16,benign_or_unconfirmed,0
n4574,1,15,16,3,16,benign_or_unconfirmed,0
n4588,1,15,16,2,16,benign_or_unconfirmed,0
n4663,1,2,3,1,3,benign_or_unconfirmed,0
n4589,1,15,16,2,16,benign_or_unconfirmed,0
n4590,1,15,16,3,16,benign_or_unconfirmed,0
n4662,1,2,3,1,3,benign_or_unconfirmed,0
n4591,1,15,16,2,16,benign_or_unconfirmed,0
n4592,1,15,16,3,16,benign_or_unconfirmed,0
n4661,1,2,3,1,3,benign_or_unconfirmed,0
n4593,1,15,16,2,16,benign_or_unconfirmed,0
n4594,1,15,16,2,16,benign_or_unconfirmed,0
n4660,1,2,3,1,3,benign_or_unconfirmed,0
n4595,1,15,16,3,16,benign_or_unconfirmed,0
n4584,1,15,16,3,16,benign_or_unconfirmed,0
n4668,1,2,3,1,3,benign_or_unconfirmed,0
n4579,1,15,16,3,16,benign_or_unconfirmed,0
n4580,1,15,16,3,16,benign_or_unconfirmed,0
n4614,1,15,16,3,16,benign_or_unconfirmed,0
n4650,1,2,3,1,3,benign_or_unconfirmed,0
n4615,1,15,16,2,16,benign_or_unconfirmed,0
n4616,1,15,16,2,16,benign_or_unconfirmed,0
n4596,1,15,16,3,16,benign_or_unconfirmed,0
n4659,1,2,3,1,3,benign_or_unconfirmed,0
n4597,1,15,16,2,16,benign_or_unconfirmed,0
n4598,1,15,16,2,16,benign_or_unconfirmed,0
n4658,1,2,3,1,3,benign_or_unconfirmed,0
n4599,1,15,16,2,16,benign_or_unconfirmed,0
n4600,1,15,16,2,16,benign_or_unconfirmed,0
n4657,1,2,3,1,3,benign_or_unconfirmed,0
n4601,1,15,16,3,16,benign_or_unconfirmed,0
n4602,1,15,16,3,16,benign_or_unconfirmed,0
n4656,1,2,3,1,3,benign_or_unconfirmed,0
n4603,1,15,16,3,16,benign_or_unconfirmed,0
n4604,1,15,16,2,16,benign_or_unconfirmed,0
n4655,1,2,3,1,3,benign_or_unconfirmed,0
n4605,1,15,16,2,16,benign_or_unconfirmed,0
n4606,1,15,16,2,16,benign_or_unconfirmed,0
n4628,1,15,16,2,16,benign_or_unconfirmed,0
n4643,1,2,3,1,3,benign_or_unconfirmed,0
n4629,1,15,16,2,16,benign_or_unconfirmed,0
n4630,1,15,16,2,16,benign_or_unconfirmed,0
n4642,1,2,3,1,3,benign_or_unconfirmed,0
n4631,1,15,16,2,16,benign_or_unconfirmed,0
n4632,1,15,16,2,16,benign_or_unconfirmed,0
n4633,1,15,16,3,16,benign_or_unconfirmed,0
n4622,1,15,16,3,16,benign_or_unconfirmed,0
n4646,1,2,3,1,3,benign_or_unconfirmed,0
n4623,1,15,16,2,16,benign_or_unconfirmed,0
n4624,1,15,16,2,16,benign_or_unconfirmed,0
n4678,1,2,3,1,3,benign_or_unconfirmed,0
n4559,1,11,12,2,12,benign_or_unconfirmed,0
n4677,1,2,3,1,3,benign_or_unconfirmed,0
n4561,1,11,12,2,12,benign_or_unconfirmed,0
n4557,1,11,12,2,12,benign_or_unconfirmed,0
n4675,1,2,3,1,3,benign_or_unconfirmed,0
n4565,1,11,12,2,12,benign_or_unconfirmed,0
n4676,1,2,3,1,3,benign_or_unconfirmed,0
n4564,1,11,12,2,12,benign_or_unconfirmed,0
n4680,1,2,3,1,3,benign_or_unconfirmed,0
n4556,1,11,12,2,12,benign_or_unconfirmed,0
n4563,1,11,12,2,12,benign_or_unconfirmed,0
n4562,1,11,12,2,12,benign_or_unconfirmed,0
n4560,1,11,12,2,12,benign_or_unconfirmed,0
n4674,1,2,3,1,3,benign_or_unconfirmed,0
n4568,1,11,12,2,12,benign_or_unconfirmed,0
n4673,1,2,3,1,3,benign_or_unconfirmed,0
n4570,1,11,12,2,12,benign_or_unconfirmed,0
n4569,1,11,12,2,12,benign_or_unconfirmed,0
n4566,1,11,12,2,12,benign_or_unconfirmed,0
n4567,1,11,12,2,12,benign_or_unconfirmed,0
n4692,1,2,3,1,3,benign_or_unconfirmed,0
n4532,1,10,11,2,11,benign_or_unconfirmed,0
n4531,1,10,11,2,11,benign_or_unconfirmed,0
n4683,1,2,3,1,3,benign_or_unconfirmed,0
n4549,1,10,11,2,11,benign_or_unconfirmed,0
n4550,1,10,11,2,11,benign_or_unconfirmed,0
n4682,1,2,3,1,3,benign_or_unconfirmed,0
n4551,1,10,11,2,11,benign_or_unconfirmed,0
n4688,1,2,3,1,3,benign_or_unconfirmed,0
n4540,1,10,11,2,11,benign_or_unconfirmed,0
n4687,1,2,3,1,3,benign_or_unconfirmed,0
n4541,1,10,11,2,11,benign_or_unconfirmed,0
n4684,1,2,3,1,3,benign_or_unconfirmed,0
n4547,1,10,11,2,11,benign_or_unconfirmed,0
n4685,1,2,3,1,3,benign_or_unconfirmed,0
n4545,1,10,11,2,11,benign_or_unconfirmed,0
n4693,1,2,3,1,3,benign_or_unconfirmed,0
n4529,1,10,11,2,11,benign_or_unconfirmed,0
n4555,1,10,11,2,11,benign_or_unconfirmed,0
n4552,1,10,11,2,11,benign_or_unconfirmed,0
n4681,1,2,3,1,3,benign_or_unconfirmed,0
n4554,1,10,11,2,11,benign_or_unconfirmed,0
n4553,1,10,11,2,11,benign_or_unconfirmed,0
n4548,1,10,11,2,11,benign_or_unconfirmed,0
n4530,1,10,11,2,11,benign_or_unconfirmed,0
n4689,1,2,3,1,3,benign_or_unconfirmed,0
n4537,1,10,11,2,11,benign_or_unconfirmed,0
n4538,1,10,11,2,11,benign_or_unconfirmed,0
n4546,1,10,11,2,11,benign_or_unconfirmed,0
n4686,1,2,3,1,3,benign_or_unconfirmed,0
n4544,1,10,11,2,11,benign_or_unconfirmed,0
n4543,1,10,11,2,11,benign_or_unconfirmed,0
n4542,1,10,11,2,11,benign_or_unconfirmed,0
n4539,1,10,11,2,11,benign_or_unconfirmed,0
n4690,1,2,3,1,3,benign_or_unconfirmed,0
n4535,1,10,11,2,11,benign_or_unconfirmed,0
n4691,1,2,3,1,3,benign_or_unconfirmed,0
n4534,1,10,11,2,11,benign_or_unconfirmed,0
n4533,1,10,11,2,11,benign_or_unconfirmed,0
n4536,1,10,11,2,11,benign_or_unconfirmed,0
n4571,1,12,13,3,13,benign_or_unconfirmed,0
n3278,2,2,3,2,3,benign_or_unconfirmed,0
n4766,1,10,11,3,11,benign_or_unconfirmed,0
n4743,1,13,14,3,14,benign_or_unconfirmed,0
n4357,1,2,3,1,3,benign_or_unconfirmed,0
n4352,1,4,5,2,5,benign_or_unconfirmed,0
n4358,1,2,3,1,3,benign_or_unconfirmed,0
n4351,1,4,5,2,5,benign_or_unconfirmed,0
n4359,1,2,3,1,3,benign_or_unconfirmed,0
n4349,1,4,5,2,5,benign_or_unconfirmed,0
n4348,1,4,5,2,5,benign_or_unconfirmed,0
n4350,1,4,5,2,5,benign_or_unconfirmed,0
n4353,1,4,5,3,5,benign_or_unconfirmed,0
n4356,1,2,3,1,3,benign_or_unconfirmed,0
n4354,1,4,5,2,5,benign_or_unconfirmed,0
n4355,1,4,5,2,5,benign_or_unconfirmed,0
n4283,1,1,2,1,2,benign_or_unconfirmed,0
n2152,2,5,6,2,6,benign_or_unconfirmed,0
n4522,1,2,3,1,3,benign_or_unconfirmed,0
n4528,1,2,3,1,3,benign_or_unconfirmed,0
n4527,1,2,3,1,3,benign_or_unconfirmed,0
n4525,1,2,3,1,3,benign_or_unconfirmed,0
n4524,1,2,3,1,3,benign_or_unconfirmed,0
n4523,1,2,3,1,3,benign_or_unconfirmed,0
n4526,1,2,3,1,3,benign_or_unconfirmed,0
n4399,1,2,3,1,3,benign_or_unconfirmed,0
n4400,1,2,3,1,3,benign_or_unconfirmed,0
n4401,1,2,3,1,3,benign_or_unconfirmed,0
n4402,1,2,3,1,3,benign_or_unconfirmed,0
n4403,1,2,3,1,3,benign_or_unconfirmed,0
n4404,1,2,3,1,3,benign_or_unconfirmed,0
n4405,1,2,3,1,3,benign_or_unconfirmed,0
n4392,1,2,3,1,3,benign_or_unconfirmed,0
n4393,1,2,3,1,3,benign_or_unconfirmed,0
n4394,1,2,3,1,3,benign_or_unconfirmed,0
n4701,1,2,3,1,3,benign_or_unconfirmed,0
n4395,1,2,3,1,3,benign_or_unconfirmed,0
n4396,1,2,3,1,3,benign_or_unconfirmed,0
n4397,1,2,3,1,3,benign_or_unconfirmed,0
n4398,1,2,3,1,3,benign_or_unconfirmed,0
n4406,1,2,3,1,3,benign_or_unconfirmed,0
n4407,1,2,3,1,3,benign_or_unconfirmed,0
n4639,1,2,3,1,3,benign_or_unconfirmed,0
n4637,1,15,16,2,16,benign_or_unconfirmed,0
n4638,1,5,6,2,6,benign_or_unconfirmed,0
n4694,1,2,3,1,3,benign_or_unconfirmed,0
n4707,1,2,3,1,3,benign_or_unconfirmed,0
n4708,1,2,3,1,3,benign_or_unconfirmed,0
n4714,1,2,3,1,3,benign_or_unconfirmed,0
n4699,1,2,3,1,3,benign_or_unconfirmed,0
n4713,1,2,3,1,3,benign_or_unconfirmed,0
n4720,1,2,3,1,3,benign_or_unconfirmed,0
n4716,1,2,3,1,3,benign_or_unconfirmed,0
n4700,1,2,3,1,3,benign_or_unconfirmed,0
n4718,1,2,3,1,3,benign_or_unconfirmed,0
n4698,1,2,3,1,3,benign_or_unconfirmed,0
n4696,1,2,3,1,3,benign_or_unconfirmed,0
n4706,1,2,3,1,3,benign_or_unconfirmed,0
n4705,1,2,3,1,3,benign_or_unconfirmed,0
n4702,1,2,3,1,3,benign_or_unconfirmed,0
n4697,1,2,3,1,3,benign_or_unconfirmed,0
n4709,1,2,3,1,3,benign_or_unconfirmed,0
n4710,1,2,3,1,3,benign_or_unconfirmed,0
n4704,1,2,3,1,3,benign_or_unconfirmed,0
n4703,1,2,3,1,3,benign_or_unconfirmed,0
n4695,1,2,3,1,3,benign_or_unconfirmed,0
n4715,1,2,3,1,3,benign_or_unconfirmed,0
n4711,1,2,3,1,3,benign_or_unconfirmed,0
n4712,1,2,3,1,3,benign_or_unconfirmed,0
n4719,1,2,3,1,3,benign_or_unconfirmed,0
n4717,1,2,3,1,3,benign_or_unconfirmed,0
n4753,1,3,4,2,4,benign_or_unconfirmed,0
n4771,1,3,4,2,4,benign_or_unconfirmed,0
n4774,1,3,4,3,4,benign_or_unconfirmed,0
n2148,2,7,8,2,8,benign_or_unconfirmed,0
n4415,1,2,3,1,3,benign_or_unconfirmed,0
n4414,1,2,3,1,3,benign_or_unconfirmed,0
n4413,1,2,3,1,3,benign_or_unconfirmed,0
n4409,1,2,3,1,3,benign_or_unconfirmed,0
n4412,1,2,3,1,3,benign_or_unconfirmed,0
n4418,1,2,3,1,3,benign_or_unconfirmed,0
n4417,1,2,3,1,3,benign_or_unconfirmed,0
n4732,1,2,3,1,3,benign_or_unconfirmed,0
n4416,1,2,3,1,3,benign_or_unconfirmed,0
n4411,1,2,3,1,3,benign_or_unconfirmed,0
n4408,1,2,3,1,3,benign_or_unconfirmed,0
n4754,1,3,4,2,4,benign_or_unconfirmed,0
n4744,1,13,14,2,14,benign_or_unconfirmed,0
n4755,1,3,4,2,4,benign_or_unconfirmed,0
n4745,1,13,14,2,14,benign_or_unconfirmed,0
n4756,1,3,4,2,4,benign_or_unconfirmed,0
n4746,1,13,14,2,14,benign_or_unconfirmed,0
n4757,1,3,4,2,4,benign_or_unconfirmed,0
n4747,1,13,14,2,14,benign_or_unconfirmed,0
n4758,1,3,4,2,4,benign_or_unconfirmed,0
n4748,1,13,14,2,14,benign_or_unconfirmed,0
n4759,1,3,4,2,4,benign_or_unconfirmed,0
n4749,1,13,14,2,14,benign_or_unconfirmed,0
n4772,1,3,4,2,4,benign_or_unconfirmed,0
n4768,1,9,10,2,10,benign_or_unconfirmed,0
n4770,1,3,4,2,4,benign_or_unconfirmed,0
n4767,1,9,10,2,10,benign_or_unconfirmed,0
n4725,1,2,3,1,3,benign_or_unconfirmed,0
n4724,1,2,3,1,3,benign_or_unconfirmed,0
n4733,1,2,3,1,3,benign_or_unconfirmed,0
n4735,1,2,3,1,3,benign_or_unconfirmed,0
n4730,1,2,3,1,3,benign_or_unconfirmed,0
n4731,1,2,3,1,3,benign_or_unconfirmed,0
n4728,1,2,3,1,3,benign_or_unconfirmed,0
n4734,1,2,3,1,3,benign_or_unconfirmed,0
n4729,1,2,3,1,3,benign_or_unconfirmed,0
n4727,1,2,3,1,3,benign_or_unconfirmed,0
n4726,1,2,3,1,3,benign_or_unconfirmed,0
n4723,1,2,3,1,3,benign_or_unconfirmed,0
n4722,1,2,3,1,3,benign_or_unconfirmed,0
n4721,1,1,2,1,2,benign_or_unconfirmed,0
n4752,1,3,4,3,4,benign_or_unconfirmed,0
n4775,1,3,4,3,4,benign_or_unconfirmed,0
n4779,1,2,3,1,3,benign_or_unconfirmed,0
TM0,0,2,2,1,2,benign_or_unconfirmed,0
TM1,0,3,3,1,3,benign_or_unconfirmed,0
n4763,1,7,8,2,8,benign_or_unconfirmed,0
n4764,1,5,6,2,6,benign_or_unconfirmed,0
n4778,1,5,6,1,6,benign_or_unconfirmed,0
n4773,1,3,4,3,4,benign_or_unconfirmed,0
n4421,1,2,3,1,3,benign_or_unconfirmed,0
n4422,1,2,3,1,3,benign_or_unconfirmed,0
n4419,1,2,3,1,3,benign_or_unconfirmed,0
n4737,1,2,3,1,3,benign_or_unconfirmed,0
n4420,1,2,3,1,3,benign_or_unconfirmed,0
n4410,1,2,3,1,3,benign_or_unconfirmed,0
n4760,1,3,4,2,4,benign_or_unconfirmed,0
n4750,1,16,17,2,17,benign_or_unconfirmed,0
n4776,1,3,4,2,4,benign_or_unconfirmed,0
n4769,1,5,6,2,6,benign_or_unconfirmed,0
n4739,1,2,3,1,3,benign_or_unconfirmed,0
n4738,1,2,3,1,3,benign_or_unconfirmed,0
n4736,1,2,3,1,3,benign_or_unconfirmed,0
n4741,1,2,3,1,3,benign_or_unconfirmed,0
n4740,1,2,3,1,3,benign_or_unconfirmed,0
n4742,1,2,3,1,3,benign_or_unconfirmed,0
n4762,1,6,7,2,7,benign_or_unconfirmed,0
n4777,1,2,3,2,3,benign_or_unconfirmed,0
n4780,1,2,3,1,3,benign_or_unconfirmed,0
n4761,1,1,2,1,2,benign_or_unconfirmed,0
n4751,1,13,14,3,14,benign_or_unconfirmed,0
n2149,3,5,6,2,6,benign_or_unconfirmed,0
n1729,1,7,8,2,8,benign_or_unconfirmed,0
n4423,1,1,2,1,2,benign_or_unconfirmed,0
n3179,2,1,2,2,2,benign_or_unconfirmed,0
n2532,3,2,3,3,3,benign_or_unconfirmed,0
DATA_9_9,2,0,1,1,1,benign_or_unconfirmed,0
n3161,2,1,2,2,2,benign_or_unconfirmed,0
n2529,3,2,3,3,3,benign_or_unconfirmed,0
DATA_9_8,2,0,1,1,1,benign_or_unconfirmed,0
n3159,2,1,2,2,2,benign_or_unconfirmed,0
n2526,3,2,3,3,3,benign_or_unconfirmed,0
DATA_9_7,2,0,1,1,1,benign_or_unconfirmed,0
n3157,2,1,2,2,2,benign_or_unconfirmed,0
n2523,3,2,3,3,3,benign_or_unconfirmed,0
DATA_9_6,2,0,1,1,1,benign_or_unconfirmed,0
n3155,2,1,2,2,2,benign_or_unconfirmed,0
n2520,3,2,3,3,3,benign_or_unconfirmed,0
DATA_9_5,2,0,1,1,1,benign_or_unconfirmed,0
n3153,2,1,2,2,2,benign_or_unconfirmed,0
n2517,3,2,3,3,3,benign_or_unconfirmed,0
DATA_9_4,2,0,1,1,1,benign_or_unconfirmed,0
n3336,2,1,2,2,2,benign_or_unconfirmed,0
n2630,3,2,3,3,3,benign_or_unconfirmed,0
DATA_9_31,2,0,1,1,1,benign_or_unconfirmed,0
n3334,2,1,2,2,2,benign_or_unconfirmed,0
n2615,3,2,3,3,3,benign_or_unconfirmed,0
DATA_9_30,2,0,1,1,1,benign_or_unconfirmed,0
n3151,2,1,2,2,2,benign_or_unconfirmed,0
n2514,3,2,3,3,3,benign_or_unconfirmed,0
DATA_9_3,2,0,1,1,1,benign_or_unconfirmed,0
n3332,2,1,2,2,2,benign_or_unconfirmed,0
n2602,3,2,3,3,3,benign_or_unconfirmed,0
DATA_9_29,2,0,1,1,1,benign_or_unconfirmed,0
n3330,2,1,2,2,2,benign_or_unconfirmed,0
n2589,3,2,3,3,3,benign_or_unconfirmed,0
DATA_9_28,2,0,1,1,1,benign_or_unconfirmed,0
n3296,2,1,2,2,2,benign_or_unconfirmed,0
n2586,3,2,3,3,3,benign_or_unconfirmed,0
DATA_9_27,2,0,1,1,1,benign_or_unconfirmed,0
n3294,2,1,2,2,2,benign_or_unconfirmed,0
n2583,3,2,3,3,3,benign_or_unconfirmed,0
DATA_9_26,2,0,1,1,1,benign_or_unconfirmed,0
n3292,2,1,2,2,2,benign_or_unconfirmed,0
n2580,3,2,3,3,3,benign_or_unconfirmed,0
DATA_9_25,2,0,1,1,1,benign_or_unconfirmed,0
n3290,2,1,2,2,2,benign_or_unconfirmed,0
n2577,3,2,3,3,3,benign_or_unconfirmed,0
DATA_9_24,2,0,1,1,1,benign_or_unconfirmed,0
n3288,2,1,2,2,2,benign_or_unconfirmed,0
n2574,3,2,3,3,3,benign_or_unconfirmed,0
DATA_9_23,2,0,1,1,1,benign_or_unconfirmed,0
n3286,2,1,2,2,2,benign_or_unconfirmed,0
n2571,3,2,3,3,3,benign_or_unconfirmed,0
DATA_9_22,2,0,1,1,1,benign_or_unconfirmed,0
n3284,2,1,2,2,2,benign_or_unconfirmed,0
n2568,3,2,3,3,3,benign_or_unconfirmed,0
DATA_9_21,2,0,1,1,1,benign_or_unconfirmed,0
n3282,2,1,2,2,2,benign_or_unconfirmed,0
n2565,3,2,3,3,3,benign_or_unconfirmed,0
DATA_9_20,2,0,1,1,1,benign_or_unconfirmed,0
n3149,2,1,2,2,2,benign_or_unconfirmed,0
n2511,3,2,3,3,3,benign_or_unconfirmed,0
DATA_9_2,2,0,1,1,1,benign_or_unconfirmed,0
n3280,2,1,2,2,2,benign_or_unconfirmed,0
n2562,3,2,3,3,3,benign_or_unconfirmed,0
DATA_9_19,2,0,1,1,1,benign_or_unconfirmed,0
n3255,2,1,2,2,2,benign_or_unconfirmed,0
n2559,3,2,3,3,3,benign_or_unconfirmed,0
DATA_9_18,2,0,1,1,1,benign_or_unconfirmed,0
n3211,2,1,2,2,2,benign_or_unconfirmed,0
n2556,3,2,3,3,3,benign_or_unconfirmed,0
DATA_9_17,2,0,1,1,1,benign_or_unconfirmed,0
n3209,2,1,2,2,2,benign_or_unconfirmed,0
n2553,3,2,3,3,3,benign_or_unconfirmed,0
DATA_9_16,2,0,1,1,1,benign_or_unconfirmed,0
n3207,2,1,2,2,2,benign_or_unconfirmed,0
n2550,3,2,3,3,3,benign_or_unconfirmed,0
DATA_9_15,2,0,1,1,1,benign_or_unconfirmed,0
n3205,2,1,2,2,2,benign_or_unconfirmed,0
n2547,3,2,3,3,3,benign_or_unconfirmed,0
DATA_9_14,2,0,1,1,1,benign_or_unconfirmed,0
n3203,2,1,2,2,2,benign_or_unconfirmed,0
n2544,3,2,3,3,3,benign_or_unconfirmed,0
DATA_9_13,2,0,1,1,1,benign_or_unconfirmed,0
n3201,2,1,2,2,2,benign_or_unconfirmed,0
n2541,3,2,3,3,3,benign_or_unconfirmed,0
DATA_9_12,2,0,1,1,1,benign_or_unconfirmed,0
n3199,2,1,2,2,2,benign_or_unconfirmed,0
n2538,3,2,3,3,3,benign_or_unconfirmed,0
DATA_9_11,2,0,1,1,1,benign_or_unconfirmed,0
n3197,2,1,2,2,2,benign_or_unconfirmed,0
n2535,3,2,3,3,3,benign_or_unconfirmed,0
DATA_9_10,2,0,1,1,1,benign_or_unconfirmed,0
n3147,2,1,2,2,2,benign_or_unconfirmed,0
n2508,3,2,3,3,3,benign_or_unconfirmed,0
DATA_9_1,2,0,1,1,1,benign_or_unconfirmed,0
n3145,2,1,2,2,2,benign_or_unconfirmed,0
n2505,3,2,3,3,3,benign_or_unconfirmed,0
DATA_9_0,2,0,1,1,1,benign_or_unconfirmed,0
RESET,0,2,2,2,2,benign_or_unconfirmed,0
n4765,1,1,2,1,2,benign_or_unconfirmed,0
n3466,3,1,2,1,2,benign_or_unconfirmed,0
n3468,3,1,2,1,2,benign_or_unconfirmed,0
n3470,3,1,2,1,2,benign_or_unconfirmed,0
n3472,3,1,2,1,2,benign_or_unconfirmed,0
n3474,3,1,2,1,2,benign_or_unconfirmed,0
n3476,3,1,2,1,2,benign_or_unconfirmed,0
n3478,3,1,2,1,2,benign_or_unconfirmed,0
n3480,3,1,2,1,2,benign_or_unconfirmed,0
n3482,3,1,2,1,2,benign_or_unconfirmed,0
n3484,3,1,2,1,2,benign_or_unconfirmed,0
n3486,3,1,2,1,2,benign_or_unconfirmed,0
n3488,3,1,2,1,2,benign_or_unconfirmed,0
n3490,3,1,2,1,2,benign_or_unconfirmed,0
n3492,3,1,2,1,2,benign_or_unconfirmed,0
n3494,3,1,2,1,2,benign_or_unconfirmed,0
n3496,3,1,2,1,2,benign_or_unconfirmed,0
n3498,3,1,2,1,2,benign_or_unconfirmed,0
n3500,3,1,2,1,2,benign_or_unconfirmed,0
n3502,3,1,2,1,2,benign_or_unconfirmed,0
n3504,3,1,2,1,2,benign_or_unconfirmed,0
n3506,3,1,2,1,2,benign_or_unconfirmed,0
n3508,3,1,2,1,2,benign_or_unconfirmed,0
n3510,3,1,2,1,2,benign_or_unconfirmed,0
n3512,3,1,2,1,2,benign_or_unconfirmed,0
n3514,3,1,2,1,2,benign_or_unconfirmed,0
n3516,3,1,2,1,2,benign_or_unconfirmed,0
n3518,3,1,2,1,2,benign_or_unconfirmed,0
n3520,3,1,2,1,2,benign_or_unconfirmed,0
n3522,3,1,2,1,2,benign_or_unconfirmed,0
n3524,3,1,2,1,2,benign_or_unconfirmed,0
n3526,3,1,2,1,2,benign_or_unconfirmed,0
n3528,3,1,2,1,2,benign_or_unconfirmed,0
n2154,3,2,3,3,3,benign_or_unconfirmed,0
n3213,4,1,2,2,2,benign_or_unconfirmed,0
DATA_0_0,0,1,1,1,1,benign_or_unconfirmed,0
n2157,3,2,3,3,3,benign_or_unconfirmed,0
n3215,4,1,2,2,2,benign_or_unconfirmed,0
DATA_0_1,0,1,1,1,1,benign_or_unconfirmed,0
n2160,3,2,3,3,3,benign_or_unconfirmed,0
n3217,4,1,2,2,2,benign_or_unconfirmed,0
DATA_0_2,0,1,1,1,1,benign_or_unconfirmed,0
n2163,3,2,3,3,3,benign_or_unconfirmed,0
n3219,4,1,2,2,2,benign_or_unconfirmed,0
DATA_0_3,0,1,1,1,1,benign_or_unconfirmed,0
n2166,3,2,3,3,3,benign_or_unconfirmed,0
n3221,4,1,2,2,2,benign_or_unconfirmed,0
DATA_0_4,0,1,1,1,1,benign_or_unconfirmed,0
n2169,3,2,3,3,3,benign_or_unconfirmed,0
n3223,4,1,2,2,2,benign_or_unconfirmed,0
DATA_0_5,0,1,1,1,1,benign_or_unconfirmed,0
n2172,3,2,3,3,3,benign_or_unconfirmed,0
n3225,4,1,2,2,2,benign_or_unconfirmed,0
DATA_0_6,0,1,1,1,1,benign_or_unconfirmed,0
n2175,3,2,3,3,3,benign_or_unconfirmed,0
n3227,4,1,2,2,2,benign_or_unconfirmed,0
DATA_0_7,0,1,1,1,1,benign_or_unconfirmed,0
n2178,3,2,3,3,3,benign_or_unconfirmed,0
n3229,4,1,2,2,2,benign_or_unconfirmed,0
DATA_0_8,0,1,1,1,1,benign_or_unconfirmed,0
n2181,3,2,3,3,3,benign_or_unconfirmed,0
n3231,4,1,2,2,2,benign_or_unconfirmed,0
DATA_0_9,0,1,1,1,1,benign_or_unconfirmed,0
n2184,3,2,3,3,3,benign_or_unconfirmed,0
n3233,4,1,2,2,2,benign_or_unconfirmed,0
DATA_0_10,0,1,1,1,1,benign_or_unconfirmed,0
n2187,3,2,3,3,3,benign_or_unconfirmed,0
n3235,4,1,2,2,2,benign_or_unconfirmed,0
DATA_0_11,0,1,1,1,1,benign_or_unconfirmed,0
n2190,3,2,3,3,3,benign_or_unconfirmed,0
n3237,4,1,2,2,2,benign_or_unconfirmed,0
DATA_0_12,0,1,1,1,1,benign_or_unconfirmed,0
n2193,3,2,3,3,3,benign_or_unconfirmed,0
n3239,4,1,2,2,2,benign_or_unconfirmed,0
DATA_0_13,0,1,1,1,1,benign_or_unconfirmed,0
n2196,3,2,3,3,3,benign_or_unconfirmed,0
n3241,4,1,2,2,2,benign_or_unconfirmed,0
DATA_0_14,0,1,1,1,1,benign_or_unconfirmed,0
n2199,3,2,3,3,3,benign_or_unconfirmed,0
n3243,4,1,2,2,2,benign_or_unconfirmed,0
DATA_0_15,0,1,1,1,1,benign_or_unconfirmed,0
n2202,3,2,3,3,3,benign_or_unconfirmed,0
n3245,4,1,2,2,2,benign_or_unconfirmed,0
DATA_0_16,0,1,1,1,1,benign_or_unconfirmed,0
n2205,3,2,3,3,3,benign_or_unconfirmed,0
n3247,4,1,2,2,2,benign_or_unconfirmed,0
DATA_0_17,0,1,1,1,1,benign_or_unconfirmed,0
n2208,3,2,3,3,3,benign_or_unconfirmed,0
n3249,4,1,2,2,2,benign_or_unconfirmed,0
DATA_0_18,0,1,1,1,1,benign_or_unconfirmed,0
n2211,3,2,3,3,3,benign_or_unconfirmed,0
n3251,4,1,2,2,2,benign_or_unconfirmed,0
DATA_0_19,0,1,1,1,1,benign_or_unconfirmed,0
n2214,3,2,3,3,3,benign_or_unconfirmed,0
n3253,4,1,2,2,2,benign_or_unconfirmed,0
DATA_0_20,0,1,1,1,1,benign_or_unconfirmed,0
n2217,3,2,3,3,3,benign_or_unconfirmed,0
n3257,4,1,2,2,2,benign_or_unconfirmed,0
DATA_0_21,0,1,1,1,1,benign_or_unconfirmed,0
n2220,3,2,3,3,3,benign_or_unconfirmed,0
n3259,4,1,2,2,2,benign_or_unconfirmed,0
DATA_0_22,0,1,1,1,1,benign_or_unconfirmed,0
n2223,3,2,3,3,3,benign_or_unconfirmed,0
n3261,4,1,2,2,2,benign_or_unconfirmed,0
DATA_0_23,0,1,1,1,1,benign_or_unconfirmed,0
n2226,3,2,3,3,3,benign_or_unconfirmed,0
n3263,4,1,2,2,2,benign_or_unconfirmed,0
DATA_0_24,0,1,1,1,1,benign_or_unconfirmed,0
n2229,3,2,3,3,3,benign_or_unconfirmed,0
n3265,4,1,2,2,2,benign_or_unconfirmed,0
DATA_0_25,0,1,1,1,1,benign_or_unconfirmed,0
n2232,3,2,3,3,3,benign_or_unconfirmed,0
n3267,4,1,2,2,2,benign_or_unconfirmed,0
DATA_0_26,0,1,1,1,1,benign_or_unconfirmed,0
n2235,3,2,3,3,3,benign_or_unconfirmed,0
n3269,4,1,2,2,2,benign_or_unconfirmed,0
DATA_0_27,0,1,1,1,1,benign_or_unconfirmed,0
n2238,3,2,3,3,3,benign_or_unconfirmed,0
n3271,4,1,2,2,2,benign_or_unconfirmed,0
DATA_0_28,0,1,1,1,1,benign_or_unconfirmed,0
n2241,3,2,3,3,3,benign_or_unconfirmed,0
n3273,4,1,2,2,2,benign_or_unconfirmed,0
DATA_0_29,0,1,1,1,1,benign_or_unconfirmed,0
n2244,3,2,3,3,3,benign_or_unconfirmed,0
n3275,4,1,2,2,2,benign_or_unconfirmed,0
DATA_0_30,0,1,1,1,1,benign_or_unconfirmed,0
n2150,3,2,3,3,3,benign_or_unconfirmed,0
n2151,4,1,2,2,2,benign_or_unconfirmed,0
n2155,3,2,3,3,3,benign_or_unconfirmed,0
n2156,4,1,2,2,2,benign_or_unconfirmed,0
n2158,3,2,3,3,3,benign_or_unconfirmed,0
n2159,4,1,2,2,2,benign_or_unconfirmed,0
n2161,3,2,3,3,3,benign_or_unconfirmed,0
n2162,4,1,2,2,2,benign_or_unconfirmed,0
n2164,3,2,3,3,3,benign_or_unconfirmed,0
n2165,4,1,2,2,2,benign_or_unconfirmed,0
n2167,3,2,3,3,3,benign_or_unconfirmed,0
n2168,4,1,2,2,2,benign_or_unconfirmed,0
n2170,3,2,3,3,3,benign_or_unconfirmed,0
n2171,4,1,2,2,2,benign_or_unconfirmed,0
n2173,3,2,3,3,3,benign_or_unconfirmed,0
n2174,4,1,2,2,2,benign_or_unconfirmed,0
n2176,3,2,3,3,3,benign_or_unconfirmed,0
n2177,4,1,2,2,2,benign_or_unconfirmed,0
n2179,3,2,3,3,3,benign_or_unconfirmed,0
n2180,4,1,2,2,2,benign_or_unconfirmed,0
n2182,3,2,3,3,3,benign_or_unconfirmed,0
n2183,4,1,2,2,2,benign_or_unconfirmed,0
n2185,3,2,3,3,3,benign_or_unconfirmed,0
n2186,4,1,2,2,2,benign_or_unconfirmed,0
n2188,3,2,3,3,3,benign_or_unconfirmed,0
n2189,4,1,2,2,2,benign_or_unconfirmed,0
n2191,3,2,3,3,3,benign_or_unconfirmed,0
n2192,4,1,2,2,2,benign_or_unconfirmed,0
n2194,3,2,3,3,3,benign_or_unconfirmed,0
n2195,4,1,2,2,2,benign_or_unconfirmed,0
n2197,3,2,3,3,3,benign_or_unconfirmed,0
n2198,4,1,2,2,2,benign_or_unconfirmed,0
n2200,3,2,3,3,3,benign_or_unconfirmed,0
n2201,4,1,2,2,2,benign_or_unconfirmed,0
n2203,3,2,3,3,3,benign_or_unconfirmed,0
n2204,4,1,2,2,2,benign_or_unconfirmed,0
n2206,3,2,3,3,3,benign_or_unconfirmed,0
n2207,4,1,2,2,2,benign_or_unconfirmed,0
n2209,3,2,3,3,3,benign_or_unconfirmed,0
n2210,4,1,2,2,2,benign_or_unconfirmed,0
n2212,3,2,3,3,3,benign_or_unconfirmed,0
n2213,4,1,2,2,2,benign_or_unconfirmed,0
n2215,3,2,3,3,3,benign_or_unconfirmed,0
n2216,4,1,2,2,2,benign_or_unconfirmed,0
n2218,3,2,3,3,3,benign_or_unconfirmed,0
n2219,4,1,2,2,2,benign_or_unconfirmed,0
n2221,3,2,3,3,3,benign_or_unconfirmed,0
n2222,4,1,2,2,2,benign_or_unconfirmed,0
n2224,3,2,3,3,3,benign_or_unconfirmed,0
n2225,4,1,2,2,2,benign_or_unconfirmed,0
n2227,3,2,3,3,3,benign_or_unconfirmed,0
n2228,4,1,2,2,2,benign_or_unconfirmed,0
n2230,3,2,3,3,3,benign_or_unconfirmed,0
n2231,4,1,2,2,2,benign_or_unconfirmed,0
n2233,3,2,3,3,3,benign_or_unconfirmed,0
n2234,4,1,2,2,2,benign_or_unconfirmed,0
n2236,3,2,3,3,3,benign_or_unconfirmed,0
n2237,4,1,2,2,2,benign_or_unconfirmed,0
n2239,3,2,3,3,3,benign_or_unconfirmed,0
n2240,4,1,2,2,2,benign_or_unconfirmed,0
n2242,3,2,3,3,3,benign_or_unconfirmed,0
n2243,4,1,2,2,2,benign_or_unconfirmed,0
n2246,3,2,3,3,3,benign_or_unconfirmed,0
n2247,4,1,2,2,2,benign_or_unconfirmed,0
n2248,3,2,3,3,3,benign_or_unconfirmed,0
n2281,3,2,3,3,3,benign_or_unconfirmed,0
n2282,4,1,2,2,2,benign_or_unconfirmed,0
n2284,3,2,3,3,3,benign_or_unconfirmed,0
n2285,4,1,2,2,2,benign_or_unconfirmed,0
n2287,3,2,3,3,3,benign_or_unconfirmed,0
n2288,4,1,2,2,2,benign_or_unconfirmed,0
n2290,3,2,3,3,3,benign_or_unconfirmed,0
n2291,4,1,2,2,2,benign_or_unconfirmed,0
n2293,3,2,3,3,3,benign_or_unconfirmed,0
n2294,4,1,2,2,2,benign_or_unconfirmed,0
n2296,3,2,3,3,3,benign_or_unconfirmed,0
n2297,4,1,2,2,2,benign_or_unconfirmed,0
n2299,3,2,3,3,3,benign_or_unconfirmed,0
n2300,4,1,2,2,2,benign_or_unconfirmed,0
n2302,3,2,3,3,3,benign_or_unconfirmed,0
n2303,4,1,2,2,2,benign_or_unconfirmed,0
n2305,3,2,3,3,3,benign_or_unconfirmed,0
n2306,4,1,2,2,2,benign_or_unconfirmed,0
n2308,3,2,3,3,3,benign_or_unconfirmed,0
n2309,4,1,2,2,2,benign_or_unconfirmed,0
n2311,3,2,3,3,3,benign_or_unconfirmed,0
n2312,4,1,2,2,2,benign_or_unconfirmed,0
n2314,3,2,3,3,3,benign_or_unconfirmed,0
n2315,4,1,2,2,2,benign_or_unconfirmed,0
n2317,3,2,3,3,3,benign_or_unconfirmed,0
n2318,4,1,2,2,2,benign_or_unconfirmed,0
n2320,3,2,3,3,3,benign_or_unconfirmed,0
n2321,4,1,2,2,2,benign_or_unconfirmed,0
n2323,3,2,3,3,3,benign_or_unconfirmed,0
n2324,4,1,2,2,2,benign_or_unconfirmed,0
n2326,3,2,3,3,3,benign_or_unconfirmed,0
n2327,4,1,2,2,2,benign_or_unconfirmed,0
n2329,3,2,3,3,3,benign_or_unconfirmed,0
n2330,4,1,2,2,2,benign_or_unconfirmed,0
n2332,3,2,3,3,3,benign_or_unconfirmed,0
n2333,4,1,2,2,2,benign_or_unconfirmed,0
n2335,3,2,3,3,3,benign_or_unconfirmed,0
n2336,4,1,2,2,2,benign_or_unconfirmed,0
n2338,3,2,3,3,3,benign_or_unconfirmed,0
n2339,4,1,2,2,2,benign_or_unconfirmed,0
n2341,3,2,3,3,3,benign_or_unconfirmed,0
n2342,4,1,2,2,2,benign_or_unconfirmed,0
n2344,3,2,3,3,3,benign_or_unconfirmed,0
n2345,4,1,2,2,2,benign_or_unconfirmed,0
n2347,3,2,3,3,3,benign_or_unconfirmed,0
n2348,4,1,2,2,2,benign_or_unconfirmed,0
n2350,3,2,3,3,3,benign_or_unconfirmed,0
n2351,4,1,2,2,2,benign_or_unconfirmed,0
n2353,3,2,3,3,3,benign_or_unconfirmed,0
n2354,4,1,2,2,2,benign_or_unconfirmed,0
n2356,3,2,3,3,3,benign_or_unconfirmed,0
n2357,4,1,2,2,2,benign_or_unconfirmed,0
n2359,3,2,3,3,3,benign_or_unconfirmed,0
n2360,4,1,2,2,2,benign_or_unconfirmed,0
n2362,3,2,3,3,3,benign_or_unconfirmed,0
n2363,4,1,2,2,2,benign_or_unconfirmed,0
n2365,3,2,3,3,3,benign_or_unconfirmed,0
n2366,4,1,2,2,2,benign_or_unconfirmed,0
n2368,3,2,3,3,3,benign_or_unconfirmed,0
n2369,4,1,2,2,2,benign_or_unconfirmed,0
n2371,3,2,3,3,3,benign_or_unconfirmed,0
n2372,4,1,2,2,2,benign_or_unconfirmed,0
n2374,4,1,2,2,2,benign_or_unconfirmed,0
n2375,3,2,3,3,3,benign_or_unconfirmed,0
n2409,3,2,3,3,3,benign_or_unconfirmed,0
n2410,4,1,2,2,2,benign_or_unconfirmed,0
n2412,3,2,3,3,3,benign_or_unconfirmed,0
n2413,4,1,2,2,2,benign_or_unconfirmed,0
n2415,3,2,3,3,3,benign_or_unconfirmed,0
n2416,4,1,2,2,2,benign_or_unconfirmed,0
n2418,3,2,3,3,3,benign_or_unconfirmed,0
n2419,4,1,2,2,2,benign_or_unconfirmed,0
n2421,3,2,3,3,3,benign_or_unconfirmed,0
n2422,4,1,2,2,2,benign_or_unconfirmed,0
n2424,3,2,3,3,3,benign_or_unconfirmed,0
n2425,4,1,2,2,2,benign_or_unconfirmed,0
n2427,3,2,3,3,3,benign_or_unconfirmed,0
n2428,4,1,2,2,2,benign_or_unconfirmed,0
n2430,3,2,3,3,3,benign_or_unconfirmed,0
n2431,4,1,2,2,2,benign_or_unconfirmed,0
n2433,3,2,3,3,3,benign_or_unconfirmed,0
n2434,4,1,2,2,2,benign_or_unconfirmed,0
n2436,3,2,3,3,3,benign_or_unconfirmed,0
n2437,4,1,2,2,2,benign_or_unconfirmed,0
n2439,3,2,3,3,3,benign_or_unconfirmed,0
n2440,4,1,2,2,2,benign_or_unconfirmed,0
n2442,3,2,3,3,3,benign_or_unconfirmed,0
n2443,4,1,2,2,2,benign_or_unconfirmed,0
n2445,3,2,3,3,3,benign_or_unconfirmed,0
n2446,4,1,2,2,2,benign_or_unconfirmed,0
n2448,3,2,3,3,3,benign_or_unconfirmed,0
n2449,4,1,2,2,2,benign_or_unconfirmed,0
n2451,3,2,3,3,3,benign_or_unconfirmed,0
n2452,4,1,2,2,2,benign_or_unconfirmed,0
n2454,3,2,3,3,3,benign_or_unconfirmed,0
n2455,4,1,2,2,2,benign_or_unconfirmed,0
n2457,3,2,3,3,3,benign_or_unconfirmed,0
n2458,4,1,2,2,2,benign_or_unconfirmed,0
n2460,3,2,3,3,3,benign_or_unconfirmed,0
n2461,4,1,2,2,2,benign_or_unconfirmed,0
n2463,3,2,3,3,3,benign_or_unconfirmed,0
n2464,4,1,2,2,2,benign_or_unconfirmed,0
n2466,3,2,3,3,3,benign_or_unconfirmed,0
n2467,4,1,2,2,2,benign_or_unconfirmed,0
n2469,3,2,3,3,3,benign_or_unconfirmed,0
n2470,4,1,2,2,2,benign_or_unconfirmed,0
n2472,3,2,3,3,3,benign_or_unconfirmed,0
n2473,4,1,2,2,2,benign_or_unconfirmed,0
n2475,3,2,3,3,3,benign_or_unconfirmed,0
n2476,4,1,2,2,2,benign_or_unconfirmed,0
n2478,3,2,3,3,3,benign_or_unconfirmed,0
n2479,4,1,2,2,2,benign_or_unconfirmed,0
n2481,3,2,3,3,3,benign_or_unconfirmed,0
n2482,4,1,2,2,2,benign_or_unconfirmed,0
n2484,3,2,3,3,3,benign_or_unconfirmed,0
n2485,4,1,2,2,2,benign_or_unconfirmed,0
n2487,3,2,3,3,3,benign_or_unconfirmed,0
n2488,4,1,2,2,2,benign_or_unconfirmed,0
n2490,3,2,3,3,3,benign_or_unconfirmed,0
n2491,4,1,2,2,2,benign_or_unconfirmed,0
n2493,3,2,3,3,3,benign_or_unconfirmed,0
n2494,4,1,2,2,2,benign_or_unconfirmed,0
n2496,3,2,3,3,3,benign_or_unconfirmed,0
n2497,4,1,2,2,2,benign_or_unconfirmed,0
n2499,3,2,3,3,3,benign_or_unconfirmed,0
n2500,4,1,2,2,2,benign_or_unconfirmed,0
n2502,4,1,2,2,2,benign_or_unconfirmed,0
n2503,3,2,3,3,3,benign_or_unconfirmed,0
n2633,3,2,3,3,3,benign_or_unconfirmed,0
n2634,4,1,2,2,2,benign_or_unconfirmed,0
n2636,3,2,3,3,3,benign_or_unconfirmed,0
n2637,4,1,2,2,2,benign_or_unconfirmed,0
n2639,3,2,3,3,3,benign_or_unconfirmed,0
n2640,4,1,2,2,2,benign_or_unconfirmed,0
n2642,3,2,3,3,3,benign_or_unconfirmed,0
n2643,4,1,2,2,2,benign_or_unconfirmed,0
n2645,3,2,3,3,3,benign_or_unconfirmed,0
n2646,4,1,2,2,2,benign_or_unconfirmed,0
n2648,3,2,3,3,3,benign_or_unconfirmed,0
n2649,4,1,2,2,2,benign_or_unconfirmed,0
n2651,3,2,3,3,3,benign_or_unconfirmed,0
n2652,4,1,2,2,2,benign_or_unconfirmed,0
n2654,3,2,3,3,3,benign_or_unconfirmed,0
n2655,4,1,2,2,2,benign_or_unconfirmed,0
n2657,3,2,3,3,3,benign_or_unconfirmed,0
n2658,4,1,2,2,2,benign_or_unconfirmed,0
n2660,3,2,3,3,3,benign_or_unconfirmed,0
n2661,4,1,2,2,2,benign_or_unconfirmed,0
n2663,3,2,3,3,3,benign_or_unconfirmed,0
n2664,4,1,2,2,2,benign_or_unconfirmed,0
n2666,3,2,3,3,3,benign_or_unconfirmed,0
n2667,4,1,2,2,2,benign_or_unconfirmed,0
n2669,3,2,3,3,3,benign_or_unconfirmed,0
n2670,4,1,2,2,2,benign_or_unconfirmed,0
n2672,3,2,3,3,3,benign_or_unconfirmed,0
n2673,4,1,2,2,2,benign_or_unconfirmed,0
n2675,3,2,3,3,3,benign_or_unconfirmed,0
n2676,4,1,2,2,2,benign_or_unconfirmed,0
n2678,3,2,3,3,3,benign_or_unconfirmed,0
n2679,4,1,2,2,2,benign_or_unconfirmed,0
n2681,3,2,3,3,3,benign_or_unconfirmed,0
n2682,4,1,2,2,2,benign_or_unconfirmed,0
n2684,3,2,3,3,3,benign_or_unconfirmed,0
n2685,4,1,2,2,2,benign_or_unconfirmed,0
n2687,3,2,3,3,3,benign_or_unconfirmed,0
n2688,4,1,2,2,2,benign_or_unconfirmed,0
n2690,3,2,3,3,3,benign_or_unconfirmed,0
n2691,4,1,2,2,2,benign_or_unconfirmed,0
n2693,3,2,3,3,3,benign_or_unconfirmed,0
n2694,4,1,2,2,2,benign_or_unconfirmed,0
n2696,3,2,3,3,3,benign_or_unconfirmed,0
n2697,4,1,2,2,2,benign_or_unconfirmed,0
n2699,3,2,3,3,3,benign_or_unconfirmed,0
n2700,4,1,2,2,2,benign_or_unconfirmed,0
n2702,3,2,3,3,3,benign_or_unconfirmed,0
n2703,4,1,2,2,2,benign_or_unconfirmed,0
n2705,3,2,3,3,3,benign_or_unconfirmed,0
n2706,4,1,2,2,2,benign_or_unconfirmed,0
n2708,3,2,3,3,3,benign_or_unconfirmed,0
n2709,4,1,2,2,2,benign_or_unconfirmed,0
n2711,3,2,3,3,3,benign_or_unconfirmed,0
n2712,4,1,2,2,2,benign_or_unconfirmed,0
n2714,3,2,3,3,3,benign_or_unconfirmed,0
n2715,4,1,2,2,2,benign_or_unconfirmed,0
n2717,3,2,3,3,3,benign_or_unconfirmed,0
n2718,4,1,2,2,2,benign_or_unconfirmed,0
n2720,3,2,3,3,3,benign_or_unconfirmed,0
n2721,4,1,2,2,2,benign_or_unconfirmed,0
n2723,3,2,3,3,3,benign_or_unconfirmed,0
n2724,4,1,2,2,2,benign_or_unconfirmed,0
n2726,4,1,2,2,2,benign_or_unconfirmed,0
n2727,3,2,3,3,3,benign_or_unconfirmed,0
n2761,3,2,3,3,3,benign_or_unconfirmed,0
n2762,4,1,2,2,2,benign_or_unconfirmed,0
n2764,3,2,3,3,3,benign_or_unconfirmed,0
n2765,4,1,2,2,2,benign_or_unconfirmed,0
n2767,3,2,3,3,3,benign_or_unconfirmed,0
n2768,4,1,2,2,2,benign_or_unconfirmed,0
n2770,3,2,3,3,3,benign_or_unconfirmed,0
n2771,4,1,2,2,2,benign_or_unconfirmed,0
n2773,3,2,3,3,3,benign_or_unconfirmed,0
n2774,4,1,2,2,2,benign_or_unconfirmed,0
n2776,3,2,3,3,3,benign_or_unconfirmed,0
n2777,4,1,2,2,2,benign_or_unconfirmed,0
n2779,3,2,3,3,3,benign_or_unconfirmed,0
n2780,4,1,2,2,2,benign_or_unconfirmed,0
n2782,3,2,3,3,3,benign_or_unconfirmed,0
n2783,4,1,2,2,2,benign_or_unconfirmed,0
n2785,3,2,3,3,3,benign_or_unconfirmed,0
n2786,4,1,2,2,2,benign_or_unconfirmed,0
n2788,3,2,3,3,3,benign_or_unconfirmed,0
n2789,4,1,2,2,2,benign_or_unconfirmed,0
n2791,3,2,3,3,3,benign_or_unconfirmed,0
n2792,4,1,2,2,2,benign_or_unconfirmed,0
n2794,3,2,3,3,3,benign_or_unconfirmed,0
n2795,4,1,2,2,2,benign_or_unconfirmed,0
n2797,3,2,3,3,3,benign_or_unconfirmed,0
n2798,4,1,2,2,2,benign_or_unconfirmed,0
n2800,3,2,3,3,3,benign_or_unconfirmed,0
n2801,4,1,2,2,2,benign_or_unconfirmed,0
n2803,3,2,3,3,3,benign_or_unconfirmed,0
n2804,4,1,2,2,2,benign_or_unconfirmed,0
n2806,3,2,3,3,3,benign_or_unconfirmed,0
n2807,4,1,2,2,2,benign_or_unconfirmed,0
n2809,3,2,3,3,3,benign_or_unconfirmed,0
n2810,4,1,2,2,2,benign_or_unconfirmed,0
n2812,3,2,3,3,3,benign_or_unconfirmed,0
n2813,4,1,2,2,2,benign_or_unconfirmed,0
n2815,3,2,3,3,3,benign_or_unconfirmed,0
n2816,4,1,2,2,2,benign_or_unconfirmed,0
n2818,3,2,3,3,3,benign_or_unconfirmed,0
n2819,4,1,2,2,2,benign_or_unconfirmed,0
n2821,3,2,3,3,3,benign_or_unconfirmed,0
n2822,4,1,2,2,2,benign_or_unconfirmed,0
n2824,3,2,3,3,3,benign_or_unconfirmed,0
n2825,4,1,2,2,2,benign_or_unconfirmed,0
n2827,3,2,3,3,3,benign_or_unconfirmed,0
n2828,4,1,2,2,2,benign_or_unconfirmed,0
n2830,3,2,3,3,3,benign_or_unconfirmed,0
n2831,4,1,2,2,2,benign_or_unconfirmed,0
n2833,3,2,3,3,3,benign_or_unconfirmed,0
n2834,4,1,2,2,2,benign_or_unconfirmed,0
n2836,3,2,3,3,3,benign_or_unconfirmed,0
n2837,4,1,2,2,2,benign_or_unconfirmed,0
n2839,3,2,3,3,3,benign_or_unconfirmed,0
n2840,4,1,2,2,2,benign_or_unconfirmed,0
n2842,3,2,3,3,3,benign_or_unconfirmed,0
n2843,4,1,2,2,2,benign_or_unconfirmed,0
n2845,3,2,3,3,3,benign_or_unconfirmed,0
n2846,4,1,2,2,2,benign_or_unconfirmed,0
n2848,3,2,3,3,3,benign_or_unconfirmed,0
n2849,4,1,2,2,2,benign_or_unconfirmed,0
n2851,3,2,3,3,3,benign_or_unconfirmed,0
n2852,4,1,2,2,2,benign_or_unconfirmed,0
n2854,4,1,2,2,2,benign_or_unconfirmed,0
n2855,3,2,3,3,3,benign_or_unconfirmed,0
n2889,3,2,3,3,3,benign_or_unconfirmed,0
n2890,4,1,2,2,2,benign_or_unconfirmed,0
n2892,3,2,3,3,3,benign_or_unconfirmed,0
n2893,4,1,2,2,2,benign_or_unconfirmed,0
n2895,3,2,3,3,3,benign_or_unconfirmed,0
n2896,4,1,2,2,2,benign_or_unconfirmed,0
n2898,3,2,3,3,3,benign_or_unconfirmed,0
n2899,4,1,2,2,2,benign_or_unconfirmed,0
n2901,3,2,3,3,3,benign_or_unconfirmed,0
n2902,4,1,2,2,2,benign_or_unconfirmed,0
n2904,3,2,3,3,3,benign_or_unconfirmed,0
n2905,4,1,2,2,2,benign_or_unconfirmed,0
n2907,3,2,3,3,3,benign_or_unconfirmed,0
n2908,4,1,2,2,2,benign_or_unconfirmed,0
n2910,3,2,3,3,3,benign_or_unconfirmed,0
n2911,4,1,2,2,2,benign_or_unconfirmed,0
n2913,3,2,3,3,3,benign_or_unconfirmed,0
n2914,4,1,2,2,2,benign_or_unconfirmed,0
n2916,3,2,3,3,3,benign_or_unconfirmed,0
n2917,4,1,2,2,2,benign_or_unconfirmed,0
n2919,3,2,3,3,3,benign_or_unconfirmed,0
n2920,4,1,2,2,2,benign_or_unconfirmed,0
n2922,3,2,3,3,3,benign_or_unconfirmed,0
n2923,4,1,2,2,2,benign_or_unconfirmed,0
n2925,3,2,3,3,3,benign_or_unconfirmed,0
n2926,4,1,2,2,2,benign_or_unconfirmed,0
n2928,3,2,3,3,3,benign_or_unconfirmed,0
n2929,4,1,2,2,2,benign_or_unconfirmed,0
n2931,3,2,3,3,3,benign_or_unconfirmed,0
n2932,4,1,2,2,2,benign_or_unconfirmed,0
n2934,3,2,3,3,3,benign_or_unconfirmed,0
n2935,4,1,2,2,2,benign_or_unconfirmed,0
n2937,3,2,3,3,3,benign_or_unconfirmed,0
n2938,4,1,2,2,2,benign_or_unconfirmed,0
n2940,3,2,3,3,3,benign_or_unconfirmed,0
n2941,4,1,2,2,2,benign_or_unconfirmed,0
n2943,3,2,3,3,3,benign_or_unconfirmed,0
n2944,4,1,2,2,2,benign_or_unconfirmed,0
n2946,3,2,3,3,3,benign_or_unconfirmed,0
n2947,4,1,2,2,2,benign_or_unconfirmed,0
n2949,3,2,3,3,3,benign_or_unconfirmed,0
n2950,4,1,2,2,2,benign_or_unconfirmed,0
n2952,3,2,3,3,3,benign_or_unconfirmed,0
n2953,4,1,2,2,2,benign_or_unconfirmed,0
n2955,3,2,3,3,3,benign_or_unconfirmed,0
n2956,4,1,2,2,2,benign_or_unconfirmed,0
n2958,3,2,3,3,3,benign_or_unconfirmed,0
n2959,4,1,2,2,2,benign_or_unconfirmed,0
n2961,3,2,3,3,3,benign_or_unconfirmed,0
n2962,4,1,2,2,2,benign_or_unconfirmed,0
n2964,3,2,3,3,3,benign_or_unconfirmed,0
n2965,4,1,2,2,2,benign_or_unconfirmed,0
n2967,3,2,3,3,3,benign_or_unconfirmed,0
n2968,4,1,2,2,2,benign_or_unconfirmed,0
n2970,3,2,3,3,3,benign_or_unconfirmed,0
n2971,4,1,2,2,2,benign_or_unconfirmed,0
n2973,3,2,3,3,3,benign_or_unconfirmed,0
n2974,4,1,2,2,2,benign_or_unconfirmed,0
n2976,3,2,3,3,3,benign_or_unconfirmed,0
n2977,4,1,2,2,2,benign_or_unconfirmed,0
n2979,3,2,3,3,3,benign_or_unconfirmed,0
n2980,4,1,2,2,2,benign_or_unconfirmed,0
n2982,4,1,2,2,2,benign_or_unconfirmed,0
n2983,3,2,3,3,3,benign_or_unconfirmed,0
n2507,3,2,3,3,3,benign_or_unconfirmed,0
n3017,4,1,2,2,2,benign_or_unconfirmed,0
n2510,3,2,3,3,3,benign_or_unconfirmed,0
n3020,4,1,2,2,2,benign_or_unconfirmed,0
n2513,3,2,3,3,3,benign_or_unconfirmed,0
n3023,4,1,2,2,2,benign_or_unconfirmed,0
n2516,3,2,3,3,3,benign_or_unconfirmed,0
n3026,4,1,2,2,2,benign_or_unconfirmed,0
n2519,3,2,3,3,3,benign_or_unconfirmed,0
n3029,4,1,2,2,2,benign_or_unconfirmed,0
n2522,3,2,3,3,3,benign_or_unconfirmed,0
n3032,4,1,2,2,2,benign_or_unconfirmed,0
n2525,3,2,3,3,3,benign_or_unconfirmed,0
n3035,4,1,2,2,2,benign_or_unconfirmed,0
n2528,3,2,3,3,3,benign_or_unconfirmed,0
n3038,4,1,2,2,2,benign_or_unconfirmed,0
n2531,3,2,3,3,3,benign_or_unconfirmed,0
n3041,4,1,2,2,2,benign_or_unconfirmed,0
n2534,3,2,3,3,3,benign_or_unconfirmed,0
n3044,4,1,2,2,2,benign_or_unconfirmed,0
n2537,3,2,3,3,3,benign_or_unconfirmed,0
n3047,4,1,2,2,2,benign_or_unconfirmed,0
n2540,3,2,3,3,3,benign_or_unconfirmed,0
n3050,4,1,2,2,2,benign_or_unconfirmed,0
n2543,3,2,3,3,3,benign_or_unconfirmed,0
n3053,4,1,2,2,2,benign_or_unconfirmed,0
n2546,3,2,3,3,3,benign_or_unconfirmed,0
n3056,4,1,2,2,2,benign_or_unconfirmed,0
n2549,3,2,3,3,3,benign_or_unconfirmed,0
n3059,4,1,2,2,2,benign_or_unconfirmed,0
n2552,3,2,3,3,3,benign_or_unconfirmed,0
n3062,4,1,2,2,2,benign_or_unconfirmed,0
n2555,3,2,3,3,3,benign_or_unconfirmed,0
n3065,4,1,2,2,2,benign_or_unconfirmed,0
n2558,3,2,3,3,3,benign_or_unconfirmed,0
n3068,4,1,2,2,2,benign_or_unconfirmed,0
n2561,3,2,3,3,3,benign_or_unconfirmed,0
n3071,4,1,2,2,2,benign_or_unconfirmed,0
n2564,3,2,3,3,3,benign_or_unconfirmed,0
n3074,4,1,2,2,2,benign_or_unconfirmed,0
n2567,3,2,3,3,3,benign_or_unconfirmed,0
n3077,4,1,2,2,2,benign_or_unconfirmed,0
n2570,3,2,3,3,3,benign_or_unconfirmed,0
n3080,4,1,2,2,2,benign_or_unconfirmed,0
n2573,3,2,3,3,3,benign_or_unconfirmed,0
n3083,4,1,2,2,2,benign_or_unconfirmed,0
n2576,3,2,3,3,3,benign_or_unconfirmed,0
n3086,4,1,2,2,2,benign_or_unconfirmed,0
n2579,3,2,3,3,3,benign_or_unconfirmed,0
n3089,4,1,2,2,2,benign_or_unconfirmed,0
n2582,3,2,3,3,3,benign_or_unconfirmed,0
n3092,4,1,2,2,2,benign_or_unconfirmed,0
n2585,3,2,3,3,3,benign_or_unconfirmed,0
n3095,4,1,2,2,2,benign_or_unconfirmed,0
n2588,3,2,3,3,3,benign_or_unconfirmed,0
n3098,4,1,2,2,2,benign_or_unconfirmed,0
n2591,3,2,3,3,3,benign_or_unconfirmed,0
n3101,4,1,2,2,2,benign_or_unconfirmed,0
n2604,3,2,3,3,3,benign_or_unconfirmed,0
n3104,4,1,2,2,2,benign_or_unconfirmed,0
n2617,3,2,3,3,3,benign_or_unconfirmed,0
n3107,4,1,2,2,2,benign_or_unconfirmed,0
n3110,4,1,2,2,2,benign_or_unconfirmed,0
n2628,3,2,3,3,3,benign_or_unconfirmed,0
n2506,4,1,2,2,2,benign_or_unconfirmed,0
n2509,4,1,2,2,2,benign_or_unconfirmed,0
n2512,4,1,2,2,2,benign_or_unconfirmed,0
n2515,4,1,2,2,2,benign_or_unconfirmed,0
n2518,4,1,2,2,2,benign_or_unconfirmed,0
n2521,4,1,2,2,2,benign_or_unconfirmed,0
n2524,4,1,2,2,2,benign_or_unconfirmed,0
n2527,4,1,2,2,2,benign_or_unconfirmed,0
n2530,4,1,2,2,2,benign_or_unconfirmed,0
n2533,4,1,2,2,2,benign_or_unconfirmed,0
n2536,4,1,2,2,2,benign_or_unconfirmed,0
n2539,4,1,2,2,2,benign_or_unconfirmed,0
n2542,4,1,2,2,2,benign_or_unconfirmed,0
n2545,4,1,2,2,2,benign_or_unconfirmed,0
n2548,4,1,2,2,2,benign_or_unconfirmed,0
n2551,4,1,2,2,2,benign_or_unconfirmed,0
n2554,4,1,2,2,2,benign_or_unconfirmed,0
n2557,4,1,2,2,2,benign_or_unconfirmed,0
n2560,4,1,2,2,2,benign_or_unconfirmed,0
n2563,4,1,2,2,2,benign_or_unconfirmed,0
n2566,4,1,2,2,2,benign_or_unconfirmed,0
n2569,4,1,2,2,2,benign_or_unconfirmed,0
n2572,4,1,2,2,2,benign_or_unconfirmed,0
n2575,4,1,2,2,2,benign_or_unconfirmed,0
n2578,4,1,2,2,2,benign_or_unconfirmed,0
n2581,4,1,2,2,2,benign_or_unconfirmed,0
n2584,4,1,2,2,2,benign_or_unconfirmed,0
n2587,4,1,2,2,2,benign_or_unconfirmed,0
n2590,4,1,2,2,2,benign_or_unconfirmed,0
n2603,4,1,2,2,2,benign_or_unconfirmed,0
n2616,4,1,2,2,2,benign_or_unconfirmed,0
n2629,4,1,2,2,2,benign_or_unconfirmed,0
DATA_0_31,0,1,1,1,1,benign_or_unconfirmed,0
n3277,4,1,2,2,2,benign_or_unconfirmed,0
n3279,3,1,2,2,2,benign_or_unconfirmed,0
n2376,3,1,2,2,2,benign_or_unconfirmed,0
n2504,3,1,2,2,2,benign_or_unconfirmed,0
n2728,3,1,2,2,2,benign_or_unconfirmed,0
n2856,3,1,2,2,2,benign_or_unconfirmed,0
n2984,3,1,2,2,2,benign_or_unconfirmed,0
n3112,3,1,2,2,2,benign_or_unconfirmed,0
n3111,3,1,2,2,2,benign_or_unconfirmed,0
n3246,3,1,2,2,2,benign_or_unconfirmed,0
n3248,3,1,2,2,2,benign_or_unconfirmed,0
n3250,3,1,2,2,2,benign_or_unconfirmed,0
n3252,3,1,2,2,2,benign_or_unconfirmed,0
n3254,3,1,2,2,2,benign_or_unconfirmed,0
n3258,3,1,2,2,2,benign_or_unconfirmed,0
n3260,3,1,2,2,2,benign_or_unconfirmed,0
n3262,3,1,2,2,2,benign_or_unconfirmed,0
n3264,3,1,2,2,2,benign_or_unconfirmed,0
n3266,3,1,2,2,2,benign_or_unconfirmed,0
n3268,3,1,2,2,2,benign_or_unconfirmed,0
n3270,3,1,2,2,2,benign_or_unconfirmed,0
n3272,3,1,2,2,2,benign_or_unconfirmed,0
n3274,3,1,2,2,2,benign_or_unconfirmed,0
n3276,3,1,2,2,2,benign_or_unconfirmed,0
n2331,3,1,2,2,2,benign_or_unconfirmed,0
n2334,3,1,2,2,2,benign_or_unconfirmed,0
n2337,3,1,2,2,2,benign_or_unconfirmed,0
n2340,3,1,2,2,2,benign_or_unconfirmed,0
n2343,3,1,2,2,2,benign_or_unconfirmed,0
n2346,3,1,2,2,2,benign_or_unconfirmed,0
n2349,3,1,2,2,2,benign_or_unconfirmed,0
n2352,3,1,2,2,2,benign_or_unconfirmed,0
n2355,3,1,2,2,2,benign_or_unconfirmed,0
n2358,3,1,2,2,2,benign_or_unconfirmed,0
n2361,3,1,2,2,2,benign_or_unconfirmed,0
n2364,3,1,2,2,2,benign_or_unconfirmed,0
n2367,3,1,2,2,2,benign_or_unconfirmed,0
n2370,3,1,2,2,2,benign_or_unconfirmed,0
n2373,3,1,2,2,2,benign_or_unconfirmed,0
n2459,3,1,2,2,2,benign_or_unconfirmed,0
n2462,3,1,2,2,2,benign_or_unconfirmed,0
n2465,3,1,2,2,2,benign_or_unconfirmed,0
n2468,3,1,2,2,2,benign_or_unconfirmed,0
n2471,3,1,2,2,2,benign_or_unconfirmed,0
n2474,3,1,2,2,2,benign_or_unconfirmed,0
n2477,3,1,2,2,2,benign_or_unconfirmed,0
n2480,3,1,2,2,2,benign_or_unconfirmed,0
n2483,3,1,2,2,2,benign_or_unconfirmed,0
n2486,3,1,2,2,2,benign_or_unconfirmed,0
n2489,3,1,2,2,2,benign_or_unconfirmed,0
n2492,3,1,2,2,2,benign_or_unconfirmed,0
n2495,3,1,2,2,2,benign_or_unconfirmed,0
n2498,3,1,2,2,2,benign_or_unconfirmed,0
n2501,3,1,2,2,2,benign_or_unconfirmed,0
n2683,3,1,2,2,2,benign_or_unconfirmed,0
n2686,3,1,2,2,2,benign_or_unconfirmed,0
n2689,3,1,2,2,2,benign_or_unconfirmed,0
n2692,3,1,2,2,2,benign_or_unconfirmed,0
n2695,3,1,2,2,2,benign_or_unconfirmed,0
n2698,3,1,2,2,2,benign_or_unconfirmed,0
n2701,3,1,2,2,2,benign_or_unconfirmed,0
n2704,3,1,2,2,2,benign_or_unconfirmed,0
n2707,3,1,2,2,2,benign_or_unconfirmed,0
n2710,3,1,2,2,2,benign_or_unconfirmed,0
n2713,3,1,2,2,2,benign_or_unconfirmed,0
n2716,3,1,2,2,2,benign_or_unconfirmed,0
n2719,3,1,2,2,2,benign_or_unconfirmed,0
n2722,3,1,2,2,2,benign_or_unconfirmed,0
n2725,3,1,2,2,2,benign_or_unconfirmed,0
n2811,3,1,2,2,2,benign_or_unconfirmed,0
n2814,3,1,2,2,2,benign_or_unconfirmed,0
n2817,3,1,2,2,2,benign_or_unconfirmed,0
n2820,3,1,2,2,2,benign_or_unconfirmed,0
n2823,3,1,2,2,2,benign_or_unconfirmed,0
n2826,3,1,2,2,2,benign_or_unconfirmed,0
n2829,3,1,2,2,2,benign_or_unconfirmed,0
n2832,3,1,2,2,2,benign_or_unconfirmed,0
n2835,3,1,2,2,2,benign_or_unconfirmed,0
n2838,3,1,2,2,2,benign_or_unconfirmed,0
n2841,3,1,2,2,2,benign_or_unconfirmed,0
n2844,3,1,2,2,2,benign_or_unconfirmed,0
n2847,3,1,2,2,2,benign_or_unconfirmed,0
n2850,3,1,2,2,2,benign_or_unconfirmed,0
n2853,3,1,2,2,2,benign_or_unconfirmed,0
n2939,3,1,2,2,2,benign_or_unconfirmed,0
n2942,3,1,2,2,2,benign_or_unconfirmed,0
n2945,3,1,2,2,2,benign_or_unconfirmed,0
n2948,3,1,2,2,2,benign_or_unconfirmed,0
n2951,3,1,2,2,2,benign_or_unconfirmed,0
n2954,3,1,2,2,2,benign_or_unconfirmed,0
n2957,3,1,2,2,2,benign_or_unconfirmed,0
n2960,3,1,2,2,2,benign_or_unconfirmed,0
n2963,3,1,2,2,2,benign_or_unconfirmed,0
n2966,3,1,2,2,2,benign_or_unconfirmed,0
n2969,3,1,2,2,2,benign_or_unconfirmed,0
n2972,3,1,2,2,2,benign_or_unconfirmed,0
n2975,3,1,2,2,2,benign_or_unconfirmed,0
n2978,3,1,2,2,2,benign_or_unconfirmed,0
n2981,3,1,2,2,2,benign_or_unconfirmed,0
n3066,3,1,2,2,2,benign_or_unconfirmed,0
n3069,3,1,2,2,2,benign_or_unconfirmed,0
n3072,3,1,2,2,2,benign_or_unconfirmed,0
n3075,3,1,2,2,2,benign_or_unconfirmed,0
n3078,3,1,2,2,2,benign_or_unconfirmed,0
n3081,3,1,2,2,2,benign_or_unconfirmed,0
n3084,3,1,2,2,2,benign_or_unconfirmed,0
n3087,3,1,2,2,2,benign_or_unconfirmed,0
n3090,3,1,2,2,2,benign_or_unconfirmed,0
n3093,3,1,2,2,2,benign_or_unconfirmed,0
n3096,3,1,2,2,2,benign_or_unconfirmed,0
n3099,3,1,2,2,2,benign_or_unconfirmed,0
n3102,3,1,2,2,2,benign_or_unconfirmed,0
n3105,3,1,2,2,2,benign_or_unconfirmed,0
n3108,3,1,2,2,2,benign_or_unconfirmed,0
n3067,3,1,2,2,2,benign_or_unconfirmed,0
n3070,3,1,2,2,2,benign_or_unconfirmed,0
n3073,3,1,2,2,2,benign_or_unconfirmed,0
n3076,3,1,2,2,2,benign_or_unconfirmed,0
n3079,3,1,2,2,2,benign_or_unconfirmed,0
n3082,3,1,2,2,2,benign_or_unconfirmed,0
n3085,3,1,2,2,2,benign_or_unconfirmed,0
n3088,3,1,2,2,2,benign_or_unconfirmed,0
n3091,3,1,2,2,2,benign_or_unconfirmed,0
n3094,3,1,2,2,2,benign_or_unconfirmed,0
n3097,3,1,2,2,2,benign_or_unconfirmed,0
n3100,3,1,2,2,2,benign_or_unconfirmed,0
n3103,3,1,2,2,2,benign_or_unconfirmed,0
n3106,3,1,2,2,2,benign_or_unconfirmed,0
n3109,3,1,2,2,2,benign_or_unconfirmed,0
n3530,2,1,2,2,2,benign_or_unconfirmed,0
n3532,2,1,2,2,2,benign_or_unconfirmed,0
n3534,2,1,2,2,2,benign_or_unconfirmed,0
n3536,2,1,2,2,2,benign_or_unconfirmed,0
n3538,2,1,2,2,2,benign_or_unconfirmed,0
n3540,2,1,2,2,2,benign_or_unconfirmed,0
n3542,2,1,2,2,2,benign_or_unconfirmed,0
n3544,2,1,2,2,2,benign_or_unconfirmed,0
n3546,2,1,2,2,2,benign_or_unconfirmed,0
n3548,2,1,2,2,2,benign_or_unconfirmed,0
n3550,2,1,2,2,2,benign_or_unconfirmed,0
n3552,2,1,2,2,2,benign_or_unconfirmed,0
n3554,2,1,2,2,2,benign_or_unconfirmed,0
n3556,2,1,2,2,2,benign_or_unconfirmed,0
n3558,2,1,2,2,2,benign_or_unconfirmed,0
n3560,2,1,2,2,2,benign_or_unconfirmed,0
n3562,2,1,2,2,2,benign_or_unconfirmed,0
n3564,2,1,2,2,2,benign_or_unconfirmed,0
n3566,2,1,2,2,2,benign_or_unconfirmed,0
n3568,2,1,2,2,2,benign_or_unconfirmed,0
n3570,2,1,2,2,2,benign_or_unconfirmed,0
n3572,2,1,2,2,2,benign_or_unconfirmed,0
n3574,2,1,2,2,2,benign_or_unconfirmed,0
n3576,2,1,2,2,2,benign_or_unconfirmed,0
n3578,2,1,2,2,2,benign_or_unconfirmed,0
n3580,2,1,2,2,2,benign_or_unconfirmed,0
n3582,2,1,2,2,2,benign_or_unconfirmed,0
n3584,2,1,2,2,2,benign_or_unconfirmed,0
n3586,2,1,2,2,2,benign_or_unconfirmed,0
n3588,2,1,2,2,2,benign_or_unconfirmed,0
n3590,2,1,2,2,2,benign_or_unconfirmed,0
n3592,2,1,2,2,2,benign_or_unconfirmed,0
n3594,2,1,2,2,2,benign_or_unconfirmed,0
n3596,2,1,2,2,2,benign_or_unconfirmed,0
n3598,2,1,2,2,2,benign_or_unconfirmed,0
n3600,2,1,2,2,2,benign_or_unconfirmed,0
n3602,2,1,2,2,2,benign_or_unconfirmed,0
n3604,2,1,2,2,2,benign_or_unconfirmed,0
n3606,2,1,2,2,2,benign_or_unconfirmed,0
n3608,2,1,2,2,2,benign_or_unconfirmed,0
n3610,2,1,2,2,2,benign_or_unconfirmed,0
n3612,2,1,2,2,2,benign_or_unconfirmed,0
n3614,2,1,2,2,2,benign_or_unconfirmed,0
n3616,2,1,2,2,2,benign_or_unconfirmed,0
n3618,2,1,2,2,2,benign_or_unconfirmed,0
n3620,2,1,2,2,2,benign_or_unconfirmed,0
n3622,2,1,2,2,2,benign_or_unconfirmed,0
n3624,2,1,2,2,2,benign_or_unconfirmed,0
n3626,2,1,2,2,2,benign_or_unconfirmed,0
n3628,2,1,2,2,2,benign_or_unconfirmed,0
n3630,2,1,2,2,2,benign_or_unconfirmed,0
n3632,2,1,2,2,2,benign_or_unconfirmed,0
n3634,2,1,2,2,2,benign_or_unconfirmed,0
n3636,2,1,2,2,2,benign_or_unconfirmed,0
n3638,2,1,2,2,2,benign_or_unconfirmed,0
n3640,2,1,2,2,2,benign_or_unconfirmed,0
n3642,2,1,2,2,2,benign_or_unconfirmed,0
n3644,2,1,2,2,2,benign_or_unconfirmed,0
n3646,2,1,2,2,2,benign_or_unconfirmed,0
n3648,2,1,2,2,2,benign_or_unconfirmed,0
n3650,2,1,2,2,2,benign_or_unconfirmed,0
n3652,2,1,2,2,2,benign_or_unconfirmed,0
n3654,2,1,2,2,2,benign_or_unconfirmed,0
n3656,2,1,2,2,2,benign_or_unconfirmed,0
n3658,2,1,2,2,2,benign_or_unconfirmed,0
n3660,2,1,2,2,2,benign_or_unconfirmed,0
n3662,2,1,2,2,2,benign_or_unconfirmed,0
n3664,2,1,2,2,2,benign_or_unconfirmed,0
n3666,2,1,2,2,2,benign_or_unconfirmed,0
n3668,2,1,2,2,2,benign_or_unconfirmed,0
n3670,2,1,2,2,2,benign_or_unconfirmed,0
n3672,2,1,2,2,2,benign_or_unconfirmed,0
n3674,2,1,2,2,2,benign_or_unconfirmed,0
n3676,2,1,2,2,2,benign_or_unconfirmed,0
n3678,2,1,2,2,2,benign_or_unconfirmed,0
n3680,2,1,2,2,2,benign_or_unconfirmed,0
n3682,2,1,2,2,2,benign_or_unconfirmed,0
n3684,2,1,2,2,2,benign_or_unconfirmed,0
n3686,2,1,2,2,2,benign_or_unconfirmed,0
n3688,2,1,2,2,2,benign_or_unconfirmed,0
n3690,2,1,2,2,2,benign_or_unconfirmed,0
n3692,2,1,2,2,2,benign_or_unconfirmed,0
n3694,2,1,2,2,2,benign_or_unconfirmed,0
n3696,2,1,2,2,2,benign_or_unconfirmed,0
n3698,2,1,2,2,2,benign_or_unconfirmed,0
n3700,2,1,2,2,2,benign_or_unconfirmed,0
n3702,2,1,2,2,2,benign_or_unconfirmed,0
n3704,2,1,2,2,2,benign_or_unconfirmed,0
n3706,2,1,2,2,2,benign_or_unconfirmed,0
n3708,2,1,2,2,2,benign_or_unconfirmed,0
n3710,2,1,2,2,2,benign_or_unconfirmed,0
n3712,2,1,2,2,2,benign_or_unconfirmed,0
n3714,2,1,2,2,2,benign_or_unconfirmed,0
n3716,2,1,2,2,2,benign_or_unconfirmed,0
n3718,2,1,2,2,2,benign_or_unconfirmed,0
n3720,2,1,2,2,2,benign_or_unconfirmed,0
n3722,2,1,2,2,2,benign_or_unconfirmed,0
n3724,2,1,2,2,2,benign_or_unconfirmed,0
n3726,2,1,2,2,2,benign_or_unconfirmed,0
n3728,2,1,2,2,2,benign_or_unconfirmed,0
n3730,2,1,2,2,2,benign_or_unconfirmed,0
n3732,2,1,2,2,2,benign_or_unconfirmed,0
n3734,2,1,2,2,2,benign_or_unconfirmed,0
n3736,2,1,2,2,2,benign_or_unconfirmed,0
n3738,2,1,2,2,2,benign_or_unconfirmed,0
n3740,2,1,2,2,2,benign_or_unconfirmed,0
n3742,2,1,2,2,2,benign_or_unconfirmed,0
n3744,2,1,2,2,2,benign_or_unconfirmed,0
n3746,2,1,2,2,2,benign_or_unconfirmed,0
n3748,2,1,2,2,2,benign_or_unconfirmed,0
n3750,2,1,2,2,2,benign_or_unconfirmed,0
n3752,2,1,2,2,2,benign_or_unconfirmed,0
n3754,2,1,2,2,2,benign_or_unconfirmed,0
n3756,2,1,2,2,2,benign_or_unconfirmed,0
n3758,2,1,2,2,2,benign_or_unconfirmed,0
n3760,2,1,2,2,2,benign_or_unconfirmed,0
n3762,2,1,2,2,2,benign_or_unconfirmed,0
n3764,2,1,2,2,2,benign_or_unconfirmed,0
n3766,2,1,2,2,2,benign_or_unconfirmed,0
n3768,2,1,2,2,2,benign_or_unconfirmed,0
n3770,2,1,2,2,2,benign_or_unconfirmed,0
n3772,2,1,2,2,2,benign_or_unconfirmed,0
n3774,2,1,2,2,2,benign_or_unconfirmed,0
n3776,2,1,2,2,2,benign_or_unconfirmed,0
n3778,2,1,2,2,2,benign_or_unconfirmed,0
n3780,2,1,2,2,2,benign_or_unconfirmed,0
n3782,2,1,2,2,2,benign_or_unconfirmed,0
n3784,2,1,2,2,2,benign_or_unconfirmed,0
n3178,3,1,2,2,2,benign_or_unconfirmed,0
n3185,3,1,2,2,2,benign_or_unconfirmed,0
n3192,3,1,2,2,2,benign_or_unconfirmed,0
n3313,3,1,2,2,2,benign_or_unconfirmed,0
n3318,3,1,2,2,2,benign_or_unconfirmed,0
n3325,3,1,2,2,2,benign_or_unconfirmed,0
n2264,3,1,2,2,2,benign_or_unconfirmed,0
n2269,3,1,2,2,2,benign_or_unconfirmed,0
n2276,3,1,2,2,2,benign_or_unconfirmed,0
n2392,3,1,2,2,2,benign_or_unconfirmed,0
n2397,3,1,2,2,2,benign_or_unconfirmed,0
n2404,3,1,2,2,2,benign_or_unconfirmed,0
n2610,3,1,2,2,2,benign_or_unconfirmed,0
n2618,3,1,2,2,2,benign_or_unconfirmed,0
n2625,3,1,2,2,2,benign_or_unconfirmed,0
n2744,3,1,2,2,2,benign_or_unconfirmed,0
n2749,3,1,2,2,2,benign_or_unconfirmed,0
n2756,3,1,2,2,2,benign_or_unconfirmed,0
n2872,3,1,2,2,2,benign_or_unconfirmed,0
n2877,3,1,2,2,2,benign_or_unconfirmed,0
n2884,3,1,2,2,2,benign_or_unconfirmed,0
n3000,3,1,2,2,2,benign_or_unconfirmed,0
n3005,3,1,2,2,2,benign_or_unconfirmed,0
n3012,3,1,2,2,2,benign_or_unconfirmed,0
n3128,3,1,2,2,2,benign_or_unconfirmed,0
n3133,3,1,2,2,2,benign_or_unconfirmed,0
n3140,3,1,2,2,2,benign_or_unconfirmed,0
n3196,2,1,2,2,2,benign_or_unconfirmed,0
n3329,2,1,2,2,2,benign_or_unconfirmed,0
n2280,2,1,2,2,2,benign_or_unconfirmed,0
n2408,2,1,2,2,2,benign_or_unconfirmed,0
n2632,2,1,2,2,2,benign_or_unconfirmed,0
n2760,2,1,2,2,2,benign_or_unconfirmed,0
n2888,2,1,2,2,2,benign_or_unconfirmed,0
n3016,2,1,2,2,2,benign_or_unconfirmed,0
n3144,2,1,2,2,2,benign_or_unconfirmed,0
n3163,2,1,2,2,2,benign_or_unconfirmed,0
n3164,2,1,2,2,2,benign_or_unconfirmed,0
n3165,2,1,2,2,2,benign_or_unconfirmed,0
n3166,2,1,2,2,2,benign_or_unconfirmed,0
n3167,2,1,2,2,2,benign_or_unconfirmed,0
n3168,2,1,2,2,2,benign_or_unconfirmed,0
n3169,2,1,2,2,2,benign_or_unconfirmed,0
n3170,2,1,2,2,2,benign_or_unconfirmed,0
n3171,2,1,2,2,2,benign_or_unconfirmed,0
n3172,2,1,2,2,2,benign_or_unconfirmed,0
n3173,2,1,2,2,2,benign_or_unconfirmed,0
n3174,2,1,2,2,2,benign_or_unconfirmed,0
n3175,2,1,2,2,2,benign_or_unconfirmed,0
n3176,2,1,2,2,2,benign_or_unconfirmed,0
n3177,2,1,2,2,2,benign_or_unconfirmed,0
n3181,2,1,2,2,2,benign_or_unconfirmed,0
n3182,2,1,2,2,2,benign_or_unconfirmed,0
n3183,2,1,2,2,2,benign_or_unconfirmed,0
n3184,2,1,2,2,2,benign_or_unconfirmed,0
n3186,2,1,2,2,2,benign_or_unconfirmed,0
n3187,2,1,2,2,2,benign_or_unconfirmed,0
n3188,2,1,2,2,2,benign_or_unconfirmed,0
n3189,2,1,2,2,2,benign_or_unconfirmed,0
n3190,2,1,2,2,2,benign_or_unconfirmed,0
n3191,2,1,2,2,2,benign_or_unconfirmed,0
n3193,2,1,2,2,2,benign_or_unconfirmed,0
n3194,2,1,2,2,2,benign_or_unconfirmed,0
n3195,2,1,2,2,2,benign_or_unconfirmed,0
n3298,2,1,2,2,2,benign_or_unconfirmed,0
n3299,2,1,2,2,2,benign_or_unconfirmed,0
n3300,2,1,2,2,2,benign_or_unconfirmed,0
n3301,2,1,2,2,2,benign_or_unconfirmed,0
n3302,2,1,2,2,2,benign_or_unconfirmed,0
n3303,2,1,2,2,2,benign_or_unconfirmed,0
n3304,2,1,2,2,2,benign_or_unconfirmed,0
n3305,2,1,2,2,2,benign_or_unconfirmed,0
n3306,2,1,2,2,2,benign_or_unconfirmed,0
n3307,2,1,2,2,2,benign_or_unconfirmed,0
n3308,2,1,2,2,2,benign_or_unconfirmed,0
n3309,2,1,2,2,2,benign_or_unconfirmed,0
n3310,2,1,2,2,2,benign_or_unconfirmed,0
n3311,2,1,2,2,2,benign_or_unconfirmed,0
n3312,2,1,2,2,2,benign_or_unconfirmed,0
n3314,2,1,2,2,2,benign_or_unconfirmed,0
n3315,2,1,2,2,2,benign_or_unconfirmed,0
n3316,2,1,2,2,2,benign_or_unconfirmed,0
n3317,2,1,2,2,2,benign_or_unconfirmed,0
n3319,2,1,2,2,2,benign_or_unconfirmed,0
n3320,2,1,2,2,2,benign_or_unconfirmed,0
n3321,2,1,2,2,2,benign_or_unconfirmed,0
n3322,2,1,2,2,2,benign_or_unconfirmed,0
n3323,2,1,2,2,2,benign_or_unconfirmed,0
n3324,2,1,2,2,2,benign_or_unconfirmed,0
n3326,2,1,2,2,2,benign_or_unconfirmed,0
n3327,2,1,2,2,2,benign_or_unconfirmed,0
n3328,2,1,2,2,2,benign_or_unconfirmed,0
n2249,2,1,2,2,2,benign_or_unconfirmed,0
n2250,2,1,2,2,2,benign_or_unconfirmed,0
n2251,2,1,2,2,2,benign_or_unconfirmed,0
n2252,2,1,2,2,2,benign_or_unconfirmed,0
n2253,2,1,2,2,2,benign_or_unconfirmed,0
n2254,2,1,2,2,2,benign_or_unconfirmed,0
n2255,2,1,2,2,2,benign_or_unconfirmed,0
n2256,2,1,2,2,2,benign_or_unconfirmed,0
n2257,2,1,2,2,2,benign_or_unconfirmed,0
n2258,2,1,2,2,2,benign_or_unconfirmed,0
n2259,2,1,2,2,2,benign_or_unconfirmed,0
n2260,2,1,2,2,2,benign_or_unconfirmed,0
n2261,2,1,2,2,2,benign_or_unconfirmed,0
n2262,2,1,2,2,2,benign_or_unconfirmed,0
n2263,2,1,2,2,2,benign_or_unconfirmed,0
n2265,2,1,2,2,2,benign_or_unconfirmed,0
n2266,2,1,2,2,2,benign_or_unconfirmed,0
n2267,2,1,2,2,2,benign_or_unconfirmed,0
n2268,2,1,2,2,2,benign_or_unconfirmed,0
n2270,2,1,2,2,2,benign_or_unconfirmed,0
n2271,2,1,2,2,2,benign_or_unconfirmed,0
n2272,2,1,2,2,2,benign_or_unconfirmed,0
n2273,2,1,2,2,2,benign_or_unconfirmed,0
n2274,2,1,2,2,2,benign_or_unconfirmed,0
n2275,2,1,2,2,2,benign_or_unconfirmed,0
n2277,2,1,2,2,2,benign_or_unconfirmed,0
n2278,2,1,2,2,2,benign_or_unconfirmed,0
n2279,2,1,2,2,2,benign_or_unconfirmed,0
n2377,2,1,2,2,2,benign_or_unconfirmed,0
n2378,2,1,2,2,2,benign_or_unconfirmed,0
n2379,2,1,2,2,2,benign_or_unconfirmed,0
n2380,2,1,2,2,2,benign_or_unconfirmed,0
n2381,2,1,2,2,2,benign_or_unconfirmed,0
n2382,2,1,2,2,2,benign_or_unconfirmed,0
n2383,2,1,2,2,2,benign_or_unconfirmed,0
n2384,2,1,2,2,2,benign_or_unconfirmed,0
n2385,2,1,2,2,2,benign_or_unconfirmed,0
n2386,2,1,2,2,2,benign_or_unconfirmed,0
n2387,2,1,2,2,2,benign_or_unconfirmed,0
n2388,2,1,2,2,2,benign_or_unconfirmed,0
n2389,2,1,2,2,2,benign_or_unconfirmed,0
n2390,2,1,2,2,2,benign_or_unconfirmed,0
n2391,2,1,2,2,2,benign_or_unconfirmed,0
n2393,2,1,2,2,2,benign_or_unconfirmed,0
n2394,2,1,2,2,2,benign_or_unconfirmed,0
n2395,2,1,2,2,2,benign_or_unconfirmed,0
n2396,2,1,2,2,2,benign_or_unconfirmed,0
n2398,2,1,2,2,2,benign_or_unconfirmed,0
n2399,2,1,2,2,2,benign_or_unconfirmed,0
n2400,2,1,2,2,2,benign_or_unconfirmed,0
n2401,2,1,2,2,2,benign_or_unconfirmed,0
n2402,2,1,2,2,2,benign_or_unconfirmed,0
n2403,2,1,2,2,2,benign_or_unconfirmed,0
n2405,2,1,2,2,2,benign_or_unconfirmed,0
n2406,2,1,2,2,2,benign_or_unconfirmed,0
n2407,2,1,2,2,2,benign_or_unconfirmed,0
n2592,2,1,2,2,2,benign_or_unconfirmed,0
n2593,2,1,2,2,2,benign_or_unconfirmed,0
n2594,2,1,2,2,2,benign_or_unconfirmed,0
n2595,2,1,2,2,2,benign_or_unconfirmed,0
n2596,2,1,2,2,2,benign_or_unconfirmed,0
n2597,2,1,2,2,2,benign_or_unconfirmed,0
n2598,2,1,2,2,2,benign_or_unconfirmed,0
n2599,2,1,2,2,2,benign_or_unconfirmed,0
n2600,2,1,2,2,2,benign_or_unconfirmed,0
n2601,2,1,2,2,2,benign_or_unconfirmed,0
n2605,2,1,2,2,2,benign_or_unconfirmed,0
n2606,2,1,2,2,2,benign_or_unconfirmed,0
n2607,2,1,2,2,2,benign_or_unconfirmed,0
n2608,2,1,2,2,2,benign_or_unconfirmed,0
n2609,2,1,2,2,2,benign_or_unconfirmed,0
n2611,2,1,2,2,2,benign_or_unconfirmed,0
n2612,2,1,2,2,2,benign_or_unconfirmed,0
n2613,2,1,2,2,2,benign_or_unconfirmed,0
n2614,2,1,2,2,2,benign_or_unconfirmed,0
n2619,2,1,2,2,2,benign_or_unconfirmed,0
n2620,2,1,2,2,2,benign_or_unconfirmed,0
n2621,2,1,2,2,2,benign_or_unconfirmed,0
n2622,2,1,2,2,2,benign_or_unconfirmed,0
n2623,2,1,2,2,2,benign_or_unconfirmed,0
n2624,2,1,2,2,2,benign_or_unconfirmed,0
n2626,2,1,2,2,2,benign_or_unconfirmed,0
n2627,2,1,2,2,2,benign_or_unconfirmed,0
n2631,2,1,2,2,2,benign_or_unconfirmed,0
n2729,2,1,2,2,2,benign_or_unconfirmed,0
n2730,2,1,2,2,2,benign_or_unconfirmed,0
n2731,2,1,2,2,2,benign_or_unconfirmed,0
n2732,2,1,2,2,2,benign_or_unconfirmed,0
n2733,2,1,2,2,2,benign_or_unconfirmed,0
n2734,2,1,2,2,2,benign_or_unconfirmed,0
n2735,2,1,2,2,2,benign_or_unconfirmed,0
n2736,2,1,2,2,2,benign_or_unconfirmed,0
n2737,2,1,2,2,2,benign_or_unconfirmed,0
n2738,2,1,2,2,2,benign_or_unconfirmed,0
n2739,2,1,2,2,2,benign_or_unconfirmed,0
n2740,2,1,2,2,2,benign_or_unconfirmed,0
n2741,2,1,2,2,2,benign_or_unconfirmed,0
n2742,2,1,2,2,2,benign_or_unconfirmed,0
n2743,2,1,2,2,2,benign_or_unconfirmed,0
n2745,2,1,2,2,2,benign_or_unconfirmed,0
n2746,2,1,2,2,2,benign_or_unconfirmed,0
n2747,2,1,2,2,2,benign_or_unconfirmed,0
n2748,2,1,2,2,2,benign_or_unconfirmed,0
n2750,2,1,2,2,2,benign_or_unconfirmed,0
n2751,2,1,2,2,2,benign_or_unconfirmed,0
n2752,2,1,2,2,2,benign_or_unconfirmed,0
n2753,2,1,2,2,2,benign_or_unconfirmed,0
n2754,2,1,2,2,2,benign_or_unconfirmed,0
n2755,2,1,2,2,2,benign_or_unconfirmed,0
n2757,2,1,2,2,2,benign_or_unconfirmed,0
n2758,2,1,2,2,2,benign_or_unconfirmed,0
n2759,2,1,2,2,2,benign_or_unconfirmed,0
n2857,2,1,2,2,2,benign_or_unconfirmed,0
n2858,2,1,2,2,2,benign_or_unconfirmed,0
n2859,2,1,2,2,2,benign_or_unconfirmed,0
n2860,2,1,2,2,2,benign_or_unconfirmed,0
n2861,2,1,2,2,2,benign_or_unconfirmed,0
n2862,2,1,2,2,2,benign_or_unconfirmed,0
n2863,2,1,2,2,2,benign_or_unconfirmed,0
n2864,2,1,2,2,2,benign_or_unconfirmed,0
n2865,2,1,2,2,2,benign_or_unconfirmed,0
n2866,2,1,2,2,2,benign_or_unconfirmed,0
n2867,2,1,2,2,2,benign_or_unconfirmed,0
n2868,2,1,2,2,2,benign_or_unconfirmed,0
n2869,2,1,2,2,2,benign_or_unconfirmed,0
n2870,2,1,2,2,2,benign_or_unconfirmed,0
n2871,2,1,2,2,2,benign_or_unconfirmed,0
n2873,2,1,2,2,2,benign_or_unconfirmed,0
n2874,2,1,2,2,2,benign_or_unconfirmed,0
n2875,2,1,2,2,2,benign_or_unconfirmed,0
n2876,2,1,2,2,2,benign_or_unconfirmed,0
n2878,2,1,2,2,2,benign_or_unconfirmed,0
n2879,2,1,2,2,2,benign_or_unconfirmed,0
n2880,2,1,2,2,2,benign_or_unconfirmed,0
n2881,2,1,2,2,2,benign_or_unconfirmed,0
n2882,2,1,2,2,2,benign_or_unconfirmed,0
n2883,2,1,2,2,2,benign_or_unconfirmed,0
n2885,2,1,2,2,2,benign_or_unconfirmed,0
n2886,2,1,2,2,2,benign_or_unconfirmed,0
n2887,2,1,2,2,2,benign_or_unconfirmed,0
n2985,2,1,2,2,2,benign_or_unconfirmed,0
n2986,2,1,2,2,2,benign_or_unconfirmed,0
n2987,2,1,2,2,2,benign_or_unconfirmed,0
n2988,2,1,2,2,2,benign_or_unconfirmed,0
n2989,2,1,2,2,2,benign_or_unconfirmed,0
n2990,2,1,2,2,2,benign_or_unconfirmed,0
n2991,2,1,2,2,2,benign_or_unconfirmed,0
n2992,2,1,2,2,2,benign_or_unconfirmed,0
n2993,2,1,2,2,2,benign_or_unconfirmed,0
n2994,2,1,2,2,2,benign_or_unconfirmed,0
n2995,2,1,2,2,2,benign_or_unconfirmed,0
n2996,2,1,2,2,2,benign_or_unconfirmed,0
n2997,2,1,2,2,2,benign_or_unconfirmed,0
n2998,2,1,2,2,2,benign_or_unconfirmed,0
n2999,2,1,2,2,2,benign_or_unconfirmed,0
n3001,2,1,2,2,2,benign_or_unconfirmed,0
n3002,2,1,2,2,2,benign_or_unconfirmed,0
n3003,2,1,2,2,2,benign_or_unconfirmed,0
n3004,2,1,2,2,2,benign_or_unconfirmed,0
n3006,2,1,2,2,2,benign_or_unconfirmed,0
n3007,2,1,2,2,2,benign_or_unconfirmed,0
n3008,2,1,2,2,2,benign_or_unconfirmed,0
n3009,2,1,2,2,2,benign_or_unconfirmed,0
n3010,2,1,2,2,2,benign_or_unconfirmed,0
n3011,2,1,2,2,2,benign_or_unconfirmed,0
n3013,2,1,2,2,2,benign_or_unconfirmed,0
n3014,2,1,2,2,2,benign_or_unconfirmed,0
n3015,2,1,2,2,2,benign_or_unconfirmed,0
n3113,2,1,2,2,2,benign_or_unconfirmed,0
n3114,2,1,2,2,2,benign_or_unconfirmed,0
n3115,2,1,2,2,2,benign_or_unconfirmed,0
n3116,2,1,2,2,2,benign_or_unconfirmed,0
n3117,2,1,2,2,2,benign_or_unconfirmed,0
n3118,2,1,2,2,2,benign_or_unconfirmed,0
n3119,2,1,2,2,2,benign_or_unconfirmed,0
n3120,2,1,2,2,2,benign_or_unconfirmed,0
n3121,2,1,2,2,2,benign_or_unconfirmed,0
n3122,2,1,2,2,2,benign_or_unconfirmed,0
n3123,2,1,2,2,2,benign_or_unconfirmed,0
n3124,2,1,2,2,2,benign_or_unconfirmed,0
n3125,2,1,2,2,2,benign_or_unconfirmed,0
n3126,2,1,2,2,2,benign_or_unconfirmed,0
n3127,2,1,2,2,2,benign_or_unconfirmed,0
n3129,2,1,2,2,2,benign_or_unconfirmed,0
n3130,2,1,2,2,2,benign_or_unconfirmed,0
n3131,2,1,2,2,2,benign_or_unconfirmed,0
n3132,2,1,2,2,2,benign_or_unconfirmed,0
n3134,2,1,2,2,2,benign_or_unconfirmed,0
n3135,2,1,2,2,2,benign_or_unconfirmed,0
n3136,2,1,2,2,2,benign_or_unconfirmed,0
n3137,2,1,2,2,2,benign_or_unconfirmed,0
n3138,2,1,2,2,2,benign_or_unconfirmed,0
n3139,2,1,2,2,2,benign_or_unconfirmed,0
n3141,2,1,2,2,2,benign_or_unconfirmed,0
n3142,2,1,2,2,2,benign_or_unconfirmed,0
n3143,2,1,2,2,2,benign_or_unconfirmed,0
