net,role,label
WX484,benign_or_unconfirmed,0
test_si1,benign_or_unconfirmed,0
test_se,victim_control,1
CK,benign_or_unconfirmed,0
WX485,benign_or_unconfirmed,0
WX486,benign_or_unconfirmed,0
WX487,benign_or_unconfirmed,0
WX488,benign_or_unconfirmed,0
WX489,benign_or_unconfirmed,0
WX490,benign_or_unconfirmed,0
WX491,benign_or_unconfirmed,0
WX492,benign_or_unconfirmed,0
WX493,benign_or_unconfirmed,0
WX494,benign_or_unconfirmed,0
WX495,benign_or_unconfirmed,0
WX496,benign_or_unconfirmed,0
WX497,benign_or_unconfirmed,0
WX498,benign_or_unconfirmed,0
WX499,benign_or_unconfirmed,0
WX500,benign_or_unconfirmed,0
WX501,benign_or_unconfirmed,0
WX502,benign_or_unconfirmed,0
WX503,benign_or_unconfirmed,0
WX504,benign_or_unconfirmed,0
WX505,benign_or_unconfirmed,0
WX506,benign_or_unconfirmed,0
WX507,benign_or_unconfirmed,0
WX508,benign_or_unconfirmed,0
WX509,benign_or_unconfirmed,0
WX510,benign_or_unconfirmed,0
WX511,benign_or_unconfirmed,0
WX512,benign_or_unconfirmed,0
WX513,benign_or_unconfirmed,0
WX514,benign_or_unconfirmed,0
WX515,benign_or_unconfirmed,0
WX516,benign_or_unconfirmed,0
WX517,benign_or_unconfirmed,0
WX518,benign_or_unconfirmed,0
test_so1,benign_or_unconfirmed,0
WX520,benign_or_unconfirmed,0
test_si2,benign_or_unconfirmed,0
WX521,benign_or_unconfirmed,0
WX522,benign_or_unconfirmed,0
WX523,benign_or_unconfirmed,0
WX524,benign_or_unconfirmed,0
WX525,benign_or_unconfirmed,0
WX526,benign_or_unconfirmed,0
WX527,benign_or_unconfirmed,0
WX528,benign_or_unconfirmed,0
WX529,benign_or_unconfirmed,0
WX530,benign_or_unconfirmed,0
WX531,benign_or_unconfirmed,0
WX532,benign_or_unconfirmed,0
WX533,benign_or_unconfirmed,0
WX534,benign_or_unconfirmed,0
WX535,benign_or_unconfirmed,0
WX536,benign_or_unconfirmed,0
WX537,benign_or_unconfirmed,0
WX538,benign_or_unconfirmed,0
WX539,benign_or_unconfirmed,0
WX540,benign_or_unconfirmed,0
WX541,benign_or_unconfirmed,0
WX542,benign_or_unconfirmed,0
WX543,benign_or_unconfirmed,0
WX544,benign_or_unconfirmed,0
WX545,benign_or_unconfirmed,0
WX546,benign_or_unconfirmed,0
WX547,benign_or_unconfirmed,0
WX644,benign_or_unconfirmed,0
WX645,benign_or_unconfirmed,0
n3529,benign_or_unconfirmed,0
WX646,benign_or_unconfirmed,0
WX647,benign_or_unconfirmed,0
n3527,benign_or_unconfirmed,0
WX648,benign_or_unconfirmed,0
WX649,benign_or_unconfirmed,0
n3525,benign_or_unconfirmed,0
WX650,benign_or_unconfirmed,0
test_so2,benign_or_unconfirmed,0
n3523,benign_or_unconfirmed,0
WX652,benign_or_unconfirmed,0
test_si3,benign_or_unconfirmed,0
WX653,benign_or_unconfirmed,0
n3521,benign_or_unconfirmed,0
WX654,benign_or_unconfirmed,0
WX655,benign_or_unconfirmed,0
n3519,benign_or_unconfirmed,0
WX656,benign_or_unconfirmed,0
WX657,benign_or_unconfirmed,0
n3517,benign_or_unconfirmed,0
WX658,benign_or_unconfirmed,0
WX659,benign_or_unconfirmed,0
n3515,benign_or_unconfirmed,0
WX660,benign_or_unconfirmed,0
WX661,benign_or_unconfirmed,0
n3513,benign_or_unconfirmed,0
WX662,benign_or_unconfirmed,0
WX663,benign_or_unconfirmed,0
n3511,benign_or_unconfirmed,0
WX664,benign_or_unconfirmed,0
WX665,benign_or_unconfirmed,0
n3509,benign_or_unconfirmed,0
WX666,benign_or_unconfirmed,0
WX667,benign_or_unconfirmed,0
n3507,benign_or_unconfirmed,0
WX668,benign_or_unconfirmed,0
WX669,benign_or_unconfirmed,0
n3505,benign_or_unconfirmed,0
WX670,benign_or_unconfirmed,0
WX671,benign_or_unconfirmed,0
n3503,benign_or_unconfirmed,0
WX672,benign_or_unconfirmed,0
WX673,benign_or_unconfirmed,0
n3501,benign_or_unconfirmed,0
WX674,benign_or_unconfirmed,0
WX675,benign_or_unconfirmed,0
n3499,benign_or_unconfirmed,0
WX676,benign_or_unconfirmed,0
WX677,benign_or_unconfirmed,0
n3497,benign_or_unconfirmed,0
WX678,benign_or_unconfirmed,0
WX679,benign_or_unconfirmed,0
n3495,benign_or_unconfirmed,0
WX680,benign_or_unconfirmed,0
WX681,benign_or_unconfirmed,0
n3493,benign_or_unconfirmed,0
WX682,benign_or_unconfirmed,0
WX683,benign_or_unconfirmed,0
n3491,benign_or_unconfirmed,0
WX684,benign_or_unconfirmed,0
WX685,benign_or_unconfirmed,0
n3489,benign_or_unconfirmed,0
WX686,benign_or_unconfirmed,0
test_so3,benign_or_unconfirmed,0
n3487,benign_or_unconfirmed,0
WX688,benign_or_unconfirmed,0
test_si4,benign_or_unconfirmed,0
WX689,benign_or_unconfirmed,0
n3485,benign_or_unconfirmed,0
WX690,benign_or_unconfirmed,0
WX691,benign_or_unconfirmed,0
n3483,benign_or_unconfirmed,0
WX692,benign_or_unconfirmed,0
WX693,benign_or_unconfirmed,0
n3481,benign_or_unconfirmed,0
WX694,benign_or_unconfirmed,0
WX695,benign_or_unconfirmed,0
n3479,benign_or_unconfirmed,0
WX696,benign_or_unconfirmed,0
WX697,benign_or_unconfirmed,0
n3477,benign_or_unconfirmed,0
WX698,benign_or_unconfirmed,0
WX699,benign_or_unconfirmed,0
n3475,benign_or_unconfirmed,0
WX700,benign_or_unconfirmed,0
WX701,benign_or_unconfirmed,0
n3473,benign_or_unconfirmed,0
WX702,benign_or_unconfirmed,0
WX703,benign_or_unconfirmed,0
n3471,benign_or_unconfirmed,0
WX704,benign_or_unconfirmed,0
WX705,benign_or_unconfirmed,0
n3469,benign_or_unconfirmed,0
WX706,benign_or_unconfirmed,0
WX707,benign_or_unconfirmed,0
n3467,benign_or_unconfirmed,0
WX708,benign_or_unconfirmed,0
WX709,benign_or_unconfirmed,0
WX710,benign_or_unconfirmed,0
WX711,benign_or_unconfirmed,0
WX712,benign_or_unconfirmed,0
WX713,benign_or_unconfirmed,0
WX714,benign_or_unconfirmed,0
WX715,benign_or_unconfirmed,0
WX716,benign_or_unconfirmed,0
WX717,benign_or_unconfirmed,0
WX718,benign_or_unconfirmed,0
WX719,benign_or_unconfirmed,0
WX720,benign_or_unconfirmed,0
WX721,benign_or_unconfirmed,0
WX722,benign_or_unconfirmed,0
test_so4,benign_or_unconfirmed,0
WX724,benign_or_unconfirmed,0
test_si5,benign_or_unconfirmed,0
WX725,benign_or_unconfirmed,0
WX726,benign_or_unconfirmed,0
WX727,benign_or_unconfirmed,0
WX728,benign_or_unconfirmed,0
WX729,benign_or_unconfirmed,0
WX730,benign_or_unconfirmed,0
WX731,benign_or_unconfirmed,0
WX732,benign_or_unconfirmed,0
WX733,benign_or_unconfirmed,0
WX734,benign_or_unconfirmed,0
WX735,benign_or_unconfirmed,0
WX736,benign_or_unconfirmed,0
WX737,benign_or_unconfirmed,0
WX738,benign_or_unconfirmed,0
WX739,benign_or_unconfirmed,0
WX740,benign_or_unconfirmed,0
WX741,benign_or_unconfirmed,0
WX742,trigger_tap,1
WX743,benign_or_unconfirmed,0
WX744,benign_or_unconfirmed,0
WX745,benign_or_unconfirmed,0
WX746,benign_or_unconfirmed,0
WX747,benign_or_unconfirmed,0
WX748,benign_or_unconfirmed,0
WX749,benign_or_unconfirmed,0
WX750,benign_or_unconfirmed,0
WX751,benign_or_unconfirmed,0
WX752,benign_or_unconfirmed,0
WX753,benign_or_unconfirmed,0
WX754,benign_or_unconfirmed,0
WX755,benign_or_unconfirmed,0
WX756,benign_or_unconfirmed,0
WX757,benign_or_unconfirmed,0
WX758,benign_or_unconfirmed,0
test_so5,benign_or_unconfirmed,0
WX760,benign_or_unconfirmed,0
test_si6,benign_or_unconfirmed,0
WX761,benign_or_unconfirmed,0
WX762,benign_or_unconfirmed,0
WX763,benign_or_unconfirmed,0
WX764,benign_or_unconfirmed,0
WX765,benign_or_unconfirmed,0
WX766,benign_or_unconfirmed,0
WX767,benign_or_unconfirmed,0
WX768,benign_or_unconfirmed,0
WX769,benign_or_unconfirmed,0
WX770,benign_or_unconfirmed,0
WX771,benign_or_unconfirmed,0
WX772,benign_or_unconfirmed,0
WX773,benign_or_unconfirmed,0
WX774,benign_or_unconfirmed,0
WX775,benign_or_unconfirmed,0
WX776,benign_or_unconfirmed,0
WX777,benign_or_unconfirmed,0
WX778,benign_or_unconfirmed,0
WX779,benign_or_unconfirmed,0
WX780,benign_or_unconfirmed,0
WX781,benign_or_unconfirmed,0
WX782,benign_or_unconfirmed,0
WX783,benign_or_unconfirmed,0
WX784,benign_or_unconfirmed,0
WX785,benign_or_unconfirmed,0
WX786,benign_or_unconfirmed,0
WX787,benign_or_unconfirmed,0
WX788,benign_or_unconfirmed,0
WX789,benign_or_unconfirmed,0
WX790,benign_or_unconfirmed,0
WX791,benign_or_unconfirmed,0
WX792,benign_or_unconfirmed,0
WX793,benign_or_unconfirmed,0
WX794,benign_or_unconfirmed,0
test_so6,benign_or_unconfirmed,0
WX796,benign_or_unconfirmed,0
test_si7,benign_or_unconfirmed,0
WX797,benign_or_unconfirmed,0
WX798,benign_or_unconfirmed,0
WX799,benign_or_unconfirmed,0
WX800,benign_or_unconfirmed,0
WX801,benign_or_unconfirmed,0
WX802,benign_or_unconfirmed,0
WX803,benign_or_unconfirmed,0
WX804,benign_or_unconfirmed,0
WX805,benign_or_unconfirmed,0
WX806,benign_or_unconfirmed,0
WX807,benign_or_unconfirmed,0
WX808,benign_or_unconfirmed,0
WX809,benign_or_unconfirmed,0
WX810,benign_or_unconfirmed,0
WX811,benign_or_unconfirmed,0
WX812,benign_or_unconfirmed,0
WX813,benign_or_unconfirmed,0
WX814,benign_or_unconfirmed,0
WX815,benign_or_unconfirmed,0
WX816,benign_or_unconfirmed,0
WX817,benign_or_unconfirmed,0
WX818,benign_or_unconfirmed,0
WX819,benign_or_unconfirmed,0
WX820,benign_or_unconfirmed,0
WX821,benign_or_unconfirmed,0
WX822,benign_or_unconfirmed,0
WX823,benign_or_unconfirmed,0
WX824,benign_or_unconfirmed,0
WX825,benign_or_unconfirmed,0
WX826,benign_or_unconfirmed,0
WX827,benign_or_unconfirmed,0
WX828,benign_or_unconfirmed,0
WX829,benign_or_unconfirmed,0
WX830,benign_or_unconfirmed,0
test_so7,benign_or_unconfirmed,0
WX832,benign_or_unconfirmed,0
test_si8,benign_or_unconfirmed,0
WX833,benign_or_unconfirmed,0
WX834,benign_or_unconfirmed,0
WX835,benign_or_unconfirmed,0
WX836,benign_or_unconfirmed,0
WX837,benign_or_unconfirmed,0
WX838,benign_or_unconfirmed,0
WX839,benign_or_unconfirmed,0
WX840,benign_or_unconfirmed,0
WX841,benign_or_unconfirmed,0
WX842,benign_or_unconfirmed,0
WX843,benign_or_unconfirmed,0
WX844,benign_or_unconfirmed,0
WX845,benign_or_unconfirmed,0
WX846,benign_or_unconfirmed,0
WX847,benign_or_unconfirmed,0
WX848,benign_or_unconfirmed,0
WX849,benign_or_unconfirmed,0
WX850,benign_or_unconfirmed,0
WX851,benign_or_unconfirmed,0
WX852,benign_or_unconfirmed,0
WX853,benign_or_unconfirmed,0
WX854,benign_or_unconfirmed,0
WX855,benign_or_unconfirmed,0
WX856,benign_or_unconfirmed,0
WX857,benign_or_unconfirmed,0
WX858,benign_or_unconfirmed,0
WX859,benign_or_unconfirmed,0
WX860,benign_or_unconfirmed,0
WX861,benign_or_unconfirmed,0
WX862,benign_or_unconfirmed,0
WX863,benign_or_unconfirmed,0
WX864,benign_or_unconfirmed,0
WX865,benign_or_unconfirmed,0
WX866,benign_or_unconfirmed,0
test_so8,benign_or_unconfirmed,0
WX868,benign_or_unconfirmed,0
test_si9,benign_or_unconfirmed,0
WX869,benign_or_unconfirmed,0
WX870,benign_or_unconfirmed,0
WX871,benign_or_unconfirmed,0
WX872,benign_or_unconfirmed,0
WX873,benign_or_unconfirmed,0
WX874,benign_or_unconfirmed,0
WX875,benign_or_unconfirmed,0
WX876,benign_or_unconfirmed,0
WX877,benign_or_unconfirmed,0
WX878,benign_or_unconfirmed,0
WX879,benign_or_unconfirmed,0
WX880,benign_or_unconfirmed,0
WX881,benign_or_unconfirmed,0
WX882,benign_or_unconfirmed,0
WX883,benign_or_unconfirmed,0
WX884,benign_or_unconfirmed,0
WX885,benign_or_unconfirmed,0
WX886,benign_or_unconfirmed,0
WX887,benign_or_unconfirmed,0
WX888,benign_or_unconfirmed,0
WX889,benign_or_unconfirmed,0
WX890,benign_or_unconfirmed,0
WX891,benign_or_unconfirmed,0
WX892,benign_or_unconfirmed,0
WX893,benign_or_unconfirmed,0
WX894,benign_or_unconfirmed,0
WX895,benign_or_unconfirmed,0
WX896,benign_or_unconfirmed,0
WX897,benign_or_unconfirmed,0
WX898,benign_or_unconfirmed,0
WX899,benign_or_unconfirmed,0
WX1264,benign_or_unconfirmed,0
CRC_OUT_9_0,benign_or_unconfirmed,0
DFF_160_n1,benign_or_unconfirmed,0
WX1266,benign_or_unconfirmed,0
CRC_OUT_9_1,benign_or_unconfirmed,0
DFF_161_n1,benign_or_unconfirmed,0
WX1268,benign_or_unconfirmed,0
test_si10,benign_or_unconfirmed,0
CRC_OUT_9_2,benign_or_unconfirmed,0
DFF_162_n1,benign_or_unconfirmed,0
WX1270,benign_or_unconfirmed,0
CRC_OUT_9_3,benign_or_unconfirmed,0
DFF_163_n1,benign_or_unconfirmed,0
WX1272,benign_or_unconfirmed,0
CRC_OUT_9_4,benign_or_unconfirmed,0
DFF_164_n1,benign_or_unconfirmed,0
WX1274,benign_or_unconfirmed,0
CRC_OUT_9_5,benign_or_unconfirmed,0
DFF_165_n1,benign_or_unconfirmed,0
WX1276,benign_or_unconfirmed,0
CRC_OUT_9_6,benign_or_unconfirmed,0
DFF_166_n1,benign_or_unconfirmed,0
WX1278,benign_or_unconfirmed,0
CRC_OUT_9_7,benign_or_unconfirmed,0
DFF_167_n1,benign_or_unconfirmed,0
WX1280,benign_or_unconfirmed,0
CRC_OUT_9_8,benign_or_unconfirmed,0
DFF_168_n1,benign_or_unconfirmed,0
WX1282,benign_or_unconfirmed,0
CRC_OUT_9_9,benign_or_unconfirmed,0
DFF_169_n1,benign_or_unconfirmed,0
WX1284,benign_or_unconfirmed,0
CRC_OUT_9_10,benign_or_unconfirmed,0
DFF_170_n1,benign_or_unconfirmed,0
WX1286,benign_or_unconfirmed,0
CRC_OUT_9_11,benign_or_unconfirmed,0
DFF_171_n1,benign_or_unconfirmed,0
WX1288,benign_or_unconfirmed,0
CRC_OUT_9_12,benign_or_unconfirmed,0
DFF_172_n1,benign_or_unconfirmed,0
WX1290,benign_or_unconfirmed,0
CRC_OUT_9_13,benign_or_unconfirmed,0
DFF_173_n1,benign_or_unconfirmed,0
WX1292,benign_or_unconfirmed,0
CRC_OUT_9_14,benign_or_unconfirmed,0
DFF_174_n1,benign_or_unconfirmed,0
WX1294,benign_or_unconfirmed,0
CRC_OUT_9_15,benign_or_unconfirmed,0
DFF_175_n1,benign_or_unconfirmed,0
WX1296,benign_or_unconfirmed,0
CRC_OUT_9_16,benign_or_unconfirmed,0
DFF_176_n1,benign_or_unconfirmed,0
WX1298,benign_or_unconfirmed,0
CRC_OUT_9_17,benign_or_unconfirmed,0
DFF_177_n1,benign_or_unconfirmed,0
WX1300,benign_or_unconfirmed,0
CRC_OUT_9_18,benign_or_unconfirmed,0
DFF_178_n1,benign_or_unconfirmed,0
WX1302,benign_or_unconfirmed,0
CRC_OUT_9_19,benign_or_unconfirmed,0
DFF_179_n1,benign_or_unconfirmed,0
WX1304,benign_or_unconfirmed,0
test_si11,benign_or_unconfirmed,0
CRC_OUT_9_20,benign_or_unconfirmed,0
DFF_180_n1,benign_or_unconfirmed,0
WX1306,benign_or_unconfirmed,0
CRC_OUT_9_21,benign_or_unconfirmed,0
DFF_181_n1,benign_or_unconfirmed,0
WX1308,benign_or_unconfirmed,0
CRC_OUT_9_22,benign_or_unconfirmed,0
DFF_182_n1,benign_or_unconfirmed,0
WX1310,benign_or_unconfirmed,0
CRC_OUT_9_23,benign_or_unconfirmed,0
DFF_183_n1,benign_or_unconfirmed,0
WX1312,benign_or_unconfirmed,0
CRC_OUT_9_24,benign_or_unconfirmed,0
DFF_184_n1,benign_or_unconfirmed,0
WX1314,benign_or_unconfirmed,0
CRC_OUT_9_25,benign_or_unconfirmed,0
DFF_185_n1,benign_or_unconfirmed,0
WX1316,benign_or_unconfirmed,0
CRC_OUT_9_26,benign_or_unconfirmed,0
DFF_186_n1,benign_or_unconfirmed,0
WX1318,benign_or_unconfirmed,0
CRC_OUT_9_27,benign_or_unconfirmed,0
DFF_187_n1,benign_or_unconfirmed,0
WX1320,benign_or_unconfirmed,0
CRC_OUT_9_28,benign_or_unconfirmed,0
DFF_188_n1,benign_or_unconfirmed,0
WX1322,benign_or_unconfirmed,0
CRC_OUT_9_29,benign_or_unconfirmed,0
DFF_189_n1,benign_or_unconfirmed,0
WX1324,benign_or_unconfirmed,0
CRC_OUT_9_30,benign_or_unconfirmed,0
DFF_190_n1,benign_or_unconfirmed,0
WX1326,benign_or_unconfirmed,0
CRC_OUT_9_31,benign_or_unconfirmed,0
DFF_191_n1,benign_or_unconfirmed,0
WX1777,benign_or_unconfirmed,0
WX1778,benign_or_unconfirmed,0
WX1779,benign_or_unconfirmed,0
n8702,benign_or_unconfirmed,0
n4033,benign_or_unconfirmed,0
WX1781,benign_or_unconfirmed,0
n8701,benign_or_unconfirmed,0
n4032,benign_or_unconfirmed,0
WX1783,benign_or_unconfirmed,0
n8700,benign_or_unconfirmed,0
n4031,benign_or_unconfirmed,0
WX1785,benign_or_unconfirmed,0
n8699,benign_or_unconfirmed,0
n4030,benign_or_unconfirmed,0
WX1787,benign_or_unconfirmed,0
test_so11,benign_or_unconfirmed,0
n4029,benign_or_unconfirmed,0
WX1789,benign_or_unconfirmed,0
test_si12,benign_or_unconfirmed,0
n8696,benign_or_unconfirmed,0
n4028,benign_or_unconfirmed,0
WX1791,benign_or_unconfirmed,0
n8695,benign_or_unconfirmed,0
n4027,benign_or_unconfirmed,0
WX1793,benign_or_unconfirmed,0
n8694,benign_or_unconfirmed,0
n4026,benign_or_unconfirmed,0
WX1795,benign_or_unconfirmed,0
n8693,benign_or_unconfirmed,0
n4025,benign_or_unconfirmed,0
WX1797,benign_or_unconfirmed,0
n8692,benign_or_unconfirmed,0
n4024,benign_or_unconfirmed,0
WX1799,benign_or_unconfirmed,0
n8691,benign_or_unconfirmed,0
n4023,benign_or_unconfirmed,0
WX1801,benign_or_unconfirmed,0
n8690,benign_or_unconfirmed,0
n4022,benign_or_unconfirmed,0
WX1803,benign_or_unconfirmed,0
n8689,benign_or_unconfirmed,0
n4021,benign_or_unconfirmed,0
WX1805,benign_or_unconfirmed,0
n8688,benign_or_unconfirmed,0
n4020,benign_or_unconfirmed,0
WX1807,benign_or_unconfirmed,0
n8687,benign_or_unconfirmed,0
n4019,benign_or_unconfirmed,0
WX1809,benign_or_unconfirmed,0
n8686,benign_or_unconfirmed,0
n4018,benign_or_unconfirmed,0
WX1811,benign_or_unconfirmed,0
n8685,benign_or_unconfirmed,0
n4017,benign_or_unconfirmed,0
WX1813,trigger_tap,1
n8684,benign_or_unconfirmed,0
n4016,benign_or_unconfirmed,0
WX1815,benign_or_unconfirmed,0
n8683,benign_or_unconfirmed,0
n4015,benign_or_unconfirmed,0
WX1817,benign_or_unconfirmed,0
n8682,benign_or_unconfirmed,0
n4014,benign_or_unconfirmed,0
WX1819,benign_or_unconfirmed,0
n8681,benign_or_unconfirmed,0
n4013,benign_or_unconfirmed,0
WX1821,benign_or_unconfirmed,0
n8680,benign_or_unconfirmed,0
n4012,benign_or_unconfirmed,0
WX1823,benign_or_unconfirmed,0
test_so12,benign_or_unconfirmed,0
n4011,benign_or_unconfirmed,0
WX1825,benign_or_unconfirmed,0
test_si13,benign_or_unconfirmed,0
n8677,benign_or_unconfirmed,0
n4010,benign_or_unconfirmed,0
WX1827,benign_or_unconfirmed,0
n8676,benign_or_unconfirmed,0
n4009,benign_or_unconfirmed,0
WX1829,benign_or_unconfirmed,0
n8675,benign_or_unconfirmed,0
n4008,benign_or_unconfirmed,0
WX1831,benign_or_unconfirmed,0
n8674,benign_or_unconfirmed,0
n4007,benign_or_unconfirmed,0
WX1833,benign_or_unconfirmed,0
n8673,benign_or_unconfirmed,0
n4006,benign_or_unconfirmed,0
WX1835,benign_or_unconfirmed,0
n8672,benign_or_unconfirmed,0
n4005,benign_or_unconfirmed,0
WX1837,benign_or_unconfirmed,0
n8671,benign_or_unconfirmed,0
n4004,benign_or_unconfirmed,0
WX1839,benign_or_unconfirmed,0
n8670,benign_or_unconfirmed,0
n4003,benign_or_unconfirmed,0
WX1937,benign_or_unconfirmed,0
n8669,benign_or_unconfirmed,0
n3345,benign_or_unconfirmed,0
WX1939,benign_or_unconfirmed,0
n8668,benign_or_unconfirmed,0
n3465,benign_or_unconfirmed,0
WX1941,benign_or_unconfirmed,0
n8667,benign_or_unconfirmed,0
n3464,benign_or_unconfirmed,0
WX1943,benign_or_unconfirmed,0
n8666,benign_or_unconfirmed,0
n3463,benign_or_unconfirmed,0
WX1945,benign_or_unconfirmed,0
n8665,benign_or_unconfirmed,0
n3462,benign_or_unconfirmed,0
WX1947,benign_or_unconfirmed,0
n8664,benign_or_unconfirmed,0
n3461,benign_or_unconfirmed,0
WX1949,benign_or_unconfirmed,0
n8663,benign_or_unconfirmed,0
n3460,benign_or_unconfirmed,0
WX1951,benign_or_unconfirmed,0
n8662,benign_or_unconfirmed,0
n3459,benign_or_unconfirmed,0
WX1953,benign_or_unconfirmed,0
n8661,benign_or_unconfirmed,0
n3458,benign_or_unconfirmed,0
WX1955,benign_or_unconfirmed,0
test_so13,benign_or_unconfirmed,0
n3457,benign_or_unconfirmed,0
WX1957,benign_or_unconfirmed,0
test_si14,benign_or_unconfirmed,0
n8658,benign_or_unconfirmed,0
n3456,benign_or_unconfirmed,0
WX1959,benign_or_unconfirmed,0
n8657,benign_or_unconfirmed,0
n3455,benign_or_unconfirmed,0
WX1961,benign_or_unconfirmed,0
n8656,benign_or_unconfirmed,0
n3454,benign_or_unconfirmed,0
WX1963,benign_or_unconfirmed,0
n8655,benign_or_unconfirmed,0
n3453,benign_or_unconfirmed,0
WX1965,benign_or_unconfirmed,0
n8654,benign_or_unconfirmed,0
n3452,benign_or_unconfirmed,0
WX1967,benign_or_unconfirmed,0
n8653,benign_or_unconfirmed,0
n3451,benign_or_unconfirmed,0
WX1969,benign_or_unconfirmed,0
WX1970,benign_or_unconfirmed,0
WX1971,benign_or_unconfirmed,0
WX1972,benign_or_unconfirmed,0
WX1973,benign_or_unconfirmed,0
WX1974,benign_or_unconfirmed,0
WX1975,benign_or_unconfirmed,0
WX1976,benign_or_unconfirmed,0
WX1977,benign_or_unconfirmed,0
WX1978,benign_or_unconfirmed,0
WX1979,benign_or_unconfirmed,0
WX1980,benign_or_unconfirmed,0
WX1981,benign_or_unconfirmed,0
WX1982,benign_or_unconfirmed,0
WX1983,benign_or_unconfirmed,0
WX1984,benign_or_unconfirmed,0
WX1985,benign_or_unconfirmed,0
WX1986,benign_or_unconfirmed,0
WX1987,benign_or_unconfirmed,0
WX1988,benign_or_unconfirmed,0
WX1989,benign_or_unconfirmed,0
WX1990,benign_or_unconfirmed,0
WX1991,benign_or_unconfirmed,0
test_so14,benign_or_unconfirmed,0
WX1993,benign_or_unconfirmed,0
test_si15,benign_or_unconfirmed,0
WX1994,benign_or_unconfirmed,0
WX1995,benign_or_unconfirmed,0
WX1996,benign_or_unconfirmed,0
WX1997,benign_or_unconfirmed,0
WX1998,benign_or_unconfirmed,0
WX1999,benign_or_unconfirmed,0
WX2000,benign_or_unconfirmed,0
WX2001,benign_or_unconfirmed,0
WX2002,benign_or_unconfirmed,0
WX2003,benign_or_unconfirmed,0
WX2004,benign_or_unconfirmed,0
WX2005,benign_or_unconfirmed,0
WX2006,benign_or_unconfirmed,0
WX2007,benign_or_unconfirmed,0
WX2008,benign_or_unconfirmed,0
WX2009,benign_or_unconfirmed,0
WX2010,benign_or_unconfirmed,0
WX2011,benign_or_unconfirmed,0
WX2012,benign_or_unconfirmed,0
WX2013,benign_or_unconfirmed,0
WX2014,benign_or_unconfirmed,0
WX2015,benign_or_unconfirmed,0
WX2016,benign_or_unconfirmed,0
WX2017,benign_or_unconfirmed,0
WX2018,benign_or_unconfirmed,0
WX2019,benign_or_unconfirmed,0
WX2020,benign_or_unconfirmed,0
WX2021,benign_or_unconfirmed,0
WX2022,benign_or_unconfirmed,0
WX2023,benign_or_unconfirmed,0
WX2024,benign_or_unconfirmed,0
WX2025,benign_or_unconfirmed,0
WX2026,benign_or_unconfirmed,0
WX2027,benign_or_unconfirmed,0
test_so15,benign_or_unconfirmed,0
WX2029,benign_or_unconfirmed,0
test_si16,benign_or_unconfirmed,0
WX2030,benign_or_unconfirmed,0
WX2031,benign_or_unconfirmed,0
WX2032,benign_or_unconfirmed,0
WX2033,benign_or_unconfirmed,0
WX2034,benign_or_unconfirmed,0
n3785,benign_or_unconfirmed,0
WX2035,benign_or_unconfirmed,0
WX2036,benign_or_unconfirmed,0
n3783,benign_or_unconfirmed,0
WX2037,benign_or_unconfirmed,0
WX2038,benign_or_unconfirmed,0
n3781,benign_or_unconfirmed,0
WX2039,benign_or_unconfirmed,0
WX2040,benign_or_unconfirmed,0
n3779,benign_or_unconfirmed,0
WX2041,benign_or_unconfirmed,0
WX2042,benign_or_unconfirmed,0
n3777,benign_or_unconfirmed,0
WX2043,benign_or_unconfirmed,0
WX2044,benign_or_unconfirmed,0
n3775,benign_or_unconfirmed,0
WX2045,benign_or_unconfirmed,0
WX2046,benign_or_unconfirmed,0
n3773,benign_or_unconfirmed,0
WX2047,benign_or_unconfirmed,0
WX2048,benign_or_unconfirmed,0
n3771,benign_or_unconfirmed,0
WX2049,benign_or_unconfirmed,0
WX2050,benign_or_unconfirmed,0
n3769,benign_or_unconfirmed,0
WX2051,benign_or_unconfirmed,0
WX2052,benign_or_unconfirmed,0
n3767,benign_or_unconfirmed,0
WX2053,benign_or_unconfirmed,0
WX2054,benign_or_unconfirmed,0
n3765,benign_or_unconfirmed,0
WX2055,benign_or_unconfirmed,0
WX2056,benign_or_unconfirmed,0
n3763,benign_or_unconfirmed,0
WX2057,benign_or_unconfirmed,0
WX2058,benign_or_unconfirmed,0
n3761,benign_or_unconfirmed,0
WX2059,benign_or_unconfirmed,0
WX2060,benign_or_unconfirmed,0
n3759,benign_or_unconfirmed,0
WX2061,benign_or_unconfirmed,0
WX2062,benign_or_unconfirmed,0
n3757,benign_or_unconfirmed,0
WX2063,benign_or_unconfirmed,0
test_so16,benign_or_unconfirmed,0
n3755,benign_or_unconfirmed,0
WX2065,benign_or_unconfirmed,0
test_si17,benign_or_unconfirmed,0
WX2066,benign_or_unconfirmed,0
WX2067,benign_or_unconfirmed,0
WX2068,benign_or_unconfirmed,0
WX2069,benign_or_unconfirmed,0
WX2070,benign_or_unconfirmed,0
WX2071,benign_or_unconfirmed,0
WX2072,benign_or_unconfirmed,0
WX2073,benign_or_unconfirmed,0
WX2074,benign_or_unconfirmed,0
WX2075,benign_or_unconfirmed,0
WX2076,benign_or_unconfirmed,0
WX2077,benign_or_unconfirmed,0
WX2078,benign_or_unconfirmed,0
WX2079,benign_or_unconfirmed,0
WX2080,benign_or_unconfirmed,0
WX2081,benign_or_unconfirmed,0
WX2082,benign_or_unconfirmed,0
WX2083,benign_or_unconfirmed,0
WX2084,benign_or_unconfirmed,0
WX2085,benign_or_unconfirmed,0
WX2086,benign_or_unconfirmed,0
WX2087,benign_or_unconfirmed,0
WX2088,benign_or_unconfirmed,0
WX2089,benign_or_unconfirmed,0
WX2090,benign_or_unconfirmed,0
WX2091,benign_or_unconfirmed,0
WX2092,benign_or_unconfirmed,0
WX2093,benign_or_unconfirmed,0
WX2094,benign_or_unconfirmed,0
WX2095,benign_or_unconfirmed,0
WX2096,benign_or_unconfirmed,0
WX2097,benign_or_unconfirmed,0
WX2098,benign_or_unconfirmed,0
WX2099,benign_or_unconfirmed,0
test_so17,benign_or_unconfirmed,0
WX2101,benign_or_unconfirmed,0
test_si18,benign_or_unconfirmed,0
WX2102,benign_or_unconfirmed,0
WX2103,benign_or_unconfirmed,0
WX2104,benign_or_unconfirmed,0
WX2105,benign_or_unconfirmed,0
WX2106,benign_or_unconfirmed,0
WX2107,benign_or_unconfirmed,0
WX2108,benign_or_unconfirmed,0
WX2109,benign_or_unconfirmed,0
WX2110,benign_or_unconfirmed,0
WX2111,benign_or_unconfirmed,0
WX2112,benign_or_unconfirmed,0
WX2113,benign_or_unconfirmed,0
WX2114,benign_or_unconfirmed,0
WX2115,benign_or_unconfirmed,0
WX2116,benign_or_unconfirmed,0
WX2117,benign_or_unconfirmed,0
WX2118,benign_or_unconfirmed,0
WX2119,benign_or_unconfirmed,0
WX2120,benign_or_unconfirmed,0
WX2121,benign_or_unconfirmed,0
WX2122,benign_or_unconfirmed,0
WX2123,benign_or_unconfirmed,0
WX2124,benign_or_unconfirmed,0
WX2125,benign_or_unconfirmed,0
WX2126,benign_or_unconfirmed,0
WX2127,benign_or_unconfirmed,0
WX2128,benign_or_unconfirmed,0
WX2129,benign_or_unconfirmed,0
WX2130,benign_or_unconfirmed,0
WX2131,benign_or_unconfirmed,0
WX2132,benign_or_unconfirmed,0
WX2133,benign_or_unconfirmed,0
WX2134,benign_or_unconfirmed,0
WX2135,benign_or_unconfirmed,0
test_so18,benign_or_unconfirmed,0
WX2137,benign_or_unconfirmed,0
test_si19,benign_or_unconfirmed,0
WX2138,benign_or_unconfirmed,0
WX2139,benign_or_unconfirmed,0
WX2140,benign_or_unconfirmed,0
WX2141,benign_or_unconfirmed,0
WX2142,benign_or_unconfirmed,0
WX2143,benign_or_unconfirmed,0
WX2144,benign_or_unconfirmed,0
WX2145,benign_or_unconfirmed,0
WX2146,benign_or_unconfirmed,0
WX2147,benign_or_unconfirmed,0
WX2148,benign_or_unconfirmed,0
WX2149,benign_or_unconfirmed,0
WX2150,benign_or_unconfirmed,0
WX2151,benign_or_unconfirmed,0
WX2152,benign_or_unconfirmed,0
WX2153,benign_or_unconfirmed,0
WX2154,benign_or_unconfirmed,0
WX2155,benign_or_unconfirmed,0
WX2156,benign_or_unconfirmed,0
WX2157,benign_or_unconfirmed,0
WX2158,benign_or_unconfirmed,0
WX2159,benign_or_unconfirmed,0
WX2160,benign_or_unconfirmed,0
WX2161,benign_or_unconfirmed,0
WX2162,benign_or_unconfirmed,0
WX2163,benign_or_unconfirmed,0
WX2164,benign_or_unconfirmed,0
WX2165,benign_or_unconfirmed,0
WX2166,benign_or_unconfirmed,0
WX2167,benign_or_unconfirmed,0
WX2168,benign_or_unconfirmed,0
WX2169,benign_or_unconfirmed,0
WX2170,benign_or_unconfirmed,0
WX2171,benign_or_unconfirmed,0
test_so19,benign_or_unconfirmed,0
WX2173,benign_or_unconfirmed,0
test_si20,benign_or_unconfirmed,0
WX2174,benign_or_unconfirmed,0
WX2175,benign_or_unconfirmed,0
WX2176,benign_or_unconfirmed,0
WX2177,benign_or_unconfirmed,0
WX2178,benign_or_unconfirmed,0
WX2179,benign_or_unconfirmed,0
WX2180,benign_or_unconfirmed,0
WX2181,benign_or_unconfirmed,0
WX2182,benign_or_unconfirmed,0
WX2183,benign_or_unconfirmed,0
WX2184,benign_or_unconfirmed,0
WX2185,benign_or_unconfirmed,0
WX2186,benign_or_unconfirmed,0
WX2187,benign_or_unconfirmed,0
WX2188,benign_or_unconfirmed,0
WX2189,benign_or_unconfirmed,0
WX2190,benign_or_unconfirmed,0
WX2191,benign_or_unconfirmed,0
WX2192,benign_or_unconfirmed,0
WX2557,benign_or_unconfirmed,0
CRC_OUT_8_0,benign_or_unconfirmed,0
DFF_352_n1,benign_or_unconfirmed,0
WX2559,benign_or_unconfirmed,0
CRC_OUT_8_1,benign_or_unconfirmed,0
DFF_353_n1,benign_or_unconfirmed,0
WX2561,benign_or_unconfirmed,0
CRC_OUT_8_2,benign_or_unconfirmed,0
DFF_354_n1,benign_or_unconfirmed,0
WX2563,benign_or_unconfirmed,0
CRC_OUT_8_3,benign_or_unconfirmed,0
DFF_355_n1,benign_or_unconfirmed,0
WX2565,benign_or_unconfirmed,0
CRC_OUT_8_4,benign_or_unconfirmed,0
DFF_356_n1,benign_or_unconfirmed,0
WX2567,benign_or_unconfirmed,0
CRC_OUT_8_5,benign_or_unconfirmed,0
DFF_357_n1,benign_or_unconfirmed,0
WX2569,benign_or_unconfirmed,0
CRC_OUT_8_6,benign_or_unconfirmed,0
DFF_358_n1,benign_or_unconfirmed,0
WX2571,benign_or_unconfirmed,0
CRC_OUT_8_7,benign_or_unconfirmed,0
DFF_359_n1,benign_or_unconfirmed,0
WX2573,benign_or_unconfirmed,0
test_si21,benign_or_unconfirmed,0
CRC_OUT_8_8,benign_or_unconfirmed,0
DFF_360_n1,benign_or_unconfirmed,0
WX2575,benign_or_unconfirmed,0
CRC_OUT_8_9,benign_or_unconfirmed,0
DFF_361_n1,benign_or_unconfirmed,0
WX2577,benign_or_unconfirmed,0
CRC_OUT_8_10,benign_or_unconfirmed,0
DFF_362_n1,benign_or_unconfirmed,0
WX2579,benign_or_unconfirmed,0
CRC_OUT_8_11,benign_or_unconfirmed,0
DFF_363_n1,benign_or_unconfirmed,0
WX2581,benign_or_unconfirmed,0
CRC_OUT_8_12,benign_or_unconfirmed,0
DFF_364_n1,benign_or_unconfirmed,0
WX2583,benign_or_unconfirmed,0
CRC_OUT_8_13,benign_or_unconfirmed,0
DFF_365_n1,benign_or_unconfirmed,0
WX2585,benign_or_unconfirmed,0
CRC_OUT_8_14,benign_or_unconfirmed,0
DFF_366_n1,benign_or_unconfirmed,0
WX2587,benign_or_unconfirmed,0
CRC_OUT_8_15,benign_or_unconfirmed,0
DFF_367_n1,benign_or_unconfirmed,0
WX2589,benign_or_unconfirmed,0
CRC_OUT_8_16,benign_or_unconfirmed,0
DFF_368_n1,benign_or_unconfirmed,0
WX2591,benign_or_unconfirmed,0
CRC_OUT_8_17,benign_or_unconfirmed,0
DFF_369_n1,benign_or_unconfirmed,0
WX2593,benign_or_unconfirmed,0
CRC_OUT_8_18,benign_or_unconfirmed,0
DFF_370_n1,benign_or_unconfirmed,0
WX2595,benign_or_unconfirmed,0
CRC_OUT_8_19,benign_or_unconfirmed,0
DFF_371_n1,benign_or_unconfirmed,0
WX2597,benign_or_unconfirmed,0
CRC_OUT_8_20,benign_or_unconfirmed,0
DFF_372_n1,benign_or_unconfirmed,0
WX2599,benign_or_unconfirmed,0
CRC_OUT_8_21,benign_or_unconfirmed,0
DFF_373_n1,benign_or_unconfirmed,0
WX2601,benign_or_unconfirmed,0
CRC_OUT_8_22,benign_or_unconfirmed,0
DFF_374_n1,benign_or_unconfirmed,0
WX2603,benign_or_unconfirmed,0
CRC_OUT_8_23,benign_or_unconfirmed,0
DFF_375_n1,benign_or_unconfirmed,0
WX2605,benign_or_unconfirmed,0
CRC_OUT_8_24,benign_or_unconfirmed,0
DFF_376_n1,benign_or_unconfirmed,0
WX2607,benign_or_unconfirmed,0
CRC_OUT_8_25,benign_or_unconfirmed,0
DFF_377_n1,benign_or_unconfirmed,0
WX2609,benign_or_unconfirmed,0
test_si22,benign_or_unconfirmed,0
CRC_OUT_8_26,benign_or_unconfirmed,0
DFF_378_n1,benign_or_unconfirmed,0
WX2611,benign_or_unconfirmed,0
CRC_OUT_8_27,benign_or_unconfirmed,0
DFF_379_n1,benign_or_unconfirmed,0
WX2613,benign_or_unconfirmed,0
CRC_OUT_8_28,benign_or_unconfirmed,0
DFF_380_n1,benign_or_unconfirmed,0
WX2615,benign_or_unconfirmed,0
CRC_OUT_8_29,benign_or_unconfirmed,0
DFF_381_n1,benign_or_unconfirmed,0
WX2617,benign_or_unconfirmed,0
CRC_OUT_8_30,benign_or_unconfirmed,0
DFF_382_n1,benign_or_unconfirmed,0
WX2619,benign_or_unconfirmed,0
CRC_OUT_8_31,benign_or_unconfirmed,0
DFF_383_n1,benign_or_unconfirmed,0
WX3070,benign_or_unconfirmed,0
WX3071,benign_or_unconfirmed,0
WX3072,benign_or_unconfirmed,0
n8644,benign_or_unconfirmed,0
n4002,benign_or_unconfirmed,0
WX3074,benign_or_unconfirmed,0
n8643,benign_or_unconfirmed,0
n4001,benign_or_unconfirmed,0
WX3076,benign_or_unconfirmed,0
n8642,benign_or_unconfirmed,0
n4000,benign_or_unconfirmed,0
WX3078,benign_or_unconfirmed,0
n8641,benign_or_unconfirmed,0
n3999,benign_or_unconfirmed,0
WX3080,benign_or_unconfirmed,0
n8640,benign_or_unconfirmed,0
n3998,benign_or_unconfirmed,0
WX3082,benign_or_unconfirmed,0
n8639,benign_or_unconfirmed,0
n3997,benign_or_unconfirmed,0
WX3084,benign_or_unconfirmed,0
n8638,benign_or_unconfirmed,0
n3996,benign_or_unconfirmed,0
WX3086,benign_or_unconfirmed,0
n8637,benign_or_unconfirmed,0
n3995,benign_or_unconfirmed,0
WX3088,benign_or_unconfirmed,0
n8636,benign_or_unconfirmed,0
n3994,benign_or_unconfirmed,0
WX3090,benign_or_unconfirmed,0
n8635,benign_or_unconfirmed,0
n3993,benign_or_unconfirmed,0
WX3092,benign_or_unconfirmed,0
test_so22,benign_or_unconfirmed,0
n3992,benign_or_unconfirmed,0
WX3094,benign_or_unconfirmed,0
test_si23,benign_or_unconfirmed,0
n8632,benign_or_unconfirmed,0
n3991,benign_or_unconfirmed,0
WX3096,benign_or_unconfirmed,0
n8631,benign_or_unconfirmed,0
n3990,benign_or_unconfirmed,0
WX3098,benign_or_unconfirmed,0
n8630,benign_or_unconfirmed,0
n3989,benign_or_unconfirmed,0
WX3100,benign_or_unconfirmed,0
n8629,benign_or_unconfirmed,0
n3988,benign_or_unconfirmed,0
WX3102,benign_or_unconfirmed,0
n8628,benign_or_unconfirmed,0
n3987,benign_or_unconfirmed,0
WX3104,benign_or_unconfirmed,0
n8627,benign_or_unconfirmed,0
n3986,benign_or_unconfirmed,0
WX3106,benign_or_unconfirmed,0
n8626,benign_or_unconfirmed,0
n3985,benign_or_unconfirmed,0
WX3108,benign_or_unconfirmed,0
n8625,benign_or_unconfirmed,0
n3984,benign_or_unconfirmed,0
WX3110,benign_or_unconfirmed,0
n8624,benign_or_unconfirmed,0
n3983,benign_or_unconfirmed,0
WX3112,benign_or_unconfirmed,0
n8623,benign_or_unconfirmed,0
n3982,benign_or_unconfirmed,0
WX3114,benign_or_unconfirmed,0
n8622,benign_or_unconfirmed,0
n3981,benign_or_unconfirmed,0
WX3116,benign_or_unconfirmed,0
n8621,benign_or_unconfirmed,0
n3980,benign_or_unconfirmed,0
WX3118,benign_or_unconfirmed,0
n8620,benign_or_unconfirmed,0
n3979,benign_or_unconfirmed,0
WX3120,benign_or_unconfirmed,0
n8619,benign_or_unconfirmed,0
n3978,benign_or_unconfirmed,0
WX3122,benign_or_unconfirmed,0
n8618,benign_or_unconfirmed,0
n3977,benign_or_unconfirmed,0
WX3124,benign_or_unconfirmed,0
n8617,benign_or_unconfirmed,0
n3976,benign_or_unconfirmed,0
WX3126,benign_or_unconfirmed,0
n8616,benign_or_unconfirmed,0
n3975,benign_or_unconfirmed,0
WX3128,benign_or_unconfirmed,0
test_so23,benign_or_unconfirmed,0
n3974,benign_or_unconfirmed,0
WX3130,benign_or_unconfirmed,0
test_si24,benign_or_unconfirmed,0
n8613,benign_or_unconfirmed,0
n3973,benign_or_unconfirmed,0
WX3132,benign_or_unconfirmed,0
n8612,benign_or_unconfirmed,0
n3972,benign_or_unconfirmed,0
WX3230,benign_or_unconfirmed,0
n8611,benign_or_unconfirmed,0
n3344,benign_or_unconfirmed,0
WX3232,benign_or_unconfirmed,0
n8610,benign_or_unconfirmed,0
n3450,benign_or_unconfirmed,0
WX3234,benign_or_unconfirmed,0
n8609,benign_or_unconfirmed,0
n3449,benign_or_unconfirmed,0
WX3236,benign_or_unconfirmed,0
n8608,benign_or_unconfirmed,0
n3448,benign_or_unconfirmed,0
WX3238,benign_or_unconfirmed,0
n8607,benign_or_unconfirmed,0
n3447,benign_or_unconfirmed,0
WX3240,benign_or_unconfirmed,0
n8606,benign_or_unconfirmed,0
n3446,benign_or_unconfirmed,0
WX3242,benign_or_unconfirmed,0
n8605,benign_or_unconfirmed,0
n3445,benign_or_unconfirmed,0
WX3244,benign_or_unconfirmed,0
n8604,benign_or_unconfirmed,0
n3444,benign_or_unconfirmed,0
WX3246,benign_or_unconfirmed,0
n8603,benign_or_unconfirmed,0
n3443,benign_or_unconfirmed,0
WX3248,benign_or_unconfirmed,0
n8602,benign_or_unconfirmed,0
n3442,benign_or_unconfirmed,0
WX3250,benign_or_unconfirmed,0
n8601,benign_or_unconfirmed,0
n3441,benign_or_unconfirmed,0
WX3252,benign_or_unconfirmed,0
n8600,benign_or_unconfirmed,0
n3440,benign_or_unconfirmed,0
WX3254,benign_or_unconfirmed,0
n8599,benign_or_unconfirmed,0
n3439,benign_or_unconfirmed,0
WX3256,benign_or_unconfirmed,0
n8598,benign_or_unconfirmed,0
n3438,benign_or_unconfirmed,0
WX3258,benign_or_unconfirmed,0
n8597,benign_or_unconfirmed,0
n3437,benign_or_unconfirmed,0
WX3260,benign_or_unconfirmed,0
test_so24,benign_or_unconfirmed,0
n3436,benign_or_unconfirmed,0
WX3262,benign_or_unconfirmed,0
test_si25,benign_or_unconfirmed,0
WX3263,benign_or_unconfirmed,0
WX3264,benign_or_unconfirmed,0
WX3265,benign_or_unconfirmed,0
WX3266,benign_or_unconfirmed,0
WX3267,benign_or_unconfirmed,0
WX3268,benign_or_unconfirmed,0
WX3269,benign_or_unconfirmed,0
WX3270,benign_or_unconfirmed,0
WX3271,benign_or_unconfirmed,0
WX3272,benign_or_unconfirmed,0
WX3273,benign_or_unconfirmed,0
WX3274,benign_or_unconfirmed,0
WX3275,benign_or_unconfirmed,0
WX3276,benign_or_unconfirmed,0
WX3277,benign_or_unconfirmed,0
WX3278,benign_or_unconfirmed,0
WX3279,benign_or_unconfirmed,0
WX3280,benign_or_unconfirmed,0
WX3281,benign_or_unconfirmed,0
WX3282,benign_or_unconfirmed,0
WX3283,benign_or_unconfirmed,0
WX3284,benign_or_unconfirmed,0
WX3285,benign_or_unconfirmed,0
WX3286,benign_or_unconfirmed,0
WX3287,benign_or_unconfirmed,0
WX3288,benign_or_unconfirmed,0
WX3289,benign_or_unconfirmed,0
WX3290,benign_or_unconfirmed,0
WX3291,benign_or_unconfirmed,0
WX3292,benign_or_unconfirmed,0
WX3293,benign_or_unconfirmed,0
WX3294,benign_or_unconfirmed,0
WX3295,benign_or_unconfirmed,0
WX3296,benign_or_unconfirmed,0
test_so25,benign_or_unconfirmed,0
WX3298,benign_or_unconfirmed,0
test_si26,benign_or_unconfirmed,0
WX3299,benign_or_unconfirmed,0
WX3300,benign_or_unconfirmed,0
WX3301,benign_or_unconfirmed,0
WX3302,benign_or_unconfirmed,0
WX3303,benign_or_unconfirmed,0
WX3304,benign_or_unconfirmed,0
WX3305,benign_or_unconfirmed,0
WX3306,benign_or_unconfirmed,0
WX3307,benign_or_unconfirmed,0
WX3308,benign_or_unconfirmed,0
WX3309,benign_or_unconfirmed,0
WX3310,benign_or_unconfirmed,0
WX3311,benign_or_unconfirmed,0
WX3312,benign_or_unconfirmed,0
WX3313,benign_or_unconfirmed,0
WX3314,benign_or_unconfirmed,0
WX3315,benign_or_unconfirmed,0
WX3316,benign_or_unconfirmed,0
WX3317,benign_or_unconfirmed,0
WX3318,benign_or_unconfirmed,0
WX3319,benign_or_unconfirmed,0
WX3320,benign_or_unconfirmed,0
WX3321,benign_or_unconfirmed,0
WX3322,benign_or_unconfirmed,0
WX3323,benign_or_unconfirmed,0
WX3324,benign_or_unconfirmed,0
WX3325,benign_or_unconfirmed,0
WX3326,benign_or_unconfirmed,0
WX3327,benign_or_unconfirmed,0
n3753,benign_or_unconfirmed,0
WX3328,benign_or_unconfirmed,0
WX3329,benign_or_unconfirmed,0
n3751,benign_or_unconfirmed,0
WX3330,benign_or_unconfirmed,0
WX3331,benign_or_unconfirmed,0
n3749,benign_or_unconfirmed,0
WX3332,benign_or_unconfirmed,0
test_so26,benign_or_unconfirmed,0
n3747,benign_or_unconfirmed,0
WX3334,benign_or_unconfirmed,0
test_si27,benign_or_unconfirmed,0
WX3335,benign_or_unconfirmed,0
n3745,benign_or_unconfirmed,0
WX3336,benign_or_unconfirmed,0
WX3337,benign_or_unconfirmed,0
n3743,benign_or_unconfirmed,0
WX3338,benign_or_unconfirmed,0
WX3339,benign_or_unconfirmed,0
n3741,benign_or_unconfirmed,0
WX3340,trigger_tap,1
WX3341,benign_or_unconfirmed,0
n3739,benign_or_unconfirmed,0
WX3342,benign_or_unconfirmed,0
WX3343,benign_or_unconfirmed,0
n3737,benign_or_unconfirmed,0
WX3344,benign_or_unconfirmed,0
WX3345,benign_or_unconfirmed,0
n3735,benign_or_unconfirmed,0
WX3346,benign_or_unconfirmed,0
WX3347,benign_or_unconfirmed,0
n3733,benign_or_unconfirmed,0
WX3348,benign_or_unconfirmed,0
WX3349,benign_or_unconfirmed,0
n3731,benign_or_unconfirmed,0
WX3350,benign_or_unconfirmed,0
WX3351,benign_or_unconfirmed,0
n3729,benign_or_unconfirmed,0
WX3352,benign_or_unconfirmed,0
WX3353,benign_or_unconfirmed,0
n3727,benign_or_unconfirmed,0
WX3354,benign_or_unconfirmed,0
WX3355,benign_or_unconfirmed,0
n3725,benign_or_unconfirmed,0
WX3356,benign_or_unconfirmed,0
WX3357,benign_or_unconfirmed,0
n3723,benign_or_unconfirmed,0
WX3358,benign_or_unconfirmed,0
WX3359,benign_or_unconfirmed,0
WX3360,benign_or_unconfirmed,0
WX3361,benign_or_unconfirmed,0
WX3362,benign_or_unconfirmed,0
WX3363,benign_or_unconfirmed,0
WX3364,benign_or_unconfirmed,0
WX3365,benign_or_unconfirmed,0
WX3366,benign_or_unconfirmed,0
WX3367,benign_or_unconfirmed,0
WX3368,benign_or_unconfirmed,0
test_so27,benign_or_unconfirmed,0
WX3370,benign_or_unconfirmed,0
test_si28,benign_or_unconfirmed,0
WX3371,benign_or_unconfirmed,0
WX3372,benign_or_unconfirmed,0
WX3373,benign_or_unconfirmed,0
WX3374,benign_or_unconfirmed,0
WX3375,benign_or_unconfirmed,0
WX3376,benign_or_unconfirmed,0
WX3377,benign_or_unconfirmed,0
WX3378,benign_or_unconfirmed,0
WX3379,benign_or_unconfirmed,0
WX3380,benign_or_unconfirmed,0
WX3381,benign_or_unconfirmed,0
WX3382,benign_or_unconfirmed,0
WX3383,benign_or_unconfirmed,0
WX3384,benign_or_unconfirmed,0
WX3385,benign_or_unconfirmed,0
WX3386,benign_or_unconfirmed,0
WX3387,benign_or_unconfirmed,0
WX3388,benign_or_unconfirmed,0
WX3389,benign_or_unconfirmed,0
WX3390,benign_or_unconfirmed,0
WX3391,benign_or_unconfirmed,0
WX3392,benign_or_unconfirmed,0
WX3393,benign_or_unconfirmed,0
WX3394,benign_or_unconfirmed,0
WX3395,benign_or_unconfirmed,0
WX3396,benign_or_unconfirmed,0
WX3397,benign_or_unconfirmed,0
WX3398,benign_or_unconfirmed,0
WX3399,benign_or_unconfirmed,0
WX3400,benign_or_unconfirmed,0
WX3401,benign_or_unconfirmed,0
WX3402,benign_or_unconfirmed,0
WX3403,benign_or_unconfirmed,0
WX3404,benign_or_unconfirmed,0
test_so28,benign_or_unconfirmed,0
WX3406,benign_or_unconfirmed,0
test_si29,benign_or_unconfirmed,0
WX3407,benign_or_unconfirmed,0
WX3408,benign_or_unconfirmed,0
WX3409,benign_or_unconfirmed,0
WX3410,benign_or_unconfirmed,0
WX3411,benign_or_unconfirmed,0
WX3412,benign_or_unconfirmed,0
WX3413,benign_or_unconfirmed,0
WX3414,benign_or_unconfirmed,0
WX3415,benign_or_unconfirmed,0
WX3416,benign_or_unconfirmed,0
WX3417,benign_or_unconfirmed,0
WX3418,benign_or_unconfirmed,0
WX3419,benign_or_unconfirmed,0
WX3420,benign_or_unconfirmed,0
WX3421,benign_or_unconfirmed,0
WX3422,benign_or_unconfirmed,0
WX3423,benign_or_unconfirmed,0
WX3424,benign_or_unconfirmed,0
WX3425,benign_or_unconfirmed,0
WX3426,benign_or_unconfirmed,0
WX3427,benign_or_unconfirmed,0
WX3428,benign_or_unconfirmed,0
WX3429,benign_or_unconfirmed,0
WX3430,benign_or_unconfirmed,0
WX3431,benign_or_unconfirmed,0
WX3432,benign_or_unconfirmed,0
WX3433,benign_or_unconfirmed,0
WX3434,benign_or_unconfirmed,0
WX3435,benign_or_unconfirmed,0
WX3436,benign_or_unconfirmed,0
WX3437,benign_or_unconfirmed,0
WX3438,benign_or_unconfirmed,0
test_so29,benign_or_unconfirmed,0
WX3440,benign_or_unconfirmed,0
test_si30,benign_or_unconfirmed,0
WX3441,benign_or_unconfirmed,0
WX3442,benign_or_unconfirmed,0
WX3443,benign_or_unconfirmed,0
WX3444,benign_or_unconfirmed,0
WX3445,benign_or_unconfirmed,0
WX3446,benign_or_unconfirmed,0
WX3447,benign_or_unconfirmed,0
WX3448,benign_or_unconfirmed,0
WX3449,benign_or_unconfirmed,0
WX3450,benign_or_unconfirmed,0
WX3451,benign_or_unconfirmed,0
WX3452,benign_or_unconfirmed,0
WX3453,benign_or_unconfirmed,0
WX3454,benign_or_unconfirmed,0
WX3455,benign_or_unconfirmed,0
WX3456,benign_or_unconfirmed,0
WX3457,benign_or_unconfirmed,0
WX3458,trigger_tap,1
WX3459,benign_or_unconfirmed,0
WX3460,benign_or_unconfirmed,0
WX3461,benign_or_unconfirmed,0
WX3462,benign_or_unconfirmed,0
WX3463,benign_or_unconfirmed,0
WX3464,benign_or_unconfirmed,0
WX3465,benign_or_unconfirmed,0
WX3466,benign_or_unconfirmed,0
WX3467,benign_or_unconfirmed,0
WX3468,benign_or_unconfirmed,0
WX3469,benign_or_unconfirmed,0
WX3470,benign_or_unconfirmed,0
WX3471,benign_or_unconfirmed,0
WX3472,benign_or_unconfirmed,0
test_so30,benign_or_unconfirmed,0
WX3474,benign_or_unconfirmed,0
test_si31,benign_or_unconfirmed,0
WX3475,benign_or_unconfirmed,0
WX3476,benign_or_unconfirmed,0
WX3477,benign_or_unconfirmed,0
WX3478,benign_or_unconfirmed,0
WX3479,benign_or_unconfirmed,0
WX3480,benign_or_unconfirmed,0
WX3481,benign_or_unconfirmed,0
WX3482,benign_or_unconfirmed,0
WX3483,benign_or_unconfirmed,0
WX3484,benign_or_unconfirmed,0
WX3485,benign_or_unconfirmed,0
WX3850,benign_or_unconfirmed,0
CRC_OUT_7_0,benign_or_unconfirmed,0
DFF_544_n1,benign_or_unconfirmed,0
WX3852,benign_or_unconfirmed,0
CRC_OUT_7_1,benign_or_unconfirmed,0
DFF_545_n1,benign_or_unconfirmed,0
WX3854,benign_or_unconfirmed,0
CRC_OUT_7_2,benign_or_unconfirmed,0
DFF_546_n1,benign_or_unconfirmed,0
WX3856,benign_or_unconfirmed,0
CRC_OUT_7_3,benign_or_unconfirmed,0
DFF_547_n1,benign_or_unconfirmed,0
WX3858,benign_or_unconfirmed,0
CRC_OUT_7_4,benign_or_unconfirmed,0
DFF_548_n1,benign_or_unconfirmed,0
WX3860,benign_or_unconfirmed,0
CRC_OUT_7_5,benign_or_unconfirmed,0
DFF_549_n1,benign_or_unconfirmed,0
WX3862,benign_or_unconfirmed,0
CRC_OUT_7_6,benign_or_unconfirmed,0
DFF_550_n1,benign_or_unconfirmed,0
WX3864,benign_or_unconfirmed,0
CRC_OUT_7_7,benign_or_unconfirmed,0
DFF_551_n1,benign_or_unconfirmed,0
WX3866,benign_or_unconfirmed,0
CRC_OUT_7_8,benign_or_unconfirmed,0
DFF_552_n1,benign_or_unconfirmed,0
WX3868,benign_or_unconfirmed,0
CRC_OUT_7_9,benign_or_unconfirmed,0
DFF_553_n1,benign_or_unconfirmed,0
WX3870,benign_or_unconfirmed,0
CRC_OUT_7_10,benign_or_unconfirmed,0
DFF_554_n1,benign_or_unconfirmed,0
WX3872,benign_or_unconfirmed,0
test_si32,benign_or_unconfirmed,0
CRC_OUT_7_11,benign_or_unconfirmed,0
DFF_555_n1,benign_or_unconfirmed,0
WX3874,benign_or_unconfirmed,0
CRC_OUT_7_12,benign_or_unconfirmed,0
DFF_556_n1,benign_or_unconfirmed,0
WX3876,benign_or_unconfirmed,0
CRC_OUT_7_13,benign_or_unconfirmed,0
DFF_557_n1,benign_or_unconfirmed,0
WX3878,benign_or_unconfirmed,0
CRC_OUT_7_14,benign_or_unconfirmed,0
DFF_558_n1,benign_or_unconfirmed,0
WX3880,benign_or_unconfirmed,0
CRC_OUT_7_15,benign_or_unconfirmed,0
DFF_559_n1,benign_or_unconfirmed,0
WX3882,benign_or_unconfirmed,0
CRC_OUT_7_16,benign_or_unconfirmed,0
DFF_560_n1,benign_or_unconfirmed,0
WX3884,benign_or_unconfirmed,0
CRC_OUT_7_17,benign_or_unconfirmed,0
DFF_561_n1,benign_or_unconfirmed,0
WX3886,benign_or_unconfirmed,0
CRC_OUT_7_18,benign_or_unconfirmed,0
DFF_562_n1,benign_or_unconfirmed,0
WX3888,benign_or_unconfirmed,0
CRC_OUT_7_19,benign_or_unconfirmed,0
DFF_563_n1,benign_or_unconfirmed,0
WX3890,benign_or_unconfirmed,0
CRC_OUT_7_20,benign_or_unconfirmed,0
DFF_564_n1,benign_or_unconfirmed,0
WX3892,benign_or_unconfirmed,0
CRC_OUT_7_21,benign_or_unconfirmed,0
DFF_565_n1,benign_or_unconfirmed,0
WX3894,benign_or_unconfirmed,0
CRC_OUT_7_22,benign_or_unconfirmed,0
DFF_566_n1,benign_or_unconfirmed,0
WX3896,benign_or_unconfirmed,0
CRC_OUT_7_23,benign_or_unconfirmed,0
DFF_567_n1,benign_or_unconfirmed,0
WX3898,benign_or_unconfirmed,0
CRC_OUT_7_24,benign_or_unconfirmed,0
DFF_568_n1,benign_or_unconfirmed,0
WX3900,benign_or_unconfirmed,0
CRC_OUT_7_25,benign_or_unconfirmed,0
DFF_569_n1,benign_or_unconfirmed,0
WX3902,benign_or_unconfirmed,0
CRC_OUT_7_26,benign_or_unconfirmed,0
DFF_570_n1,benign_or_unconfirmed,0
WX3904,benign_or_unconfirmed,0
CRC_OUT_7_27,benign_or_unconfirmed,0
DFF_571_n1,benign_or_unconfirmed,0
WX3906,benign_or_unconfirmed,0
test_si33,benign_or_unconfirmed,0
CRC_OUT_7_28,benign_or_unconfirmed,0
DFF_572_n1,benign_or_unconfirmed,0
WX3908,benign_or_unconfirmed,0
CRC_OUT_7_29,benign_or_unconfirmed,0
DFF_573_n1,benign_or_unconfirmed,0
WX3910,benign_or_unconfirmed,0
CRC_OUT_7_30,benign_or_unconfirmed,0
DFF_574_n1,benign_or_unconfirmed,0
WX3912,benign_or_unconfirmed,0
CRC_OUT_7_31,benign_or_unconfirmed,0
DFF_575_n1,benign_or_unconfirmed,0
WX4363,benign_or_unconfirmed,0
WX4364,benign_or_unconfirmed,0
WX4365,benign_or_unconfirmed,0
n8586,benign_or_unconfirmed,0
n3971,benign_or_unconfirmed,0
WX4367,benign_or_unconfirmed,0
n8585,benign_or_unconfirmed,0
n3970,benign_or_unconfirmed,0
WX4369,benign_or_unconfirmed,0
n8584,benign_or_unconfirmed,0
n3969,benign_or_unconfirmed,0
WX4371,benign_or_unconfirmed,0
n8583,benign_or_unconfirmed,0
n3968,benign_or_unconfirmed,0
WX4373,benign_or_unconfirmed,0
n8582,benign_or_unconfirmed,0
n3967,benign_or_unconfirmed,0
WX4375,benign_or_unconfirmed,0
n8581,benign_or_unconfirmed,0
n3966,benign_or_unconfirmed,0
WX4377,benign_or_unconfirmed,0
n8580,benign_or_unconfirmed,0
n3965,benign_or_unconfirmed,0
WX4379,benign_or_unconfirmed,0
n8579,benign_or_unconfirmed,0
n3964,benign_or_unconfirmed,0
WX4381,benign_or_unconfirmed,0
n8578,benign_or_unconfirmed,0
n3963,benign_or_unconfirmed,0
WX4383,benign_or_unconfirmed,0
n8577,benign_or_unconfirmed,0
n3962,benign_or_unconfirmed,0
WX4385,benign_or_unconfirmed,0
n8576,benign_or_unconfirmed,0
n3961,benign_or_unconfirmed,0
WX4387,benign_or_unconfirmed,0
test_so33,benign_or_unconfirmed,0
n3960,benign_or_unconfirmed,0
WX4389,benign_or_unconfirmed,0
test_si34,benign_or_unconfirmed,0
n8573,benign_or_unconfirmed,0
n3959,benign_or_unconfirmed,0
WX4391,benign_or_unconfirmed,0
n8572,benign_or_unconfirmed,0
n3958,benign_or_unconfirmed,0
WX4393,benign_or_unconfirmed,0
n8571,benign_or_unconfirmed,0
n3957,benign_or_unconfirmed,0
WX4395,benign_or_unconfirmed,0
n8570,benign_or_unconfirmed,0
n3956,benign_or_unconfirmed,0
WX4397,benign_or_unconfirmed,0
n8569,benign_or_unconfirmed,0
n3955,benign_or_unconfirmed,0
WX4399,benign_or_unconfirmed,0
n8568,benign_or_unconfirmed,0
n3954,benign_or_unconfirmed,0
WX4401,benign_or_unconfirmed,0
n8567,benign_or_unconfirmed,0
n3953,benign_or_unconfirmed,0
WX4403,benign_or_unconfirmed,0
n8566,benign_or_unconfirmed,0
n3952,benign_or_unconfirmed,0
WX4405,benign_or_unconfirmed,0
n8565,benign_or_unconfirmed,0
n3951,benign_or_unconfirmed,0
WX4407,benign_or_unconfirmed,0
n8564,benign_or_unconfirmed,0
n3950,benign_or_unconfirmed,0
WX4409,benign_or_unconfirmed,0
n8563,benign_or_unconfirmed,0
n3949,benign_or_unconfirmed,0
WX4411,benign_or_unconfirmed,0
n8562,benign_or_unconfirmed,0
n3948,benign_or_unconfirmed,0
WX4413,benign_or_unconfirmed,0
n8561,benign_or_unconfirmed,0
n3947,benign_or_unconfirmed,0
WX4415,benign_or_unconfirmed,0
n8560,benign_or_unconfirmed,0
n3946,benign_or_unconfirmed,0
WX4417,benign_or_unconfirmed,0
n8559,benign_or_unconfirmed,0
n3945,benign_or_unconfirmed,0
WX4419,benign_or_unconfirmed,0
n8558,benign_or_unconfirmed,0
n3944,benign_or_unconfirmed,0
WX4421,benign_or_unconfirmed,0
test_so34,benign_or_unconfirmed,0
n3943,benign_or_unconfirmed,0
WX4423,benign_or_unconfirmed,0
test_si35,benign_or_unconfirmed,0
n8555,benign_or_unconfirmed,0
n3942,benign_or_unconfirmed,0
WX4425,benign_or_unconfirmed,0
n8554,benign_or_unconfirmed,0
n3941,benign_or_unconfirmed,0
WX4523,benign_or_unconfirmed,0
n8553,benign_or_unconfirmed,0
n3343,benign_or_unconfirmed,0
WX4525,benign_or_unconfirmed,0
n8552,benign_or_unconfirmed,0
n3435,benign_or_unconfirmed,0
WX4527,benign_or_unconfirmed,0
n8551,benign_or_unconfirmed,0
n3434,benign_or_unconfirmed,0
WX4529,benign_or_unconfirmed,0
n8550,benign_or_unconfirmed,0
n3433,benign_or_unconfirmed,0
WX4531,benign_or_unconfirmed,0
n8549,benign_or_unconfirmed,0
n3432,benign_or_unconfirmed,0
WX4533,benign_or_unconfirmed,0
n8548,benign_or_unconfirmed,0
n3431,benign_or_unconfirmed,0
WX4535,benign_or_unconfirmed,0
n8547,benign_or_unconfirmed,0
n3430,benign_or_unconfirmed,0
WX4537,benign_or_unconfirmed,0
n8546,benign_or_unconfirmed,0
n3429,benign_or_unconfirmed,0
WX4539,benign_or_unconfirmed,0
n8545,benign_or_unconfirmed,0
n3428,benign_or_unconfirmed,0
WX4541,benign_or_unconfirmed,0
n8544,benign_or_unconfirmed,0
n3427,benign_or_unconfirmed,0
WX4543,benign_or_unconfirmed,0
n8543,benign_or_unconfirmed,0
n3426,benign_or_unconfirmed,0
WX4545,benign_or_unconfirmed,0
n8542,benign_or_unconfirmed,0
n3425,benign_or_unconfirmed,0
WX4547,benign_or_unconfirmed,0
n8541,benign_or_unconfirmed,0
n3424,benign_or_unconfirmed,0
WX4549,benign_or_unconfirmed,0
n8540,benign_or_unconfirmed,0
n3423,benign_or_unconfirmed,0
WX4551,benign_or_unconfirmed,0
test_so35,benign_or_unconfirmed,0
n3422,benign_or_unconfirmed,0
WX4553,benign_or_unconfirmed,0
test_si36,benign_or_unconfirmed,0
n8537,benign_or_unconfirmed,0
n3421,benign_or_unconfirmed,0
WX4555,benign_or_unconfirmed,0
WX4556,benign_or_unconfirmed,0
WX4557,benign_or_unconfirmed,0
WX4558,benign_or_unconfirmed,0
WX4559,benign_or_unconfirmed,0
WX4560,benign_or_unconfirmed,0
WX4561,benign_or_unconfirmed,0
WX4562,benign_or_unconfirmed,0
WX4563,benign_or_unconfirmed,0
WX4564,benign_or_unconfirmed,0
WX4565,benign_or_unconfirmed,0
WX4566,benign_or_unconfirmed,0
WX4567,benign_or_unconfirmed,0
WX4568,benign_or_unconfirmed,0
WX4569,benign_or_unconfirmed,0
WX4570,benign_or_unconfirmed,0
WX4571,benign_or_unconfirmed,0
WX4572,benign_or_unconfirmed,0
WX4573,benign_or_unconfirmed,0
WX4574,benign_or_unconfirmed,0
WX4575,benign_or_unconfirmed,0
WX4576,benign_or_unconfirmed,0
WX4577,benign_or_unconfirmed,0
WX4578,benign_or_unconfirmed,0
WX4579,benign_or_unconfirmed,0
WX4580,benign_or_unconfirmed,0
WX4581,benign_or_unconfirmed,0
WX4582,benign_or_unconfirmed,0
WX4583,benign_or_unconfirmed,0
WX4584,benign_or_unconfirmed,0
WX4585,benign_or_unconfirmed,0
test_so36,benign_or_unconfirmed,0
WX4587,benign_or_unconfirmed,0
test_si37,benign_or_unconfirmed,0
WX4588,benign_or_unconfirmed,0
WX4589,benign_or_unconfirmed,0
WX4590,benign_or_unconfirmed,0
WX4591,benign_or_unconfirmed,0
WX4592,benign_or_unconfirmed,0
WX4593,benign_or_unconfirmed,0
WX4594,benign_or_unconfirmed,0
WX4595,benign_or_unconfirmed,0
WX4596,benign_or_unconfirmed,0
WX4597,benign_or_unconfirmed,0
WX4598,benign_or_unconfirmed,0
WX4599,benign_or_unconfirmed,0
WX4600,benign_or_unconfirmed,0
WX4601,benign_or_unconfirmed,0
WX4602,benign_or_unconfirmed,0
WX4603,benign_or_unconfirmed,0
WX4604,benign_or_unconfirmed,0
WX4605,benign_or_unconfirmed,0
WX4606,benign_or_unconfirmed,0
WX4607,benign_or_unconfirmed,0
WX4608,benign_or_unconfirmed,0
WX4609,benign_or_unconfirmed,0
WX4610,benign_or_unconfirmed,0
WX4611,benign_or_unconfirmed,0
WX4612,benign_or_unconfirmed,0
WX4613,benign_or_unconfirmed,0
WX4614,benign_or_unconfirmed,0
WX4615,benign_or_unconfirmed,0
WX4616,benign_or_unconfirmed,0
WX4617,benign_or_unconfirmed,0
WX4618,benign_or_unconfirmed,0
WX4619,benign_or_unconfirmed,0
test_so37,benign_or_unconfirmed,0
n3721,benign_or_unconfirmed,0
WX4621,benign_or_unconfirmed,0
test_si38,benign_or_unconfirmed,0
WX4622,benign_or_unconfirmed,0
n3719,benign_or_unconfirmed,0
WX4623,benign_or_unconfirmed,0
WX4624,benign_or_unconfirmed,0
n3717,benign_or_unconfirmed,0
WX4625,benign_or_unconfirmed,0
WX4626,benign_or_unconfirmed,0
n3715,benign_or_unconfirmed,0
WX4627,benign_or_unconfirmed,0
WX4628,benign_or_unconfirmed,0
n3713,benign_or_unconfirmed,0
WX4629,benign_or_unconfirmed,0
WX4630,benign_or_unconfirmed,0
n3711,benign_or_unconfirmed,0
WX4631,benign_or_unconfirmed,0
WX4632,benign_or_unconfirmed,0
n3709,benign_or_unconfirmed,0
WX4633,benign_or_unconfirmed,0
WX4634,benign_or_unconfirmed,0
n3707,benign_or_unconfirmed,0
WX4635,benign_or_unconfirmed,0
WX4636,benign_or_unconfirmed,0
n3705,benign_or_unconfirmed,0
WX4637,benign_or_unconfirmed,0
WX4638,benign_or_unconfirmed,0
n3703,benign_or_unconfirmed,0
WX4639,benign_or_unconfirmed,0
WX4640,benign_or_unconfirmed,0
n3701,benign_or_unconfirmed,0
WX4641,benign_or_unconfirmed,0
WX4642,benign_or_unconfirmed,0
n3699,benign_or_unconfirmed,0
WX4643,benign_or_unconfirmed,0
WX4644,benign_or_unconfirmed,0
n3697,benign_or_unconfirmed,0
WX4645,benign_or_unconfirmed,0
WX4646,benign_or_unconfirmed,0
n3695,benign_or_unconfirmed,0
WX4647,benign_or_unconfirmed,0
WX4648,benign_or_unconfirmed,0
n3693,benign_or_unconfirmed,0
WX4649,benign_or_unconfirmed,0
WX4650,benign_or_unconfirmed,0
n3691,benign_or_unconfirmed,0
WX4651,benign_or_unconfirmed,0
WX4652,benign_or_unconfirmed,0
WX4653,benign_or_unconfirmed,0
test_so38,benign_or_unconfirmed,0
WX4655,benign_or_unconfirmed,0
test_si39,benign_or_unconfirmed,0
WX4656,benign_or_unconfirmed,0
WX4657,benign_or_unconfirmed,0
WX4658,benign_or_unconfirmed,0
WX4659,benign_or_unconfirmed,0
WX4660,benign_or_unconfirmed,0
WX4661,benign_or_unconfirmed,0
WX4662,benign_or_unconfirmed,0
WX4663,benign_or_unconfirmed,0
WX4664,benign_or_unconfirmed,0
WX4665,benign_or_unconfirmed,0
WX4666,benign_or_unconfirmed,0
WX4667,benign_or_unconfirmed,0
WX4668,benign_or_unconfirmed,0
WX4669,benign_or_unconfirmed,0
WX4670,benign_or_unconfirmed,0
WX4671,benign_or_unconfirmed,0
WX4672,benign_or_unconfirmed,0
WX4673,benign_or_unconfirmed,0
WX4674,benign_or_unconfirmed,0
WX4675,benign_or_unconfirmed,0
WX4676,benign_or_unconfirmed,0
WX4677,benign_or_unconfirmed,0
WX4678,benign_or_unconfirmed,0
WX4679,benign_or_unconfirmed,0
WX4680,benign_or_unconfirmed,0
WX4681,benign_or_unconfirmed,0
WX4682,benign_or_unconfirmed,0
WX4683,benign_or_unconfirmed,0
WX4684,benign_or_unconfirmed,0
WX4685,benign_or_unconfirmed,0
WX4686,benign_or_unconfirmed,0
WX4687,benign_or_unconfirmed,0
test_so39,benign_or_unconfirmed,0
WX4689,benign_or_unconfirmed,0
test_si40,benign_or_unconfirmed,0
WX4690,benign_or_unconfirmed,0
WX4691,benign_or_unconfirmed,0
WX4692,benign_or_unconfirmed,0
WX4693,benign_or_unconfirmed,0
WX4694,benign_or_unconfirmed,0
WX4695,benign_or_unconfirmed,0
WX4696,benign_or_unconfirmed,0
WX4697,trigger_tap,1
WX4698,benign_or_unconfirmed,0
WX4699,benign_or_unconfirmed,0
WX4700,benign_or_unconfirmed,0
WX4701,benign_or_unconfirmed,0
WX4702,benign_or_unconfirmed,0
WX4703,benign_or_unconfirmed,0
WX4704,benign_or_unconfirmed,0
WX4705,benign_or_unconfirmed,0
WX4706,benign_or_unconfirmed,0
WX4707,benign_or_unconfirmed,0
WX4708,benign_or_unconfirmed,0
WX4709,benign_or_unconfirmed,0
WX4710,benign_or_unconfirmed,0
WX4711,benign_or_unconfirmed,0
WX4712,benign_or_unconfirmed,0
WX4713,benign_or_unconfirmed,0
WX4714,benign_or_unconfirmed,0
WX4715,benign_or_unconfirmed,0
WX4716,benign_or_unconfirmed,0
WX4717,benign_or_unconfirmed,0
WX4718,benign_or_unconfirmed,0
WX4719,benign_or_unconfirmed,0
WX4720,benign_or_unconfirmed,0
WX4721,benign_or_unconfirmed,0
test_so40,benign_or_unconfirmed,0
WX4723,benign_or_unconfirmed,0
test_si41,benign_or_unconfirmed,0
WX4724,benign_or_unconfirmed,0
WX4725,benign_or_unconfirmed,0
WX4726,benign_or_unconfirmed,0
WX4727,benign_or_unconfirmed,0
WX4728,benign_or_unconfirmed,0
WX4729,benign_or_unconfirmed,0
WX4730,benign_or_unconfirmed,0
WX4731,benign_or_unconfirmed,0
WX4732,benign_or_unconfirmed,0
WX4733,benign_or_unconfirmed,0
WX4734,benign_or_unconfirmed,0
WX4735,benign_or_unconfirmed,0
WX4736,benign_or_unconfirmed,0
WX4737,benign_or_unconfirmed,0
WX4738,benign_or_unconfirmed,0
WX4739,benign_or_unconfirmed,0
WX4740,benign_or_unconfirmed,0
WX4741,benign_or_unconfirmed,0
WX4742,benign_or_unconfirmed,0
WX4743,benign_or_unconfirmed,0
WX4744,benign_or_unconfirmed,0
WX4745,benign_or_unconfirmed,0
WX4746,benign_or_unconfirmed,0
WX4747,benign_or_unconfirmed,0
WX4748,benign_or_unconfirmed,0
WX4749,benign_or_unconfirmed,0
WX4750,benign_or_unconfirmed,0
WX4751,benign_or_unconfirmed,0
WX4752,benign_or_unconfirmed,0
WX4753,benign_or_unconfirmed,0
WX4754,benign_or_unconfirmed,0
WX4755,benign_or_unconfirmed,0
test_so41,benign_or_unconfirmed,0
WX4757,benign_or_unconfirmed,0
test_si42,benign_or_unconfirmed,0
WX4758,benign_or_unconfirmed,0
WX4759,benign_or_unconfirmed,0
WX4760,benign_or_unconfirmed,0
WX4761,benign_or_unconfirmed,0
WX4762,benign_or_unconfirmed,0
WX4763,benign_or_unconfirmed,0
WX4764,benign_or_unconfirmed,0
WX4765,benign_or_unconfirmed,0
WX4766,benign_or_unconfirmed,0
WX4767,benign_or_unconfirmed,0
WX4768,benign_or_unconfirmed,0
WX4769,benign_or_unconfirmed,0
WX4770,benign_or_unconfirmed,0
WX4771,benign_or_unconfirmed,0
WX4772,benign_or_unconfirmed,0
WX4773,benign_or_unconfirmed,0
WX4774,benign_or_unconfirmed,0
WX4775,benign_or_unconfirmed,0
WX4776,benign_or_unconfirmed,0
WX4777,benign_or_unconfirmed,0
WX4778,benign_or_unconfirmed,0
WX5143,benign_or_unconfirmed,0
CRC_OUT_6_0,benign_or_unconfirmed,0
DFF_736_n1,benign_or_unconfirmed,0
WX5145,benign_or_unconfirmed,0
CRC_OUT_6_1,benign_or_unconfirmed,0
DFF_737_n1,benign_or_unconfirmed,0
WX5147,benign_or_unconfirmed,0
CRC_OUT_6_2,benign_or_unconfirmed,0
DFF_738_n1,benign_or_unconfirmed,0
WX5149,benign_or_unconfirmed,0
CRC_OUT_6_3,benign_or_unconfirmed,0
DFF_739_n1,benign_or_unconfirmed,0
WX5151,benign_or_unconfirmed,0
CRC_OUT_6_4,benign_or_unconfirmed,0
DFF_740_n1,benign_or_unconfirmed,0
WX5153,benign_or_unconfirmed,0
CRC_OUT_6_5,benign_or_unconfirmed,0
DFF_741_n1,benign_or_unconfirmed,0
WX5155,benign_or_unconfirmed,0
test_si43,benign_or_unconfirmed,0
CRC_OUT_6_6,benign_or_unconfirmed,0
DFF_742_n1,benign_or_unconfirmed,0
WX5157,benign_or_unconfirmed,0
CRC_OUT_6_7,benign_or_unconfirmed,0
DFF_743_n1,benign_or_unconfirmed,0
WX5159,benign_or_unconfirmed,0
CRC_OUT_6_8,benign_or_unconfirmed,0
DFF_744_n1,benign_or_unconfirmed,0
WX5161,benign_or_unconfirmed,0
CRC_OUT_6_9,benign_or_unconfirmed,0
DFF_745_n1,benign_or_unconfirmed,0
WX5163,benign_or_unconfirmed,0
CRC_OUT_6_10,benign_or_unconfirmed,0
DFF_746_n1,benign_or_unconfirmed,0
WX5165,benign_or_unconfirmed,0
CRC_OUT_6_11,benign_or_unconfirmed,0
DFF_747_n1,benign_or_unconfirmed,0
WX5167,benign_or_unconfirmed,0
CRC_OUT_6_12,benign_or_unconfirmed,0
DFF_748_n1,benign_or_unconfirmed,0
WX5169,benign_or_unconfirmed,0
CRC_OUT_6_13,benign_or_unconfirmed,0
DFF_749_n1,benign_or_unconfirmed,0
WX5171,benign_or_unconfirmed,0
CRC_OUT_6_14,benign_or_unconfirmed,0
DFF_750_n1,benign_or_unconfirmed,0
WX5173,benign_or_unconfirmed,0
CRC_OUT_6_15,benign_or_unconfirmed,0
DFF_751_n1,benign_or_unconfirmed,0
WX5175,benign_or_unconfirmed,0
CRC_OUT_6_16,benign_or_unconfirmed,0
DFF_752_n1,benign_or_unconfirmed,0
WX5177,benign_or_unconfirmed,0
CRC_OUT_6_17,benign_or_unconfirmed,0
DFF_753_n1,benign_or_unconfirmed,0
WX5179,benign_or_unconfirmed,0
CRC_OUT_6_18,benign_or_unconfirmed,0
DFF_754_n1,benign_or_unconfirmed,0
WX5181,benign_or_unconfirmed,0
CRC_OUT_6_19,benign_or_unconfirmed,0
DFF_755_n1,benign_or_unconfirmed,0
WX5183,benign_or_unconfirmed,0
CRC_OUT_6_20,benign_or_unconfirmed,0
DFF_756_n1,benign_or_unconfirmed,0
WX5185,benign_or_unconfirmed,0
CRC_OUT_6_21,benign_or_unconfirmed,0
DFF_757_n1,benign_or_unconfirmed,0
WX5187,benign_or_unconfirmed,0
CRC_OUT_6_22,benign_or_unconfirmed,0
DFF_758_n1,benign_or_unconfirmed,0
WX5189,benign_or_unconfirmed,0
test_si44,benign_or_unconfirmed,0
CRC_OUT_6_23,benign_or_unconfirmed,0
DFF_759_n1,benign_or_unconfirmed,0
WX5191,benign_or_unconfirmed,0
CRC_OUT_6_24,benign_or_unconfirmed,0
DFF_760_n1,benign_or_unconfirmed,0
WX5193,benign_or_unconfirmed,0
CRC_OUT_6_25,benign_or_unconfirmed,0
DFF_761_n1,benign_or_unconfirmed,0
WX5195,benign_or_unconfirmed,0
CRC_OUT_6_26,benign_or_unconfirmed,0
DFF_762_n1,benign_or_unconfirmed,0
WX5197,benign_or_unconfirmed,0
CRC_OUT_6_27,benign_or_unconfirmed,0
DFF_763_n1,benign_or_unconfirmed,0
WX5199,benign_or_unconfirmed,0
CRC_OUT_6_28,benign_or_unconfirmed,0
DFF_764_n1,benign_or_unconfirmed,0
WX5201,benign_or_unconfirmed,0
CRC_OUT_6_29,benign_or_unconfirmed,0
DFF_765_n1,benign_or_unconfirmed,0
WX5203,benign_or_unconfirmed,0
CRC_OUT_6_30,benign_or_unconfirmed,0
DFF_766_n1,benign_or_unconfirmed,0
WX5205,benign_or_unconfirmed,0
CRC_OUT_6_31,benign_or_unconfirmed,0
DFF_767_n1,benign_or_unconfirmed,0
WX5656,benign_or_unconfirmed,0
WX5657,benign_or_unconfirmed,0
WX5658,benign_or_unconfirmed,0
n8528,benign_or_unconfirmed,0
n3940,benign_or_unconfirmed,0
WX5660,benign_or_unconfirmed,0
n8527,benign_or_unconfirmed,0
n3939,benign_or_unconfirmed,0
WX5662,benign_or_unconfirmed,0
n8526,benign_or_unconfirmed,0
n3938,benign_or_unconfirmed,0
WX5664,benign_or_unconfirmed,0
n8525,benign_or_unconfirmed,0
n3937,benign_or_unconfirmed,0
WX5666,benign_or_unconfirmed,0
n8524,benign_or_unconfirmed,0
n3936,benign_or_unconfirmed,0
WX5668,benign_or_unconfirmed,0
n8523,benign_or_unconfirmed,0
n3935,benign_or_unconfirmed,0
WX5670,benign_or_unconfirmed,0
test_so44,benign_or_unconfirmed,0
n3934,benign_or_unconfirmed,0
WX5672,benign_or_unconfirmed,0
test_si45,benign_or_unconfirmed,0
n8520,benign_or_unconfirmed,0
n3933,benign_or_unconfirmed,0
WX5674,benign_or_unconfirmed,0
n8519,benign_or_unconfirmed,0
n3932,benign_or_unconfirmed,0
WX5676,benign_or_unconfirmed,0
n8518,benign_or_unconfirmed,0
n3931,benign_or_unconfirmed,0
WX5678,benign_or_unconfirmed,0
n8517,benign_or_unconfirmed,0
n3930,benign_or_unconfirmed,0
WX5680,benign_or_unconfirmed,0
n8516,benign_or_unconfirmed,0
n3929,benign_or_unconfirmed,0
WX5682,benign_or_unconfirmed,0
n8515,benign_or_unconfirmed,0
n3928,benign_or_unconfirmed,0
WX5684,benign_or_unconfirmed,0
n8514,benign_or_unconfirmed,0
n3927,benign_or_unconfirmed,0
WX5686,benign_or_unconfirmed,0
n8513,benign_or_unconfirmed,0
n3926,benign_or_unconfirmed,0
WX5688,benign_or_unconfirmed,0
n8512,benign_or_unconfirmed,0
n3925,benign_or_unconfirmed,0
WX5690,benign_or_unconfirmed,0
n8511,benign_or_unconfirmed,0
n3924,benign_or_unconfirmed,0
WX5692,benign_or_unconfirmed,0
n8510,benign_or_unconfirmed,0
n3923,benign_or_unconfirmed,0
WX5694,benign_or_unconfirmed,0
n8509,benign_or_unconfirmed,0
n3922,benign_or_unconfirmed,0
WX5696,benign_or_unconfirmed,0
n8508,benign_or_unconfirmed,0
n3921,benign_or_unconfirmed,0
WX5698,benign_or_unconfirmed,0
n8507,benign_or_unconfirmed,0
n3920,benign_or_unconfirmed,0
WX5700,benign_or_unconfirmed,0
n8506,benign_or_unconfirmed,0
n3919,benign_or_unconfirmed,0
WX5702,benign_or_unconfirmed,0
n8505,benign_or_unconfirmed,0
n3918,benign_or_unconfirmed,0
WX5704,benign_or_unconfirmed,0
test_so45,benign_or_unconfirmed,0
n3917,benign_or_unconfirmed,0
WX5706,benign_or_unconfirmed,0
test_si46,benign_or_unconfirmed,0
n8502,benign_or_unconfirmed,0
n3916,benign_or_unconfirmed,0
WX5708,benign_or_unconfirmed,0
n8501,benign_or_unconfirmed,0
n3915,benign_or_unconfirmed,0
WX5710,trigger_tap,1
n8500,benign_or_unconfirmed,0
n3914,benign_or_unconfirmed,0
WX5712,benign_or_unconfirmed,0
n8499,benign_or_unconfirmed,0
n3913,benign_or_unconfirmed,0
WX5714,benign_or_unconfirmed,0
n8498,benign_or_unconfirmed,0
n3912,benign_or_unconfirmed,0
WX5716,benign_or_unconfirmed,0
n8497,benign_or_unconfirmed,0
n3911,benign_or_unconfirmed,0
WX5718,benign_or_unconfirmed,0
n8496,benign_or_unconfirmed,0
n3910,benign_or_unconfirmed,0
WX5816,benign_or_unconfirmed,0
n8495,benign_or_unconfirmed,0
n3342,benign_or_unconfirmed,0
WX5818,benign_or_unconfirmed,0
n8494,benign_or_unconfirmed,0
n3420,benign_or_unconfirmed,0
WX5820,benign_or_unconfirmed,0
n8493,benign_or_unconfirmed,0
n3419,benign_or_unconfirmed,0
WX5822,benign_or_unconfirmed,0
n8492,benign_or_unconfirmed,0
n3418,benign_or_unconfirmed,0
WX5824,benign_or_unconfirmed,0
n8491,benign_or_unconfirmed,0
n3417,benign_or_unconfirmed,0
WX5826,benign_or_unconfirmed,0
n8490,benign_or_unconfirmed,0
n3416,benign_or_unconfirmed,0
WX5828,benign_or_unconfirmed,0
n8489,benign_or_unconfirmed,0
n3415,benign_or_unconfirmed,0
WX5830,benign_or_unconfirmed,0
n8488,benign_or_unconfirmed,0
n3414,benign_or_unconfirmed,0
WX5832,benign_or_unconfirmed,0
n8487,benign_or_unconfirmed,0
n3413,benign_or_unconfirmed,0
WX5834,benign_or_unconfirmed,0
test_so46,benign_or_unconfirmed,0
n3412,benign_or_unconfirmed,0
WX5836,benign_or_unconfirmed,0
test_si47,benign_or_unconfirmed,0
n8484,benign_or_unconfirmed,0
n3411,benign_or_unconfirmed,0
WX5838,benign_or_unconfirmed,0
n8483,benign_or_unconfirmed,0
n3410,benign_or_unconfirmed,0
WX5840,benign_or_unconfirmed,0
n8482,benign_or_unconfirmed,0
n3409,benign_or_unconfirmed,0
WX5842,benign_or_unconfirmed,0
n8481,benign_or_unconfirmed,0
n3408,benign_or_unconfirmed,0
WX5844,benign_or_unconfirmed,0
n8480,benign_or_unconfirmed,0
n3407,benign_or_unconfirmed,0
WX5846,benign_or_unconfirmed,0
n8479,benign_or_unconfirmed,0
n3406,benign_or_unconfirmed,0
WX5848,benign_or_unconfirmed,0
WX5849,benign_or_unconfirmed,0
WX5850,benign_or_unconfirmed,0
WX5851,benign_or_unconfirmed,0
WX5852,benign_or_unconfirmed,0
WX5853,benign_or_unconfirmed,0
WX5854,benign_or_unconfirmed,0
WX5855,benign_or_unconfirmed,0
WX5856,benign_or_unconfirmed,0
WX5857,benign_or_unconfirmed,0
WX5858,benign_or_unconfirmed,0
WX5859,benign_or_unconfirmed,0
WX5860,benign_or_unconfirmed,0
WX5861,benign_or_unconfirmed,0
WX5862,benign_or_unconfirmed,0
WX5863,benign_or_unconfirmed,0
WX5864,benign_or_unconfirmed,0
WX5865,benign_or_unconfirmed,0
WX5866,benign_or_unconfirmed,0
WX5867,benign_or_unconfirmed,0
WX5868,benign_or_unconfirmed,0
test_so47,benign_or_unconfirmed,0
WX5870,benign_or_unconfirmed,0
test_si48,benign_or_unconfirmed,0
WX5871,benign_or_unconfirmed,0
WX5872,benign_or_unconfirmed,0
WX5873,benign_or_unconfirmed,0
WX5874,benign_or_unconfirmed,0
WX5875,benign_or_unconfirmed,0
WX5876,benign_or_unconfirmed,0
WX5877,benign_or_unconfirmed,0
WX5878,benign_or_unconfirmed,0
WX5879,benign_or_unconfirmed,0
WX5880,benign_or_unconfirmed,0
WX5881,benign_or_unconfirmed,0
WX5882,benign_or_unconfirmed,0
WX5883,benign_or_unconfirmed,0
WX5884,benign_or_unconfirmed,0
WX5885,benign_or_unconfirmed,0
WX5886,benign_or_unconfirmed,0
WX5887,benign_or_unconfirmed,0
WX5888,benign_or_unconfirmed,0
WX5889,benign_or_unconfirmed,0
WX5890,benign_or_unconfirmed,0
WX5891,benign_or_unconfirmed,0
WX5892,benign_or_unconfirmed,0
WX5893,benign_or_unconfirmed,0
WX5894,benign_or_unconfirmed,0
WX5895,benign_or_unconfirmed,0
WX5896,benign_or_unconfirmed,0
WX5897,benign_or_unconfirmed,0
WX5898,benign_or_unconfirmed,0
WX5899,benign_or_unconfirmed,0
WX5900,benign_or_unconfirmed,0
WX5901,benign_or_unconfirmed,0
WX5902,benign_or_unconfirmed,0
test_so48,benign_or_unconfirmed,0
WX5904,benign_or_unconfirmed,0
test_si49,benign_or_unconfirmed,0
WX5905,benign_or_unconfirmed,0
WX5906,benign_or_unconfirmed,0
WX5907,benign_or_unconfirmed,0
WX5908,benign_or_unconfirmed,0
WX5909,benign_or_unconfirmed,0
WX5910,benign_or_unconfirmed,0
WX5911,benign_or_unconfirmed,0
WX5912,benign_or_unconfirmed,0
WX5913,benign_or_unconfirmed,0
n3689,benign_or_unconfirmed,0
WX5914,benign_or_unconfirmed,0
WX5915,benign_or_unconfirmed,0
n3687,benign_or_unconfirmed,0
WX5916,benign_or_unconfirmed,0
WX5917,benign_or_unconfirmed,0
n3685,benign_or_unconfirmed,0
WX5918,benign_or_unconfirmed,0
WX5919,benign_or_unconfirmed,0
n3683,benign_or_unconfirmed,0
WX5920,benign_or_unconfirmed,0
WX5921,benign_or_unconfirmed,0
n3681,benign_or_unconfirmed,0
WX5922,trigger_tap,1
WX5923,benign_or_unconfirmed,0
n3679,benign_or_unconfirmed,0
WX5924,benign_or_unconfirmed,0
WX5925,benign_or_unconfirmed,0
n3677,benign_or_unconfirmed,0
WX5926,benign_or_unconfirmed,0
WX5927,benign_or_unconfirmed,0
n3675,benign_or_unconfirmed,0
WX5928,benign_or_unconfirmed,0
WX5929,benign_or_unconfirmed,0
n3673,benign_or_unconfirmed,0
WX5930,benign_or_unconfirmed,0
WX5931,benign_or_unconfirmed,0
n3671,benign_or_unconfirmed,0
WX5932,benign_or_unconfirmed,0
WX5933,benign_or_unconfirmed,0
n3669,benign_or_unconfirmed,0
WX5934,benign_or_unconfirmed,0
WX5935,benign_or_unconfirmed,0
n3667,benign_or_unconfirmed,0
WX5936,benign_or_unconfirmed,0
test_so49,benign_or_unconfirmed,0
n3665,benign_or_unconfirmed,0
WX5938,benign_or_unconfirmed,0
test_si50,benign_or_unconfirmed,0
WX5939,benign_or_unconfirmed,0
n3663,benign_or_unconfirmed,0
WX5940,benign_or_unconfirmed,0
WX5941,benign_or_unconfirmed,0
n3661,benign_or_unconfirmed,0
WX5942,benign_or_unconfirmed,0
WX5943,benign_or_unconfirmed,0
n3659,benign_or_unconfirmed,0
WX5944,benign_or_unconfirmed,0
WX5945,benign_or_unconfirmed,0
WX5946,benign_or_unconfirmed,0
WX5947,benign_or_unconfirmed,0
WX5948,benign_or_unconfirmed,0
WX5949,benign_or_unconfirmed,0
WX5950,benign_or_unconfirmed,0
WX5951,benign_or_unconfirmed,0
WX5952,benign_or_unconfirmed,0
WX5953,benign_or_unconfirmed,0
WX5954,benign_or_unconfirmed,0
WX5955,benign_or_unconfirmed,0
WX5956,benign_or_unconfirmed,0
WX5957,benign_or_unconfirmed,0
WX5958,benign_or_unconfirmed,0
WX5959,benign_or_unconfirmed,0
WX5960,trigger_tap,1
WX5961,benign_or_unconfirmed,0
WX5962,benign_or_unconfirmed,0
WX5963,benign_or_unconfirmed,0
WX5964,benign_or_unconfirmed,0
WX5965,benign_or_unconfirmed,0
WX5966,benign_or_unconfirmed,0
WX5967,benign_or_unconfirmed,0
WX5968,benign_or_unconfirmed,0
WX5969,benign_or_unconfirmed,0
WX5970,benign_or_unconfirmed,0
test_so50,benign_or_unconfirmed,0
WX5972,benign_or_unconfirmed,0
test_si51,benign_or_unconfirmed,0
WX5973,benign_or_unconfirmed,0
WX5974,benign_or_unconfirmed,0
WX5975,benign_or_unconfirmed,0
WX5976,benign_or_unconfirmed,0
WX5977,benign_or_unconfirmed,0
WX5978,benign_or_unconfirmed,0
WX5979,benign_or_unconfirmed,0
WX5980,benign_or_unconfirmed,0
WX5981,benign_or_unconfirmed,0
WX5982,benign_or_unconfirmed,0
WX5983,benign_or_unconfirmed,0
WX5984,benign_or_unconfirmed,0
WX5985,benign_or_unconfirmed,0
WX5986,benign_or_unconfirmed,0
WX5987,benign_or_unconfirmed,0
WX5988,benign_or_unconfirmed,0
WX5989,benign_or_unconfirmed,0
WX5990,benign_or_unconfirmed,0
WX5991,benign_or_unconfirmed,0
WX5992,benign_or_unconfirmed,0
WX5993,benign_or_unconfirmed,0
WX5994,benign_or_unconfirmed,0
WX5995,benign_or_unconfirmed,0
WX5996,benign_or_unconfirmed,0
WX5997,benign_or_unconfirmed,0
WX5998,benign_or_unconfirmed,0
WX5999,benign_or_unconfirmed,0
WX6000,benign_or_unconfirmed,0
WX6001,benign_or_unconfirmed,0
WX6002,benign_or_unconfirmed,0
WX6003,benign_or_unconfirmed,0
WX6004,benign_or_unconfirmed,0
test_so51,benign_or_unconfirmed,0
WX6006,benign_or_unconfirmed,0
test_si52,benign_or_unconfirmed,0
WX6007,benign_or_unconfirmed,0
WX6008,benign_or_unconfirmed,0
WX6009,benign_or_unconfirmed,0
WX6010,benign_or_unconfirmed,0
WX6011,benign_or_unconfirmed,0
WX6012,benign_or_unconfirmed,0
WX6013,benign_or_unconfirmed,0
WX6014,benign_or_unconfirmed,0
WX6015,benign_or_unconfirmed,0
WX6016,benign_or_unconfirmed,0
WX6017,benign_or_unconfirmed,0
WX6018,benign_or_unconfirmed,0
WX6019,benign_or_unconfirmed,0
WX6020,benign_or_unconfirmed,0
WX6021,benign_or_unconfirmed,0
WX6022,benign_or_unconfirmed,0
WX6023,benign_or_unconfirmed,0
WX6024,benign_or_unconfirmed,0
WX6025,benign_or_unconfirmed,0
WX6026,benign_or_unconfirmed,0
WX6027,benign_or_unconfirmed,0
WX6028,benign_or_unconfirmed,0
WX6029,benign_or_unconfirmed,0
WX6030,benign_or_unconfirmed,0
WX6031,benign_or_unconfirmed,0
WX6032,benign_or_unconfirmed,0
WX6033,benign_or_unconfirmed,0
WX6034,benign_or_unconfirmed,0
WX6035,benign_or_unconfirmed,0
WX6036,benign_or_unconfirmed,0
WX6037,benign_or_unconfirmed,0
WX6038,benign_or_unconfirmed,0
test_so52,benign_or_unconfirmed,0
WX6040,benign_or_unconfirmed,0
test_si53,benign_or_unconfirmed,0
WX6041,benign_or_unconfirmed,0
WX6042,benign_or_unconfirmed,0
WX6043,benign_or_unconfirmed,0
WX6044,benign_or_unconfirmed,0
WX6045,benign_or_unconfirmed,0
WX6046,benign_or_unconfirmed,0
WX6047,benign_or_unconfirmed,0
WX6048,benign_or_unconfirmed,0
WX6049,benign_or_unconfirmed,0
WX6050,benign_or_unconfirmed,0
WX6051,benign_or_unconfirmed,0
WX6052,benign_or_unconfirmed,0
WX6053,benign_or_unconfirmed,0
WX6054,benign_or_unconfirmed,0
WX6055,benign_or_unconfirmed,0
WX6056,benign_or_unconfirmed,0
WX6057,benign_or_unconfirmed,0
WX6058,benign_or_unconfirmed,0
WX6059,benign_or_unconfirmed,0
WX6060,benign_or_unconfirmed,0
WX6061,benign_or_unconfirmed,0
WX6062,benign_or_unconfirmed,0
WX6063,benign_or_unconfirmed,0
WX6064,benign_or_unconfirmed,0
WX6065,benign_or_unconfirmed,0
WX6066,benign_or_unconfirmed,0
WX6067,benign_or_unconfirmed,0
WX6068,benign_or_unconfirmed,0
WX6069,benign_or_unconfirmed,0
WX6070,benign_or_unconfirmed,0
WX6071,benign_or_unconfirmed,0
WX6436,benign_or_unconfirmed,0
CRC_OUT_5_0,benign_or_unconfirmed,0
DFF_928_n1,benign_or_unconfirmed,0
WX6438,benign_or_unconfirmed,0
test_si54,benign_or_unconfirmed,0
CRC_OUT_5_1,benign_or_unconfirmed,0
DFF_929_n1,benign_or_unconfirmed,0
WX6440,benign_or_unconfirmed,0
CRC_OUT_5_2,benign_or_unconfirmed,0
DFF_930_n1,benign_or_unconfirmed,0
WX6442,benign_or_unconfirmed,0
CRC_OUT_5_3,benign_or_unconfirmed,0
DFF_931_n1,benign_or_unconfirmed,0
WX6444,benign_or_unconfirmed,0
CRC_OUT_5_4,benign_or_unconfirmed,0
DFF_932_n1,benign_or_unconfirmed,0
WX6446,benign_or_unconfirmed,0
CRC_OUT_5_5,benign_or_unconfirmed,0
DFF_933_n1,benign_or_unconfirmed,0
WX6448,benign_or_unconfirmed,0
CRC_OUT_5_6,benign_or_unconfirmed,0
DFF_934_n1,benign_or_unconfirmed,0
WX6450,benign_or_unconfirmed,0
CRC_OUT_5_7,benign_or_unconfirmed,0
DFF_935_n1,benign_or_unconfirmed,0
WX6452,benign_or_unconfirmed,0
CRC_OUT_5_8,benign_or_unconfirmed,0
DFF_936_n1,benign_or_unconfirmed,0
WX6454,benign_or_unconfirmed,0
CRC_OUT_5_9,benign_or_unconfirmed,0
DFF_937_n1,benign_or_unconfirmed,0
WX6456,benign_or_unconfirmed,0
CRC_OUT_5_10,benign_or_unconfirmed,0
DFF_938_n1,benign_or_unconfirmed,0
WX6458,benign_or_unconfirmed,0
CRC_OUT_5_11,benign_or_unconfirmed,0
DFF_939_n1,benign_or_unconfirmed,0
WX6460,benign_or_unconfirmed,0
CRC_OUT_5_12,benign_or_unconfirmed,0
DFF_940_n1,benign_or_unconfirmed,0
WX6462,benign_or_unconfirmed,0
CRC_OUT_5_13,benign_or_unconfirmed,0
DFF_941_n1,benign_or_unconfirmed,0
WX6464,benign_or_unconfirmed,0
CRC_OUT_5_14,benign_or_unconfirmed,0
DFF_942_n1,benign_or_unconfirmed,0
WX6466,benign_or_unconfirmed,0
CRC_OUT_5_15,benign_or_unconfirmed,0
DFF_943_n1,benign_or_unconfirmed,0
WX6468,benign_or_unconfirmed,0
CRC_OUT_5_16,benign_or_unconfirmed,0
DFF_944_n1,benign_or_unconfirmed,0
WX6470,benign_or_unconfirmed,0
CRC_OUT_5_17,benign_or_unconfirmed,0
DFF_945_n1,benign_or_unconfirmed,0
WX6472,benign_or_unconfirmed,0
test_si55,benign_or_unconfirmed,0
CRC_OUT_5_18,benign_or_unconfirmed,0
DFF_946_n1,benign_or_unconfirmed,0
WX6474,benign_or_unconfirmed,0
CRC_OUT_5_19,benign_or_unconfirmed,0
DFF_947_n1,benign_or_unconfirmed,0
WX6476,trigger_tap,1
CRC_OUT_5_20,benign_or_unconfirmed,0
DFF_948_n1,benign_or_unconfirmed,0
WX6478,benign_or_unconfirmed,0
CRC_OUT_5_21,benign_or_unconfirmed,0
DFF_949_n1,benign_or_unconfirmed,0
WX6480,benign_or_unconfirmed,0
CRC_OUT_5_22,benign_or_unconfirmed,0
DFF_950_n1,benign_or_unconfirmed,0
WX6482,benign_or_unconfirmed,0
CRC_OUT_5_23,benign_or_unconfirmed,0
DFF_951_n1,benign_or_unconfirmed,0
WX6484,benign_or_unconfirmed,0
CRC_OUT_5_24,benign_or_unconfirmed,0
DFF_952_n1,benign_or_unconfirmed,0
WX6486,benign_or_unconfirmed,0
CRC_OUT_5_25,benign_or_unconfirmed,0
DFF_953_n1,benign_or_unconfirmed,0
WX6488,benign_or_unconfirmed,0
CRC_OUT_5_26,benign_or_unconfirmed,0
DFF_954_n1,benign_or_unconfirmed,0
WX6490,benign_or_unconfirmed,0
CRC_OUT_5_27,benign_or_unconfirmed,0
DFF_955_n1,benign_or_unconfirmed,0
WX6492,benign_or_unconfirmed,0
CRC_OUT_5_28,benign_or_unconfirmed,0
DFF_956_n1,benign_or_unconfirmed,0
WX6494,benign_or_unconfirmed,0
CRC_OUT_5_29,benign_or_unconfirmed,0
DFF_957_n1,benign_or_unconfirmed,0
WX6496,benign_or_unconfirmed,0
CRC_OUT_5_30,benign_or_unconfirmed,0
DFF_958_n1,benign_or_unconfirmed,0
WX6498,benign_or_unconfirmed,0
CRC_OUT_5_31,benign_or_unconfirmed,0
DFF_959_n1,benign_or_unconfirmed,0
WX6949,benign_or_unconfirmed,0
WX6950,benign_or_unconfirmed,0
WX6951,benign_or_unconfirmed,0
n8470,benign_or_unconfirmed,0
n3909,benign_or_unconfirmed,0
WX6953,benign_or_unconfirmed,0
test_so55,benign_or_unconfirmed,0
n3908,benign_or_unconfirmed,0
WX6955,benign_or_unconfirmed,0
test_si56,benign_or_unconfirmed,0
n8467,benign_or_unconfirmed,0
n3907,benign_or_unconfirmed,0
WX6957,benign_or_unconfirmed,0
n8466,benign_or_unconfirmed,0
n3906,benign_or_unconfirmed,0
WX6959,benign_or_unconfirmed,0
n8465,benign_or_unconfirmed,0
n3905,benign_or_unconfirmed,0
WX6961,benign_or_unconfirmed,0
n8464,benign_or_unconfirmed,0
n3904,benign_or_unconfirmed,0
WX6963,benign_or_unconfirmed,0
n8463,benign_or_unconfirmed,0
n3903,benign_or_unconfirmed,0
WX6965,benign_or_unconfirmed,0
n8462,benign_or_unconfirmed,0
n3902,benign_or_unconfirmed,0
WX6967,benign_or_unconfirmed,0
n8461,benign_or_unconfirmed,0
n3901,benign_or_unconfirmed,0
WX6969,benign_or_unconfirmed,0
n8460,benign_or_unconfirmed,0
n3900,benign_or_unconfirmed,0
WX6971,benign_or_unconfirmed,0
n8459,benign_or_unconfirmed,0
n3899,benign_or_unconfirmed,0
WX6973,benign_or_unconfirmed,0
n8458,benign_or_unconfirmed,0
n3898,benign_or_unconfirmed,0
WX6975,benign_or_unconfirmed,0
n8457,benign_or_unconfirmed,0
n3897,benign_or_unconfirmed,0
WX6977,benign_or_unconfirmed,0
n8456,benign_or_unconfirmed,0
n3896,benign_or_unconfirmed,0
WX6979,benign_or_unconfirmed,0
n8455,benign_or_unconfirmed,0
n3895,benign_or_unconfirmed,0
WX6981,benign_or_unconfirmed,0
n8454,benign_or_unconfirmed,0
n3894,benign_or_unconfirmed,0
WX6983,benign_or_unconfirmed,0
n8453,benign_or_unconfirmed,0
n3893,benign_or_unconfirmed,0
WX6985,benign_or_unconfirmed,0
n8452,benign_or_unconfirmed,0
n3892,benign_or_unconfirmed,0
WX6987,benign_or_unconfirmed,0
test_so56,benign_or_unconfirmed,0
n3891,benign_or_unconfirmed,0
WX6989,benign_or_unconfirmed,0
test_si57,benign_or_unconfirmed,0
n8449,benign_or_unconfirmed,0
n3890,benign_or_unconfirmed,0
WX6991,benign_or_unconfirmed,0
n8448,benign_or_unconfirmed,0
n3889,benign_or_unconfirmed,0
WX6993,benign_or_unconfirmed,0
n8447,benign_or_unconfirmed,0
n3888,benign_or_unconfirmed,0
WX6995,benign_or_unconfirmed,0
n8446,benign_or_unconfirmed,0
n3887,benign_or_unconfirmed,0
WX6997,benign_or_unconfirmed,0
n8445,benign_or_unconfirmed,0
n3886,benign_or_unconfirmed,0
WX6999,benign_or_unconfirmed,0
n8444,benign_or_unconfirmed,0
n3885,benign_or_unconfirmed,0
WX7001,benign_or_unconfirmed,0
n8443,benign_or_unconfirmed,0
n3884,benign_or_unconfirmed,0
WX7003,benign_or_unconfirmed,0
n8442,benign_or_unconfirmed,0
n3883,benign_or_unconfirmed,0
WX7005,benign_or_unconfirmed,0
n8441,benign_or_unconfirmed,0
n3882,benign_or_unconfirmed,0
WX7007,benign_or_unconfirmed,0
n8440,benign_or_unconfirmed,0
n3881,benign_or_unconfirmed,0
WX7009,benign_or_unconfirmed,0
n8439,benign_or_unconfirmed,0
n3880,benign_or_unconfirmed,0
WX7011,benign_or_unconfirmed,0
n8438,benign_or_unconfirmed,0
n3879,benign_or_unconfirmed,0
WX7109,benign_or_unconfirmed,0
n8437,benign_or_unconfirmed,0
n3341,benign_or_unconfirmed,0
WX7111,benign_or_unconfirmed,0
n8436,benign_or_unconfirmed,0
n3405,benign_or_unconfirmed,0
WX7113,benign_or_unconfirmed,0
n8435,benign_or_unconfirmed,0
n3404,benign_or_unconfirmed,0
WX7115,benign_or_unconfirmed,0
n8434,benign_or_unconfirmed,0
n3403,benign_or_unconfirmed,0
WX7117,benign_or_unconfirmed,0
test_so57,benign_or_unconfirmed,0
n3402,benign_or_unconfirmed,0
WX7119,benign_or_unconfirmed,0
test_si58,benign_or_unconfirmed,0
n8431,benign_or_unconfirmed,0
n3401,benign_or_unconfirmed,0
WX7121,benign_or_unconfirmed,0
n8430,benign_or_unconfirmed,0
n3400,benign_or_unconfirmed,0
WX7123,benign_or_unconfirmed,0
n8429,benign_or_unconfirmed,0
n3399,benign_or_unconfirmed,0
WX7125,benign_or_unconfirmed,0
n8428,benign_or_unconfirmed,0
n3398,benign_or_unconfirmed,0
WX7127,benign_or_unconfirmed,0
n8427,benign_or_unconfirmed,0
n3397,benign_or_unconfirmed,0
WX7129,benign_or_unconfirmed,0
n8426,benign_or_unconfirmed,0
n3396,benign_or_unconfirmed,0
WX7131,benign_or_unconfirmed,0
n8425,benign_or_unconfirmed,0
n3395,benign_or_unconfirmed,0
WX7133,benign_or_unconfirmed,0
n8424,benign_or_unconfirmed,0
n3394,benign_or_unconfirmed,0
WX7135,benign_or_unconfirmed,0
n8423,benign_or_unconfirmed,0
n3393,benign_or_unconfirmed,0
WX7137,benign_or_unconfirmed,0
n8422,benign_or_unconfirmed,0
n3392,benign_or_unconfirmed,0
WX7139,benign_or_unconfirmed,0
n8421,benign_or_unconfirmed,0
n3391,benign_or_unconfirmed,0
WX7141,benign_or_unconfirmed,0
WX7142,benign_or_unconfirmed,0
WX7143,benign_or_unconfirmed,0
WX7144,benign_or_unconfirmed,0
WX7145,benign_or_unconfirmed,0
WX7146,benign_or_unconfirmed,0
WX7147,benign_or_unconfirmed,0
WX7148,benign_or_unconfirmed,0
WX7149,benign_or_unconfirmed,0
WX7150,benign_or_unconfirmed,0
WX7151,benign_or_unconfirmed,0
test_so58,benign_or_unconfirmed,0
WX7153,benign_or_unconfirmed,0
test_si59,benign_or_unconfirmed,0
WX7154,benign_or_unconfirmed,0
WX7155,benign_or_unconfirmed,0
WX7156,benign_or_unconfirmed,0
WX7157,benign_or_unconfirmed,0
WX7158,benign_or_unconfirmed,0
WX7159,benign_or_unconfirmed,0
WX7160,benign_or_unconfirmed,0
WX7161,benign_or_unconfirmed,0
WX7162,benign_or_unconfirmed,0
WX7163,benign_or_unconfirmed,0
WX7164,benign_or_unconfirmed,0
WX7165,benign_or_unconfirmed,0
WX7166,benign_or_unconfirmed,0
WX7167,benign_or_unconfirmed,0
WX7168,benign_or_unconfirmed,0
WX7169,benign_or_unconfirmed,0
WX7170,benign_or_unconfirmed,0
WX7171,benign_or_unconfirmed,0
WX7172,benign_or_unconfirmed,0
WX7173,benign_or_unconfirmed,0
WX7174,benign_or_unconfirmed,0
WX7175,benign_or_unconfirmed,0
WX7176,benign_or_unconfirmed,0
WX7177,benign_or_unconfirmed,0
WX7178,benign_or_unconfirmed,0
WX7179,benign_or_unconfirmed,0
WX7180,benign_or_unconfirmed,0
WX7181,benign_or_unconfirmed,0
WX7182,benign_or_unconfirmed,0
WX7183,benign_or_unconfirmed,0
WX7184,benign_or_unconfirmed,0
WX7185,benign_or_unconfirmed,0
test_so59,benign_or_unconfirmed,0
WX7187,benign_or_unconfirmed,0
test_si60,benign_or_unconfirmed,0
WX7188,benign_or_unconfirmed,0
WX7189,benign_or_unconfirmed,0
WX7190,benign_or_unconfirmed,0
WX7191,benign_or_unconfirmed,0
WX7192,benign_or_unconfirmed,0
WX7193,benign_or_unconfirmed,0
WX7194,benign_or_unconfirmed,0
WX7195,benign_or_unconfirmed,0
WX7196,benign_or_unconfirmed,0
WX7197,benign_or_unconfirmed,0
WX7198,benign_or_unconfirmed,0
WX7199,benign_or_unconfirmed,0
WX7200,benign_or_unconfirmed,0
WX7201,benign_or_unconfirmed,0
WX7202,benign_or_unconfirmed,0
WX7203,benign_or_unconfirmed,0
WX7204,benign_or_unconfirmed,0
WX7205,benign_or_unconfirmed,0
WX7206,benign_or_unconfirmed,0
n3657,benign_or_unconfirmed,0
WX7207,benign_or_unconfirmed,0
WX7208,benign_or_unconfirmed,0
n3655,benign_or_unconfirmed,0
WX7209,benign_or_unconfirmed,0
WX7210,benign_or_unconfirmed,0
n3653,benign_or_unconfirmed,0
WX7211,benign_or_unconfirmed,0
WX7212,benign_or_unconfirmed,0
n3651,benign_or_unconfirmed,0
WX7213,benign_or_unconfirmed,0
WX7214,benign_or_unconfirmed,0
n3649,benign_or_unconfirmed,0
WX7215,benign_or_unconfirmed,0
WX7216,benign_or_unconfirmed,0
n3647,benign_or_unconfirmed,0
WX7217,benign_or_unconfirmed,0
WX7218,benign_or_unconfirmed,0
n3645,benign_or_unconfirmed,0
WX7219,benign_or_unconfirmed,0
test_so60,benign_or_unconfirmed,0
n3643,benign_or_unconfirmed,0
WX7221,benign_or_unconfirmed,0
test_si61,benign_or_unconfirmed,0
WX7222,benign_or_unconfirmed,0
n3641,benign_or_unconfirmed,0
WX7223,benign_or_unconfirmed,0
WX7224,benign_or_unconfirmed,0
n3639,benign_or_unconfirmed,0
WX7225,benign_or_unconfirmed,0
WX7226,benign_or_unconfirmed,0
n3637,benign_or_unconfirmed,0
WX7227,benign_or_unconfirmed,0
WX7228,benign_or_unconfirmed,0
n3635,benign_or_unconfirmed,0
WX7229,benign_or_unconfirmed,0
WX7230,benign_or_unconfirmed,0
n3633,benign_or_unconfirmed,0
WX7231,benign_or_unconfirmed,0
WX7232,benign_or_unconfirmed,0
n3631,benign_or_unconfirmed,0
WX7233,benign_or_unconfirmed,0
WX7234,benign_or_unconfirmed,0
n3629,benign_or_unconfirmed,0
WX7235,benign_or_unconfirmed,0
WX7236,benign_or_unconfirmed,0
n3627,benign_or_unconfirmed,0
WX7237,benign_or_unconfirmed,0
WX7238,benign_or_unconfirmed,0
WX7239,benign_or_unconfirmed,0
WX7240,benign_or_unconfirmed,0
WX7241,benign_or_unconfirmed,0
WX7242,benign_or_unconfirmed,0
WX7243,benign_or_unconfirmed,0
WX7244,benign_or_unconfirmed,0
WX7245,benign_or_unconfirmed,0
WX7246,benign_or_unconfirmed,0
WX7247,benign_or_unconfirmed,0
WX7248,benign_or_unconfirmed,0
WX7249,trigger_tap,1
WX7250,benign_or_unconfirmed,0
WX7251,benign_or_unconfirmed,0
WX7252,benign_or_unconfirmed,0
WX7253,benign_or_unconfirmed,0
test_so61,benign_or_unconfirmed,0
WX7255,benign_or_unconfirmed,0
test_si62,benign_or_unconfirmed,0
WX7256,benign_or_unconfirmed,0
WX7257,benign_or_unconfirmed,0
WX7258,benign_or_unconfirmed,0
WX7259,benign_or_unconfirmed,0
WX7260,benign_or_unconfirmed,0
WX7261,benign_or_unconfirmed,0
WX7262,benign_or_unconfirmed,0
WX7263,benign_or_unconfirmed,0
WX7264,benign_or_unconfirmed,0
WX7265,benign_or_unconfirmed,0
WX7266,benign_or_unconfirmed,0
WX7267,benign_or_unconfirmed,0
WX7268,benign_or_unconfirmed,0
WX7269,benign_or_unconfirmed,0
WX7270,benign_or_unconfirmed,0
WX7271,benign_or_unconfirmed,0
WX7272,benign_or_unconfirmed,0
WX7273,benign_or_unconfirmed,0
WX7274,benign_or_unconfirmed,0
WX7275,benign_or_unconfirmed,0
WX7276,benign_or_unconfirmed,0
WX7277,benign_or_unconfirmed,0
WX7278,benign_or_unconfirmed,0
WX7279,benign_or_unconfirmed,0
WX7280,benign_or_unconfirmed,0
WX7281,benign_or_unconfirmed,0
WX7282,benign_or_unconfirmed,0
WX7283,benign_or_unconfirmed,0
WX7284,benign_or_unconfirmed,0
WX7285,benign_or_unconfirmed,0
WX7286,benign_or_unconfirmed,0
WX7287,benign_or_unconfirmed,0
test_so62,benign_or_unconfirmed,0
WX7289,benign_or_unconfirmed,0
test_si63,benign_or_unconfirmed,0
WX7290,benign_or_unconfirmed,0
WX7291,benign_or_unconfirmed,0
WX7292,benign_or_unconfirmed,0
WX7293,benign_or_unconfirmed,0
WX7294,benign_or_unconfirmed,0
WX7295,benign_or_unconfirmed,0
WX7296,benign_or_unconfirmed,0
WX7297,benign_or_unconfirmed,0
WX7298,benign_or_unconfirmed,0
WX7299,benign_or_unconfirmed,0
WX7300,benign_or_unconfirmed,0
WX7301,benign_or_unconfirmed,0
WX7302,benign_or_unconfirmed,0
WX7303,benign_or_unconfirmed,0
WX7304,benign_or_unconfirmed,0
WX7305,benign_or_unconfirmed,0
WX7306,benign_or_unconfirmed,0
WX7307,benign_or_unconfirmed,0
WX7308,benign_or_unconfirmed,0
WX7309,benign_or_unconfirmed,0
WX7310,benign_or_unconfirmed,0
WX7311,benign_or_unconfirmed,0
WX7312,benign_or_unconfirmed,0
WX7313,benign_or_unconfirmed,0
WX7314,benign_or_unconfirmed,0
WX7315,benign_or_unconfirmed,0
WX7316,benign_or_unconfirmed,0
WX7317,benign_or_unconfirmed,0
WX7318,benign_or_unconfirmed,0
WX7319,benign_or_unconfirmed,0
WX7320,benign_or_unconfirmed,0
WX7321,benign_or_unconfirmed,0
test_so63,benign_or_unconfirmed,0
WX7323,benign_or_unconfirmed,0
test_si64,benign_or_unconfirmed,0
WX7324,benign_or_unconfirmed,0
WX7325,benign_or_unconfirmed,0
WX7326,benign_or_unconfirmed,0
WX7327,benign_or_unconfirmed,0
WX7328,benign_or_unconfirmed,0
WX7329,benign_or_unconfirmed,0
WX7330,benign_or_unconfirmed,0
WX7331,benign_or_unconfirmed,0
WX7332,benign_or_unconfirmed,0
WX7333,benign_or_unconfirmed,0
WX7334,benign_or_unconfirmed,0
WX7335,benign_or_unconfirmed,0
WX7336,benign_or_unconfirmed,0
WX7337,benign_or_unconfirmed,0
WX7338,benign_or_unconfirmed,0
WX7339,benign_or_unconfirmed,0
WX7340,benign_or_unconfirmed,0
WX7341,benign_or_unconfirmed,0
WX7342,benign_or_unconfirmed,0
WX7343,benign_or_unconfirmed,0
WX7344,benign_or_unconfirmed,0
WX7345,benign_or_unconfirmed,0
WX7346,benign_or_unconfirmed,0
WX7347,benign_or_unconfirmed,0
WX7348,benign_or_unconfirmed,0
WX7349,benign_or_unconfirmed,0
WX7350,benign_or_unconfirmed,0
WX7351,benign_or_unconfirmed,0
WX7352,benign_or_unconfirmed,0
WX7353,benign_or_unconfirmed,0
WX7354,benign_or_unconfirmed,0
WX7355,benign_or_unconfirmed,0
test_so64,benign_or_unconfirmed,0
WX7357,benign_or_unconfirmed,0
test_si65,benign_or_unconfirmed,0
WX7358,benign_or_unconfirmed,0
WX7359,benign_or_unconfirmed,0
WX7360,benign_or_unconfirmed,0
WX7361,benign_or_unconfirmed,0
WX7362,benign_or_unconfirmed,0
WX7363,benign_or_unconfirmed,0
WX7364,benign_or_unconfirmed,0
WX7729,benign_or_unconfirmed,0
CRC_OUT_4_0,benign_or_unconfirmed,0
DFF_1120_n1,benign_or_unconfirmed,0
WX7731,benign_or_unconfirmed,0
CRC_OUT_4_1,benign_or_unconfirmed,0
DFF_1121_n1,benign_or_unconfirmed,0
WX7733,benign_or_unconfirmed,0
CRC_OUT_4_2,benign_or_unconfirmed,0
DFF_1122_n1,benign_or_unconfirmed,0
WX7735,benign_or_unconfirmed,0
CRC_OUT_4_3,benign_or_unconfirmed,0
DFF_1123_n1,benign_or_unconfirmed,0
WX7737,benign_or_unconfirmed,0
CRC_OUT_4_4,benign_or_unconfirmed,0
DFF_1124_n1,benign_or_unconfirmed,0
WX7739,benign_or_unconfirmed,0
CRC_OUT_4_5,benign_or_unconfirmed,0
DFF_1125_n1,benign_or_unconfirmed,0
WX7741,benign_or_unconfirmed,0
CRC_OUT_4_6,benign_or_unconfirmed,0
DFF_1126_n1,benign_or_unconfirmed,0
WX7743,benign_or_unconfirmed,0
CRC_OUT_4_7,benign_or_unconfirmed,0
DFF_1127_n1,benign_or_unconfirmed,0
WX7745,benign_or_unconfirmed,0
CRC_OUT_4_8,benign_or_unconfirmed,0
DFF_1128_n1,benign_or_unconfirmed,0
WX7747,benign_or_unconfirmed,0
CRC_OUT_4_9,benign_or_unconfirmed,0
DFF_1129_n1,benign_or_unconfirmed,0
WX7749,trigger_tap,1
CRC_OUT_4_10,benign_or_unconfirmed,0
DFF_1130_n1,benign_or_unconfirmed,0
WX7751,benign_or_unconfirmed,0
CRC_OUT_4_11,benign_or_unconfirmed,0
DFF_1131_n1,benign_or_unconfirmed,0
WX7753,benign_or_unconfirmed,0
CRC_OUT_4_12,benign_or_unconfirmed,0
DFF_1132_n1,benign_or_unconfirmed,0
WX7755,benign_or_unconfirmed,0
test_si66,benign_or_unconfirmed,0
CRC_OUT_4_13,benign_or_unconfirmed,0
DFF_1133_n1,benign_or_unconfirmed,0
WX7757,benign_or_unconfirmed,0
CRC_OUT_4_14,benign_or_unconfirmed,0
DFF_1134_n1,benign_or_unconfirmed,0
WX7759,benign_or_unconfirmed,0
CRC_OUT_4_15,benign_or_unconfirmed,0
DFF_1135_n1,benign_or_unconfirmed,0
WX7761,benign_or_unconfirmed,0
CRC_OUT_4_16,benign_or_unconfirmed,0
DFF_1136_n1,benign_or_unconfirmed,0
WX7763,benign_or_unconfirmed,0
CRC_OUT_4_17,benign_or_unconfirmed,0
DFF_1137_n1,benign_or_unconfirmed,0
WX7765,benign_or_unconfirmed,0
CRC_OUT_4_18,benign_or_unconfirmed,0
DFF_1138_n1,benign_or_unconfirmed,0
WX7767,benign_or_unconfirmed,0
CRC_OUT_4_19,benign_or_unconfirmed,0
DFF_1139_n1,benign_or_unconfirmed,0
WX7769,benign_or_unconfirmed,0
CRC_OUT_4_20,benign_or_unconfirmed,0
DFF_1140_n1,benign_or_unconfirmed,0
WX7771,benign_or_unconfirmed,0
CRC_OUT_4_21,benign_or_unconfirmed,0
DFF_1141_n1,benign_or_unconfirmed,0
WX7773,benign_or_unconfirmed,0
CRC_OUT_4_22,benign_or_unconfirmed,0
DFF_1142_n1,benign_or_unconfirmed,0
WX7775,benign_or_unconfirmed,0
CRC_OUT_4_23,benign_or_unconfirmed,0
DFF_1143_n1,benign_or_unconfirmed,0
WX7777,benign_or_unconfirmed,0
CRC_OUT_4_24,benign_or_unconfirmed,0
DFF_1144_n1,benign_or_unconfirmed,0
WX7779,benign_or_unconfirmed,0
CRC_OUT_4_25,benign_or_unconfirmed,0
DFF_1145_n1,benign_or_unconfirmed,0
WX7781,benign_or_unconfirmed,0
CRC_OUT_4_26,benign_or_unconfirmed,0
DFF_1146_n1,benign_or_unconfirmed,0
WX7783,benign_or_unconfirmed,0
CRC_OUT_4_27,benign_or_unconfirmed,0
DFF_1147_n1,benign_or_unconfirmed,0
WX7785,benign_or_unconfirmed,0
CRC_OUT_4_28,benign_or_unconfirmed,0
DFF_1148_n1,benign_or_unconfirmed,0
WX7787,benign_or_unconfirmed,0
CRC_OUT_4_29,benign_or_unconfirmed,0
DFF_1149_n1,benign_or_unconfirmed,0
WX7789,benign_or_unconfirmed,0
test_si67,benign_or_unconfirmed,0
CRC_OUT_4_30,benign_or_unconfirmed,0
DFF_1150_n1,benign_or_unconfirmed,0
WX7791,benign_or_unconfirmed,0
CRC_OUT_4_31,benign_or_unconfirmed,0
DFF_1151_n1,benign_or_unconfirmed,0
WX8242,benign_or_unconfirmed,0
WX8243,benign_or_unconfirmed,0
WX8244,benign_or_unconfirmed,0
n8411,benign_or_unconfirmed,0
n3878,benign_or_unconfirmed,0
WX8246,benign_or_unconfirmed,0
n8410,benign_or_unconfirmed,0
n3877,benign_or_unconfirmed,0
WX8248,benign_or_unconfirmed,0
n8409,benign_or_unconfirmed,0
n3876,benign_or_unconfirmed,0
WX8250,benign_or_unconfirmed,0
n8408,benign_or_unconfirmed,0
n3875,benign_or_unconfirmed,0
WX8252,benign_or_unconfirmed,0
n8407,benign_or_unconfirmed,0
n3874,benign_or_unconfirmed,0
WX8254,benign_or_unconfirmed,0
n8406,benign_or_unconfirmed,0
n3873,benign_or_unconfirmed,0
WX8256,benign_or_unconfirmed,0
n8405,benign_or_unconfirmed,0
n3872,benign_or_unconfirmed,0
WX8258,benign_or_unconfirmed,0
n8404,benign_or_unconfirmed,0
n3871,benign_or_unconfirmed,0
WX8260,benign_or_unconfirmed,0
n8403,benign_or_unconfirmed,0
n3870,benign_or_unconfirmed,0
WX8262,benign_or_unconfirmed,0
n8402,benign_or_unconfirmed,0
n3869,benign_or_unconfirmed,0
WX8264,benign_or_unconfirmed,0
n8401,benign_or_unconfirmed,0
n3868,benign_or_unconfirmed,0
WX8266,benign_or_unconfirmed,0
n8400,benign_or_unconfirmed,0
n3867,benign_or_unconfirmed,0
WX8268,benign_or_unconfirmed,0
n8399,benign_or_unconfirmed,0
n3866,benign_or_unconfirmed,0
WX8270,benign_or_unconfirmed,0
test_so67,benign_or_unconfirmed,0
n3865,benign_or_unconfirmed,0
WX8272,benign_or_unconfirmed,0
test_si68,benign_or_unconfirmed,0
n8396,benign_or_unconfirmed,0
n3864,benign_or_unconfirmed,0
WX8274,benign_or_unconfirmed,0
n8395,benign_or_unconfirmed,0
n3863,benign_or_unconfirmed,0
WX8276,benign_or_unconfirmed,0
n8394,benign_or_unconfirmed,0
n3862,benign_or_unconfirmed,0
WX8278,benign_or_unconfirmed,0
n8393,benign_or_unconfirmed,0
n3861,benign_or_unconfirmed,0
WX8280,benign_or_unconfirmed,0
n8392,benign_or_unconfirmed,0
n3860,benign_or_unconfirmed,0
WX8282,benign_or_unconfirmed,0
n8391,benign_or_unconfirmed,0
n3859,benign_or_unconfirmed,0
WX8284,benign_or_unconfirmed,0
n8390,benign_or_unconfirmed,0
n3858,benign_or_unconfirmed,0
WX8286,benign_or_unconfirmed,0
n8389,benign_or_unconfirmed,0
n3857,benign_or_unconfirmed,0
WX8288,benign_or_unconfirmed,0
n8388,benign_or_unconfirmed,0
n3856,benign_or_unconfirmed,0
WX8290,benign_or_unconfirmed,0
n8387,benign_or_unconfirmed,0
n3855,benign_or_unconfirmed,0
WX8292,benign_or_unconfirmed,0
n8386,benign_or_unconfirmed,0
n3854,benign_or_unconfirmed,0
WX8294,benign_or_unconfirmed,0
n8385,benign_or_unconfirmed,0
n3853,benign_or_unconfirmed,0
WX8296,benign_or_unconfirmed,0
n8384,benign_or_unconfirmed,0
n3852,benign_or_unconfirmed,0
WX8298,trigger_tap,1
n8383,benign_or_unconfirmed,0
n3851,benign_or_unconfirmed,0
WX8300,benign_or_unconfirmed,0
n8382,benign_or_unconfirmed,0
n3850,benign_or_unconfirmed,0
WX8302,benign_or_unconfirmed,0
n8381,benign_or_unconfirmed,0
n3849,benign_or_unconfirmed,0
WX8304,benign_or_unconfirmed,0
test_so68,benign_or_unconfirmed,0
n3848,benign_or_unconfirmed,0
WX8402,benign_or_unconfirmed,0
test_si69,benign_or_unconfirmed,0
n8378,benign_or_unconfirmed,0
n3340,benign_or_unconfirmed,0
WX8404,benign_or_unconfirmed,0
n8377,benign_or_unconfirmed,0
n3390,benign_or_unconfirmed,0
WX8406,benign_or_unconfirmed,0
n8376,benign_or_unconfirmed,0
n3389,benign_or_unconfirmed,0
WX8408,benign_or_unconfirmed,0
n8375,benign_or_unconfirmed,0
n3388,benign_or_unconfirmed,0
WX8410,benign_or_unconfirmed,0
n8374,benign_or_unconfirmed,0
n3387,benign_or_unconfirmed,0
WX8412,benign_or_unconfirmed,0
n8373,benign_or_unconfirmed,0
n3386,benign_or_unconfirmed,0
WX8414,benign_or_unconfirmed,0
n8372,benign_or_unconfirmed,0
n3385,benign_or_unconfirmed,0
WX8416,benign_or_unconfirmed,0
n8371,benign_or_unconfirmed,0
n3384,benign_or_unconfirmed,0
WX8418,benign_or_unconfirmed,0
n8370,benign_or_unconfirmed,0
n3383,benign_or_unconfirmed,0
WX8420,benign_or_unconfirmed,0
n8369,benign_or_unconfirmed,0
n3382,benign_or_unconfirmed,0
WX8422,benign_or_unconfirmed,0
n8368,benign_or_unconfirmed,0
n3381,benign_or_unconfirmed,0
WX8424,benign_or_unconfirmed,0
n8367,benign_or_unconfirmed,0
n3380,benign_or_unconfirmed,0
WX8426,benign_or_unconfirmed,0
n8366,benign_or_unconfirmed,0
n3379,benign_or_unconfirmed,0
WX8428,benign_or_unconfirmed,0
n8365,benign_or_unconfirmed,0
n3378,benign_or_unconfirmed,0
WX8430,benign_or_unconfirmed,0
n8364,benign_or_unconfirmed,0
n3377,benign_or_unconfirmed,0
WX8432,benign_or_unconfirmed,0
n8363,benign_or_unconfirmed,0
n3376,benign_or_unconfirmed,0
WX8434,benign_or_unconfirmed,0
test_so69,benign_or_unconfirmed,0
WX8436,benign_or_unconfirmed,0
test_si70,benign_or_unconfirmed,0
WX8437,benign_or_unconfirmed,0
WX8438,benign_or_unconfirmed,0
WX8439,benign_or_unconfirmed,0
WX8440,benign_or_unconfirmed,0
WX8441,benign_or_unconfirmed,0
WX8442,benign_or_unconfirmed,0
WX8443,benign_or_unconfirmed,0
WX8444,benign_or_unconfirmed,0
WX8445,benign_or_unconfirmed,0
WX8446,benign_or_unconfirmed,0
WX8447,benign_or_unconfirmed,0
WX8448,benign_or_unconfirmed,0
WX8449,benign_or_unconfirmed,0
WX8450,benign_or_unconfirmed,0
WX8451,benign_or_unconfirmed,0
WX8452,benign_or_unconfirmed,0
WX8453,benign_or_unconfirmed,0
WX8454,benign_or_unconfirmed,0
WX8455,benign_or_unconfirmed,0
WX8456,benign_or_unconfirmed,0
WX8457,benign_or_unconfirmed,0
WX8458,benign_or_unconfirmed,0
WX8459,benign_or_unconfirmed,0
WX8460,benign_or_unconfirmed,0
WX8461,benign_or_unconfirmed,0
WX8462,benign_or_unconfirmed,0
WX8463,benign_or_unconfirmed,0
WX8464,benign_or_unconfirmed,0
WX8465,benign_or_unconfirmed,0
WX8466,benign_or_unconfirmed,0
WX8467,benign_or_unconfirmed,0
WX8468,benign_or_unconfirmed,0
test_so70,benign_or_unconfirmed,0
WX8470,benign_or_unconfirmed,0
test_si71,benign_or_unconfirmed,0
WX8471,benign_or_unconfirmed,0
WX8472,benign_or_unconfirmed,0
WX8473,benign_or_unconfirmed,0
WX8474,benign_or_unconfirmed,0
WX8475,benign_or_unconfirmed,0
WX8476,benign_or_unconfirmed,0
WX8477,benign_or_unconfirmed,0
WX8478,benign_or_unconfirmed,0
WX8479,benign_or_unconfirmed,0
WX8480,benign_or_unconfirmed,0
WX8481,benign_or_unconfirmed,0
WX8482,benign_or_unconfirmed,0
WX8483,benign_or_unconfirmed,0
WX8484,benign_or_unconfirmed,0
WX8485,benign_or_unconfirmed,0
WX8486,benign_or_unconfirmed,0
WX8487,benign_or_unconfirmed,0
WX8488,benign_or_unconfirmed,0
WX8489,benign_or_unconfirmed,0
WX8490,benign_or_unconfirmed,0
WX8491,benign_or_unconfirmed,0
WX8492,benign_or_unconfirmed,0
WX8493,benign_or_unconfirmed,0
WX8494,benign_or_unconfirmed,0
WX8495,benign_or_unconfirmed,0
WX8496,benign_or_unconfirmed,0
WX8497,benign_or_unconfirmed,0
WX8498,benign_or_unconfirmed,0
WX8499,benign_or_unconfirmed,0
n3625,benign_or_unconfirmed,0
WX8500,benign_or_unconfirmed,0
WX8501,benign_or_unconfirmed,0
n3623,benign_or_unconfirmed,0
WX8502,benign_or_unconfirmed,0
test_so71,benign_or_unconfirmed,0
n3621,benign_or_unconfirmed,0
WX8504,benign_or_unconfirmed,0
test_si72,benign_or_unconfirmed,0
WX8505,benign_or_unconfirmed,0
n3619,benign_or_unconfirmed,0
WX8506,benign_or_unconfirmed,0
WX8507,benign_or_unconfirmed,0
n3617,benign_or_unconfirmed,0
WX8508,benign_or_unconfirmed,0
WX8509,benign_or_unconfirmed,0
n3615,benign_or_unconfirmed,0
WX8510,benign_or_unconfirmed,0
WX8511,benign_or_unconfirmed,0
n3613,benign_or_unconfirmed,0
WX8512,benign_or_unconfirmed,0
WX8513,benign_or_unconfirmed,0
n3611,benign_or_unconfirmed,0
WX8514,benign_or_unconfirmed,0
WX8515,benign_or_unconfirmed,0
n3609,benign_or_unconfirmed,0
WX8516,benign_or_unconfirmed,0
WX8517,benign_or_unconfirmed,0
n3607,benign_or_unconfirmed,0
WX8518,benign_or_unconfirmed,0
WX8519,benign_or_unconfirmed,0
n3605,benign_or_unconfirmed,0
WX8520,benign_or_unconfirmed,0
WX8521,benign_or_unconfirmed,0
n3603,benign_or_unconfirmed,0
WX8522,benign_or_unconfirmed,0
WX8523,benign_or_unconfirmed,0
n3601,benign_or_unconfirmed,0
WX8524,benign_or_unconfirmed,0
WX8525,benign_or_unconfirmed,0
n3599,benign_or_unconfirmed,0
WX8526,benign_or_unconfirmed,0
WX8527,benign_or_unconfirmed,0
n3597,benign_or_unconfirmed,0
WX8528,benign_or_unconfirmed,0
WX8529,benign_or_unconfirmed,0
n3595,benign_or_unconfirmed,0
WX8530,benign_or_unconfirmed,0
WX8531,benign_or_unconfirmed,0
WX8532,benign_or_unconfirmed,0
WX8533,benign_or_unconfirmed,0
WX8534,benign_or_unconfirmed,0
WX8535,benign_or_unconfirmed,0
WX8536,benign_or_unconfirmed,0
test_so72,benign_or_unconfirmed,0
WX8538,benign_or_unconfirmed,0
test_si73,benign_or_unconfirmed,0
WX8539,benign_or_unconfirmed,0
WX8540,benign_or_unconfirmed,0
WX8541,benign_or_unconfirmed,0
WX8542,benign_or_unconfirmed,0
WX8543,benign_or_unconfirmed,0
WX8544,benign_or_unconfirmed,0
WX8545,benign_or_unconfirmed,0
WX8546,benign_or_unconfirmed,0
WX8547,benign_or_unconfirmed,0
WX8548,benign_or_unconfirmed,0
WX8549,benign_or_unconfirmed,0
WX8550,benign_or_unconfirmed,0
WX8551,benign_or_unconfirmed,0
WX8552,benign_or_unconfirmed,0
WX8553,benign_or_unconfirmed,0
WX8554,benign_or_unconfirmed,0
WX8555,benign_or_unconfirmed,0
WX8556,benign_or_unconfirmed,0
WX8557,benign_or_unconfirmed,0
WX8558,benign_or_unconfirmed,0
WX8559,benign_or_unconfirmed,0
WX8560,benign_or_unconfirmed,0
WX8561,benign_or_unconfirmed,0
WX8562,benign_or_unconfirmed,0
WX8563,benign_or_unconfirmed,0
WX8564,benign_or_unconfirmed,0
WX8565,benign_or_unconfirmed,0
WX8566,benign_or_unconfirmed,0
WX8567,benign_or_unconfirmed,0
WX8568,benign_or_unconfirmed,0
WX8569,benign_or_unconfirmed,0
WX8570,benign_or_unconfirmed,0
test_so73,benign_or_unconfirmed,0
WX8572,benign_or_unconfirmed,0
test_si74,benign_or_unconfirmed,0
WX8573,benign_or_unconfirmed,0
WX8574,benign_or_unconfirmed,0
WX8575,benign_or_unconfirmed,0
WX8576,benign_or_unconfirmed,0
WX8577,benign_or_unconfirmed,0
WX8578,benign_or_unconfirmed,0
WX8579,benign_or_unconfirmed,0
WX8580,benign_or_unconfirmed,0
WX8581,benign_or_unconfirmed,0
WX8582,benign_or_unconfirmed,0
WX8583,benign_or_unconfirmed,0
WX8584,benign_or_unconfirmed,0
WX8585,benign_or_unconfirmed,0
WX8586,benign_or_unconfirmed,0
WX8587,benign_or_unconfirmed,0
WX8588,benign_or_unconfirmed,0
WX8589,benign_or_unconfirmed,0
WX8590,benign_or_unconfirmed,0
WX8591,benign_or_unconfirmed,0
WX8592,benign_or_unconfirmed,0
WX8593,benign_or_unconfirmed,0
WX8594,benign_or_unconfirmed,0
WX8595,benign_or_unconfirmed,0
WX8596,benign_or_unconfirmed,0
WX8597,benign_or_unconfirmed,0
WX8598,benign_or_unconfirmed,0
WX8599,benign_or_unconfirmed,0
WX8600,benign_or_unconfirmed,0
WX8601,benign_or_unconfirmed,0
WX8602,benign_or_unconfirmed,0
WX8603,benign_or_unconfirmed,0
WX8604,benign_or_unconfirmed,0
test_so74,benign_or_unconfirmed,0
WX8606,benign_or_unconfirmed,0
test_si75,benign_or_unconfirmed,0
WX8607,benign_or_unconfirmed,0
WX8608,benign_or_unconfirmed,0
WX8609,benign_or_unconfirmed,0
WX8610,benign_or_unconfirmed,0
WX8611,benign_or_unconfirmed,0
WX8612,benign_or_unconfirmed,0
WX8613,benign_or_unconfirmed,0
WX8614,benign_or_unconfirmed,0
WX8615,benign_or_unconfirmed,0
WX8616,benign_or_unconfirmed,0
WX8617,benign_or_unconfirmed,0
WX8618,benign_or_unconfirmed,0
WX8619,benign_or_unconfirmed,0
WX8620,benign_or_unconfirmed,0
WX8621,benign_or_unconfirmed,0
WX8622,benign_or_unconfirmed,0
WX8623,benign_or_unconfirmed,0
WX8624,benign_or_unconfirmed,0
WX8625,benign_or_unconfirmed,0
WX8626,benign_or_unconfirmed,0
WX8627,benign_or_unconfirmed,0
WX8628,benign_or_unconfirmed,0
WX8629,benign_or_unconfirmed,0
WX8630,benign_or_unconfirmed,0
WX8631,benign_or_unconfirmed,0
WX8632,benign_or_unconfirmed,0
WX8633,benign_or_unconfirmed,0
WX8634,benign_or_unconfirmed,0
WX8635,benign_or_unconfirmed,0
WX8636,benign_or_unconfirmed,0
WX8637,benign_or_unconfirmed,0
WX8638,benign_or_unconfirmed,0
test_so75,benign_or_unconfirmed,0
WX8640,benign_or_unconfirmed,0
test_si76,benign_or_unconfirmed,0
WX8641,benign_or_unconfirmed,0
WX8642,benign_or_unconfirmed,0
WX8643,benign_or_unconfirmed,0
WX8644,benign_or_unconfirmed,0
WX8645,benign_or_unconfirmed,0
WX8646,benign_or_unconfirmed,0
WX8647,benign_or_unconfirmed,0
WX8648,benign_or_unconfirmed,0
WX8649,benign_or_unconfirmed,0
WX8650,benign_or_unconfirmed,0
WX8651,benign_or_unconfirmed,0
WX8652,benign_or_unconfirmed,0
WX8653,benign_or_unconfirmed,0
WX8654,benign_or_unconfirmed,0
WX8655,benign_or_unconfirmed,0
WX8656,benign_or_unconfirmed,0
WX8657,benign_or_unconfirmed,0
WX9022,benign_or_unconfirmed,0
CRC_OUT_3_0,benign_or_unconfirmed,0
DFF_1312_n1,benign_or_unconfirmed,0
WX9024,benign_or_unconfirmed,0
CRC_OUT_3_1,benign_or_unconfirmed,0
DFF_1313_n1,benign_or_unconfirmed,0
WX9026,benign_or_unconfirmed,0
CRC_OUT_3_2,benign_or_unconfirmed,0
DFF_1314_n1,benign_or_unconfirmed,0
WX9028,benign_or_unconfirmed,0
CRC_OUT_3_3,benign_or_unconfirmed,0
DFF_1315_n1,benign_or_unconfirmed,0
WX9030,benign_or_unconfirmed,0
CRC_OUT_3_4,benign_or_unconfirmed,0
DFF_1316_n1,benign_or_unconfirmed,0
WX9032,trigger_tap,1
CRC_OUT_3_5,benign_or_unconfirmed,0
DFF_1317_n1,benign_or_unconfirmed,0
WX9034,benign_or_unconfirmed,0
CRC_OUT_3_6,benign_or_unconfirmed,0
DFF_1318_n1,benign_or_unconfirmed,0
WX9036,benign_or_unconfirmed,0
CRC_OUT_3_7,benign_or_unconfirmed,0
DFF_1319_n1,benign_or_unconfirmed,0
WX9038,benign_or_unconfirmed,0
test_si77,benign_or_unconfirmed,0
CRC_OUT_3_8,benign_or_unconfirmed,0
DFF_1320_n1,benign_or_unconfirmed,0
WX9040,benign_or_unconfirmed,0
CRC_OUT_3_9,benign_or_unconfirmed,0
DFF_1321_n1,benign_or_unconfirmed,0
WX9042,benign_or_unconfirmed,0
CRC_OUT_3_10,benign_or_unconfirmed,0
DFF_1322_n1,benign_or_unconfirmed,0
WX9044,benign_or_unconfirmed,0
CRC_OUT_3_11,benign_or_unconfirmed,0
DFF_1323_n1,benign_or_unconfirmed,0
WX9046,benign_or_unconfirmed,0
CRC_OUT_3_12,benign_or_unconfirmed,0
DFF_1324_n1,benign_or_unconfirmed,0
WX9048,benign_or_unconfirmed,0
CRC_OUT_3_13,benign_or_unconfirmed,0
DFF_1325_n1,benign_or_unconfirmed,0
WX9050,benign_or_unconfirmed,0
CRC_OUT_3_14,benign_or_unconfirmed,0
DFF_1326_n1,benign_or_unconfirmed,0
WX9052,benign_or_unconfirmed,0
CRC_OUT_3_15,benign_or_unconfirmed,0
DFF_1327_n1,benign_or_unconfirmed,0
WX9054,benign_or_unconfirmed,0
CRC_OUT_3_16,benign_or_unconfirmed,0
DFF_1328_n1,benign_or_unconfirmed,0
WX9056,benign_or_unconfirmed,0
CRC_OUT_3_17,benign_or_unconfirmed,0
DFF_1329_n1,benign_or_unconfirmed,0
WX9058,benign_or_unconfirmed,0
CRC_OUT_3_18,benign_or_unconfirmed,0
DFF_1330_n1,benign_or_unconfirmed,0
WX9060,trigger_tap,1
CRC_OUT_3_19,benign_or_unconfirmed,0
DFF_1331_n1,benign_or_unconfirmed,0
WX9062,benign_or_unconfirmed,0
CRC_OUT_3_20,benign_or_unconfirmed,0
DFF_1332_n1,benign_or_unconfirmed,0
WX9064,benign_or_unconfirmed,0
CRC_OUT_3_21,benign_or_unconfirmed,0
DFF_1333_n1,benign_or_unconfirmed,0
WX9066,benign_or_unconfirmed,0
CRC_OUT_3_22,benign_or_unconfirmed,0
DFF_1334_n1,benign_or_unconfirmed,0
WX9068,benign_or_unconfirmed,0
CRC_OUT_3_23,benign_or_unconfirmed,0
DFF_1335_n1,benign_or_unconfirmed,0
WX9070,benign_or_unconfirmed,0
CRC_OUT_3_24,benign_or_unconfirmed,0
DFF_1336_n1,benign_or_unconfirmed,0
WX9072,benign_or_unconfirmed,0
test_si78,benign_or_unconfirmed,0
CRC_OUT_3_25,benign_or_unconfirmed,0
DFF_1337_n1,benign_or_unconfirmed,0
WX9074,benign_or_unconfirmed,0
CRC_OUT_3_26,benign_or_unconfirmed,0
DFF_1338_n1,benign_or_unconfirmed,0
WX9076,benign_or_unconfirmed,0
CRC_OUT_3_27,benign_or_unconfirmed,0
DFF_1339_n1,benign_or_unconfirmed,0
WX9078,benign_or_unconfirmed,0
CRC_OUT_3_28,benign_or_unconfirmed,0
DFF_1340_n1,benign_or_unconfirmed,0
WX9080,benign_or_unconfirmed,0
CRC_OUT_3_29,benign_or_unconfirmed,0
DFF_1341_n1,benign_or_unconfirmed,0
WX9082,benign_or_unconfirmed,0
CRC_OUT_3_30,benign_or_unconfirmed,0
DFF_1342_n1,benign_or_unconfirmed,0
WX9084,benign_or_unconfirmed,0
CRC_OUT_3_31,benign_or_unconfirmed,0
DFF_1343_n1,benign_or_unconfirmed,0
WX9535,benign_or_unconfirmed,0
WX9536,benign_or_unconfirmed,0
WX9537,benign_or_unconfirmed,0
n8353,benign_or_unconfirmed,0
n3847,benign_or_unconfirmed,0
WX9539,benign_or_unconfirmed,0
n8352,benign_or_unconfirmed,0
n3846,benign_or_unconfirmed,0
WX9541,benign_or_unconfirmed,0
n8351,benign_or_unconfirmed,0
n3845,benign_or_unconfirmed,0
WX9543,benign_or_unconfirmed,0
n8350,benign_or_unconfirmed,0
n3844,benign_or_unconfirmed,0
WX9545,benign_or_unconfirmed,0
n8349,benign_or_unconfirmed,0
n3843,benign_or_unconfirmed,0
WX9547,benign_or_unconfirmed,0
n8348,benign_or_unconfirmed,0
n3842,benign_or_unconfirmed,0
WX9549,benign_or_unconfirmed,0
n8347,benign_or_unconfirmed,0
n3841,benign_or_unconfirmed,0
WX9551,benign_or_unconfirmed,0
n8346,benign_or_unconfirmed,0
n3840,benign_or_unconfirmed,0
WX9553,benign_or_unconfirmed,0
test_so78,benign_or_unconfirmed,0
n3839,benign_or_unconfirmed,0
WX9555,benign_or_unconfirmed,0
test_si79,benign_or_unconfirmed,0
n8343,benign_or_unconfirmed,0
n3838,benign_or_unconfirmed,0
WX9557,benign_or_unconfirmed,0
n8342,benign_or_unconfirmed,0
n3837,benign_or_unconfirmed,0
WX9559,benign_or_unconfirmed,0
n8341,benign_or_unconfirmed,0
n3836,benign_or_unconfirmed,0
WX9561,benign_or_unconfirmed,0
n8340,benign_or_unconfirmed,0
n3835,benign_or_unconfirmed,0
WX9563,benign_or_unconfirmed,0
n8339,benign_or_unconfirmed,0
n3834,benign_or_unconfirmed,0
WX9565,benign_or_unconfirmed,0
n8338,benign_or_unconfirmed,0
n3833,benign_or_unconfirmed,0
WX9567,benign_or_unconfirmed,0
n8337,benign_or_unconfirmed,0
n3832,benign_or_unconfirmed,0
WX9569,benign_or_unconfirmed,0
n8336,benign_or_unconfirmed,0
n3831,benign_or_unconfirmed,0
WX9571,benign_or_unconfirmed,0
n8335,benign_or_unconfirmed,0
n3830,benign_or_unconfirmed,0
WX9573,benign_or_unconfirmed,0
n8334,benign_or_unconfirmed,0
n3829,benign_or_unconfirmed,0
WX9575,benign_or_unconfirmed,0
n8333,benign_or_unconfirmed,0
n3828,benign_or_unconfirmed,0
WX9577,benign_or_unconfirmed,0
n8332,benign_or_unconfirmed,0
n3827,benign_or_unconfirmed,0
WX9579,benign_or_unconfirmed,0
n8331,benign_or_unconfirmed,0
n3826,benign_or_unconfirmed,0
WX9581,benign_or_unconfirmed,0
n8330,benign_or_unconfirmed,0
n3825,benign_or_unconfirmed,0
WX9583,benign_or_unconfirmed,0
n8329,benign_or_unconfirmed,0
n3824,benign_or_unconfirmed,0
WX9585,benign_or_unconfirmed,0
n8328,benign_or_unconfirmed,0
n3823,benign_or_unconfirmed,0
WX9587,benign_or_unconfirmed,0
test_so79,benign_or_unconfirmed,0
n3822,benign_or_unconfirmed,0
WX9589,benign_or_unconfirmed,0
test_si80,benign_or_unconfirmed,0
n8325,benign_or_unconfirmed,0
n3821,benign_or_unconfirmed,0
WX9591,benign_or_unconfirmed,0
n8324,benign_or_unconfirmed,0
n3820,benign_or_unconfirmed,0
WX9593,benign_or_unconfirmed,0
n8323,benign_or_unconfirmed,0
n3819,benign_or_unconfirmed,0
WX9595,benign_or_unconfirmed,0
n8322,benign_or_unconfirmed,0
n3818,benign_or_unconfirmed,0
WX9597,benign_or_unconfirmed,0
n8321,benign_or_unconfirmed,0
n3817,benign_or_unconfirmed,0
WX9695,benign_or_unconfirmed,0
n8320,benign_or_unconfirmed,0
n3339,benign_or_unconfirmed,0
WX9697,benign_or_unconfirmed,0
n8319,benign_or_unconfirmed,0
n3375,benign_or_unconfirmed,0
WX9699,benign_or_unconfirmed,0
n8318,benign_or_unconfirmed,0
n3374,benign_or_unconfirmed,0
WX9701,benign_or_unconfirmed,0
n8317,benign_or_unconfirmed,0
n3373,benign_or_unconfirmed,0
WX9703,benign_or_unconfirmed,0
n8316,benign_or_unconfirmed,0
n3372,benign_or_unconfirmed,0
WX9705,benign_or_unconfirmed,0
n8315,benign_or_unconfirmed,0
n3371,benign_or_unconfirmed,0
WX9707,benign_or_unconfirmed,0
n8314,benign_or_unconfirmed,0
n3370,benign_or_unconfirmed,0
WX9709,benign_or_unconfirmed,0
n8313,benign_or_unconfirmed,0
n3369,benign_or_unconfirmed,0
WX9711,benign_or_unconfirmed,0
n8312,benign_or_unconfirmed,0
n3368,benign_or_unconfirmed,0
WX9713,benign_or_unconfirmed,0
n8311,benign_or_unconfirmed,0
n3367,benign_or_unconfirmed,0
WX9715,benign_or_unconfirmed,0
n8310,benign_or_unconfirmed,0
n3366,benign_or_unconfirmed,0
WX9717,benign_or_unconfirmed,0
test_so80,benign_or_unconfirmed,0
n3365,benign_or_unconfirmed,0
WX9719,benign_or_unconfirmed,0
test_si81,benign_or_unconfirmed,0
n8307,benign_or_unconfirmed,0
n3364,benign_or_unconfirmed,0
WX9721,benign_or_unconfirmed,0
n8306,benign_or_unconfirmed,0
n3363,benign_or_unconfirmed,0
WX9723,benign_or_unconfirmed,0
n8305,benign_or_unconfirmed,0
n3362,benign_or_unconfirmed,0
WX9725,benign_or_unconfirmed,0
n8304,benign_or_unconfirmed,0
n3361,benign_or_unconfirmed,0
WX9727,benign_or_unconfirmed,0
WX9728,benign_or_unconfirmed,0
WX9729,benign_or_unconfirmed,0
WX9730,benign_or_unconfirmed,0
WX9731,benign_or_unconfirmed,0
WX9732,benign_or_unconfirmed,0
WX9733,benign_or_unconfirmed,0
WX9734,benign_or_unconfirmed,0
WX9735,benign_or_unconfirmed,0
WX9736,benign_or_unconfirmed,0
WX9737,benign_or_unconfirmed,0
WX9738,benign_or_unconfirmed,0
WX9739,benign_or_unconfirmed,0
WX9740,benign_or_unconfirmed,0
WX9741,benign_or_unconfirmed,0
WX9742,benign_or_unconfirmed,0
WX9743,benign_or_unconfirmed,0
WX9744,benign_or_unconfirmed,0
WX9745,benign_or_unconfirmed,0
WX9746,benign_or_unconfirmed,0
WX9747,benign_or_unconfirmed,0
WX9748,benign_or_unconfirmed,0
WX9749,benign_or_unconfirmed,0
WX9750,benign_or_unconfirmed,0
WX9751,benign_or_unconfirmed,0
test_so81,benign_or_unconfirmed,0
WX9753,benign_or_unconfirmed,0
test_si82,benign_or_unconfirmed,0
WX9754,benign_or_unconfirmed,0
WX9755,benign_or_unconfirmed,0
WX9756,benign_or_unconfirmed,0
WX9757,benign_or_unconfirmed,0
WX9758,benign_or_unconfirmed,0
WX9759,benign_or_unconfirmed,0
WX9760,benign_or_unconfirmed,0
WX9761,benign_or_unconfirmed,0
WX9762,benign_or_unconfirmed,0
WX9763,benign_or_unconfirmed,0
WX9764,benign_or_unconfirmed,0
WX9765,benign_or_unconfirmed,0
WX9766,benign_or_unconfirmed,0
WX9767,benign_or_unconfirmed,0
WX9768,benign_or_unconfirmed,0
WX9769,benign_or_unconfirmed,0
WX9770,benign_or_unconfirmed,0
WX9771,benign_or_unconfirmed,0
WX9772,benign_or_unconfirmed,0
WX9773,benign_or_unconfirmed,0
WX9774,benign_or_unconfirmed,0
WX9775,benign_or_unconfirmed,0
WX9776,benign_or_unconfirmed,0
WX9777,benign_or_unconfirmed,0
WX9778,benign_or_unconfirmed,0
WX9779,benign_or_unconfirmed,0
WX9780,benign_or_unconfirmed,0
WX9781,benign_or_unconfirmed,0
WX9782,benign_or_unconfirmed,0
WX9783,benign_or_unconfirmed,0
WX9784,benign_or_unconfirmed,0
WX9785,benign_or_unconfirmed,0
test_so82,benign_or_unconfirmed,0
WX9787,benign_or_unconfirmed,0
test_si83,benign_or_unconfirmed,0
WX9788,benign_or_unconfirmed,0
WX9789,benign_or_unconfirmed,0
WX9790,benign_or_unconfirmed,0
WX9791,benign_or_unconfirmed,0
WX9792,benign_or_unconfirmed,0
n3593,benign_or_unconfirmed,0
WX9793,benign_or_unconfirmed,0
WX9794,benign_or_unconfirmed,0
n3591,benign_or_unconfirmed,0
WX9795,benign_or_unconfirmed,0
WX9796,benign_or_unconfirmed,0
n3589,benign_or_unconfirmed,0
WX9797,benign_or_unconfirmed,0
WX9798,benign_or_unconfirmed,0
n3587,benign_or_unconfirmed,0
WX9799,benign_or_unconfirmed,0
WX9800,benign_or_unconfirmed,0
n3585,benign_or_unconfirmed,0
WX9801,benign_or_unconfirmed,0
WX9802,benign_or_unconfirmed,0
n3583,benign_or_unconfirmed,0
WX9803,benign_or_unconfirmed,0
WX9804,benign_or_unconfirmed,0
n3581,benign_or_unconfirmed,0
WX9805,benign_or_unconfirmed,0
WX9806,benign_or_unconfirmed,0
n3579,benign_or_unconfirmed,0
WX9807,benign_or_unconfirmed,0
WX9808,benign_or_unconfirmed,0
n3577,benign_or_unconfirmed,0
WX9809,benign_or_unconfirmed,0
WX9810,benign_or_unconfirmed,0
n3575,benign_or_unconfirmed,0
WX9811,benign_or_unconfirmed,0
WX9812,benign_or_unconfirmed,0
n3573,benign_or_unconfirmed,0
WX9813,benign_or_unconfirmed,0
WX9814,benign_or_unconfirmed,0
n3571,benign_or_unconfirmed,0
WX9815,benign_or_unconfirmed,0
WX9816,benign_or_unconfirmed,0
n3569,benign_or_unconfirmed,0
WX9817,benign_or_unconfirmed,0
WX9818,benign_or_unconfirmed,0
n3567,benign_or_unconfirmed,0
WX9819,trigger_tap,1
test_so83,benign_or_unconfirmed,0
n3565,benign_or_unconfirmed,0
WX9821,benign_or_unconfirmed,0
test_si84,benign_or_unconfirmed,0
WX9822,benign_or_unconfirmed,0
n3563,benign_or_unconfirmed,0
WX9823,benign_or_unconfirmed,0
WX9824,benign_or_unconfirmed,0
WX9825,benign_or_unconfirmed,0
WX9826,benign_or_unconfirmed,0
WX9827,benign_or_unconfirmed,0
WX9828,benign_or_unconfirmed,0
WX9829,benign_or_unconfirmed,0
WX9830,benign_or_unconfirmed,0
WX9831,benign_or_unconfirmed,0
WX9832,benign_or_unconfirmed,0
WX9833,benign_or_unconfirmed,0
WX9834,benign_or_unconfirmed,0
WX9835,benign_or_unconfirmed,0
WX9836,benign_or_unconfirmed,0
WX9837,benign_or_unconfirmed,0
WX9838,benign_or_unconfirmed,0
WX9839,benign_or_unconfirmed,0
WX9840,benign_or_unconfirmed,0
WX9841,benign_or_unconfirmed,0
WX9842,benign_or_unconfirmed,0
WX9843,benign_or_unconfirmed,0
WX9844,benign_or_unconfirmed,0
WX9845,benign_or_unconfirmed,0
WX9846,benign_or_unconfirmed,0
WX9847,benign_or_unconfirmed,0
WX9848,benign_or_unconfirmed,0
WX9849,benign_or_unconfirmed,0
WX9850,benign_or_unconfirmed,0
WX9851,benign_or_unconfirmed,0
WX9852,benign_or_unconfirmed,0
WX9853,benign_or_unconfirmed,0
test_so84,benign_or_unconfirmed,0
WX9855,benign_or_unconfirmed,0
test_si85,benign_or_unconfirmed,0
WX9856,benign_or_unconfirmed,0
WX9857,benign_or_unconfirmed,0
WX9858,benign_or_unconfirmed,0
WX9859,benign_or_unconfirmed,0
WX9860,benign_or_unconfirmed,0
WX9861,benign_or_unconfirmed,0
WX9862,benign_or_unconfirmed,0
WX9863,benign_or_unconfirmed,0
WX9864,benign_or_unconfirmed,0
WX9865,benign_or_unconfirmed,0
WX9866,benign_or_unconfirmed,0
WX9867,benign_or_unconfirmed,0
WX9868,benign_or_unconfirmed,0
WX9869,benign_or_unconfirmed,0
WX9870,benign_or_unconfirmed,0
WX9871,benign_or_unconfirmed,0
WX9872,benign_or_unconfirmed,0
WX9873,benign_or_unconfirmed,0
WX9874,benign_or_unconfirmed,0
WX9875,benign_or_unconfirmed,0
WX9876,benign_or_unconfirmed,0
WX9877,benign_or_unconfirmed,0
WX9878,benign_or_unconfirmed,0
WX9879,benign_or_unconfirmed,0
WX9880,benign_or_unconfirmed,0
WX9881,benign_or_unconfirmed,0
WX9882,benign_or_unconfirmed,0
WX9883,benign_or_unconfirmed,0
WX9884,benign_or_unconfirmed,0
WX9885,benign_or_unconfirmed,0
WX9886,benign_or_unconfirmed,0
WX9887,benign_or_unconfirmed,0
test_so85,benign_or_unconfirmed,0
WX9889,benign_or_unconfirmed,0
test_si86,benign_or_unconfirmed,0
WX9890,benign_or_unconfirmed,0
WX9891,benign_or_unconfirmed,0
WX9892,benign_or_unconfirmed,0
WX9893,benign_or_unconfirmed,0
WX9894,benign_or_unconfirmed,0
WX9895,benign_or_unconfirmed,0
WX9896,benign_or_unconfirmed,0
WX9897,benign_or_unconfirmed,0
WX9898,benign_or_unconfirmed,0
WX9899,benign_or_unconfirmed,0
WX9900,benign_or_unconfirmed,0
WX9901,benign_or_unconfirmed,0
WX9902,benign_or_unconfirmed,0
WX9903,benign_or_unconfirmed,0
WX9904,benign_or_unconfirmed,0
WX9905,benign_or_unconfirmed,0
WX9906,benign_or_unconfirmed,0
WX9907,benign_or_unconfirmed,0
WX9908,benign_or_unconfirmed,0
WX9909,benign_or_unconfirmed,0
WX9910,benign_or_unconfirmed,0
WX9911,benign_or_unconfirmed,0
WX9912,benign_or_unconfirmed,0
WX9913,benign_or_unconfirmed,0
WX9914,benign_or_unconfirmed,0
WX9915,benign_or_unconfirmed,0
WX9916,benign_or_unconfirmed,0
WX9917,benign_or_unconfirmed,0
WX9918,benign_or_unconfirmed,0
WX9919,benign_or_unconfirmed,0
WX9920,benign_or_unconfirmed,0
WX9921,benign_or_unconfirmed,0
test_so86,benign_or_unconfirmed,0
WX9923,benign_or_unconfirmed,0
test_si87,benign_or_unconfirmed,0
WX9924,benign_or_unconfirmed,0
WX9925,benign_or_unconfirmed,0
WX9926,benign_or_unconfirmed,0
WX9927,benign_or_unconfirmed,0
WX9928,benign_or_unconfirmed,0
WX9929,benign_or_unconfirmed,0
WX9930,benign_or_unconfirmed,0
WX9931,benign_or_unconfirmed,0
WX9932,benign_or_unconfirmed,0
WX9933,benign_or_unconfirmed,0
WX9934,benign_or_unconfirmed,0
WX9935,benign_or_unconfirmed,0
WX9936,benign_or_unconfirmed,0
WX9937,benign_or_unconfirmed,0
WX9938,benign_or_unconfirmed,0
WX9939,benign_or_unconfirmed,0
WX9940,benign_or_unconfirmed,0
WX9941,benign_or_unconfirmed,0
WX9942,benign_or_unconfirmed,0
WX9943,benign_or_unconfirmed,0
WX9944,benign_or_unconfirmed,0
WX9945,benign_or_unconfirmed,0
WX9946,benign_or_unconfirmed,0
WX9947,benign_or_unconfirmed,0
WX9948,benign_or_unconfirmed,0
WX9949,benign_or_unconfirmed,0
WX9950,benign_or_unconfirmed,0
WX10315,benign_or_unconfirmed,0
CRC_OUT_2_0,benign_or_unconfirmed,0
DFF_1504_n1,benign_or_unconfirmed,0
WX10317,benign_or_unconfirmed,0
CRC_OUT_2_1,benign_or_unconfirmed,0
DFF_1505_n1,benign_or_unconfirmed,0
WX10319,benign_or_unconfirmed,0
CRC_OUT_2_2,benign_or_unconfirmed,0
DFF_1506_n1,benign_or_unconfirmed,0
WX10321,benign_or_unconfirmed,0
test_si88,benign_or_unconfirmed,0
CRC_OUT_2_3,benign_or_unconfirmed,0
DFF_1507_n1,benign_or_unconfirmed,0
WX10323,benign_or_unconfirmed,0
CRC_OUT_2_4,benign_or_unconfirmed,0
DFF_1508_n1,benign_or_unconfirmed,0
WX10325,benign_or_unconfirmed,0
CRC_OUT_2_5,benign_or_unconfirmed,0
DFF_1509_n1,benign_or_unconfirmed,0
WX10327,benign_or_unconfirmed,0
CRC_OUT_2_6,benign_or_unconfirmed,0
DFF_1510_n1,benign_or_unconfirmed,0
WX10329,benign_or_unconfirmed,0
CRC_OUT_2_7,benign_or_unconfirmed,0
DFF_1511_n1,benign_or_unconfirmed,0
WX10331,benign_or_unconfirmed,0
CRC_OUT_2_8,benign_or_unconfirmed,0
DFF_1512_n1,benign_or_unconfirmed,0
WX10333,benign_or_unconfirmed,0
CRC_OUT_2_9,benign_or_unconfirmed,0
DFF_1513_n1,benign_or_unconfirmed,0
WX10335,benign_or_unconfirmed,0
CRC_OUT_2_10,benign_or_unconfirmed,0
DFF_1514_n1,benign_or_unconfirmed,0
WX10337,benign_or_unconfirmed,0
CRC_OUT_2_11,benign_or_unconfirmed,0
DFF_1515_n1,benign_or_unconfirmed,0
WX10339,benign_or_unconfirmed,0
CRC_OUT_2_12,benign_or_unconfirmed,0
DFF_1516_n1,benign_or_unconfirmed,0
WX10341,benign_or_unconfirmed,0
CRC_OUT_2_13,benign_or_unconfirmed,0
DFF_1517_n1,benign_or_unconfirmed,0
WX10343,benign_or_unconfirmed,0
CRC_OUT_2_14,benign_or_unconfirmed,0
DFF_1518_n1,benign_or_unconfirmed,0
WX10345,benign_or_unconfirmed,0
CRC_OUT_2_15,benign_or_unconfirmed,0
DFF_1519_n1,benign_or_unconfirmed,0
WX10347,benign_or_unconfirmed,0
CRC_OUT_2_16,benign_or_unconfirmed,0
DFF_1520_n1,benign_or_unconfirmed,0
WX10349,benign_or_unconfirmed,0
CRC_OUT_2_17,benign_or_unconfirmed,0
DFF_1521_n1,benign_or_unconfirmed,0
WX10351,benign_or_unconfirmed,0
CRC_OUT_2_18,benign_or_unconfirmed,0
DFF_1522_n1,benign_or_unconfirmed,0
WX10353,benign_or_unconfirmed,0
CRC_OUT_2_19,benign_or_unconfirmed,0
DFF_1523_n1,benign_or_unconfirmed,0
WX10355,benign_or_unconfirmed,0
test_si89,benign_or_unconfirmed,0
CRC_OUT_2_20,benign_or_unconfirmed,0
DFF_1524_n1,benign_or_unconfirmed,0
WX10357,benign_or_unconfirmed,0
CRC_OUT_2_21,benign_or_unconfirmed,0
DFF_1525_n1,benign_or_unconfirmed,0
WX10359,benign_or_unconfirmed,0
CRC_OUT_2_22,benign_or_unconfirmed,0
DFF_1526_n1,benign_or_unconfirmed,0
WX10361,benign_or_unconfirmed,0
CRC_OUT_2_23,benign_or_unconfirmed,0
DFF_1527_n1,benign_or_unconfirmed,0
WX10363,benign_or_unconfirmed,0
CRC_OUT_2_24,benign_or_unconfirmed,0
DFF_1528_n1,benign_or_unconfirmed,0
WX10365,benign_or_unconfirmed,0
CRC_OUT_2_25,benign_or_unconfirmed,0
DFF_1529_n1,benign_or_unconfirmed,0
WX10367,benign_or_unconfirmed,0
CRC_OUT_2_26,benign_or_unconfirmed,0
DFF_1530_n1,benign_or_unconfirmed,0
WX10369,benign_or_unconfirmed,0
CRC_OUT_2_27,benign_or_unconfirmed,0
DFF_1531_n1,benign_or_unconfirmed,0
WX10371,benign_or_unconfirmed,0
CRC_OUT_2_28,benign_or_unconfirmed,0
DFF_1532_n1,benign_or_unconfirmed,0
WX10373,benign_or_unconfirmed,0
CRC_OUT_2_29,benign_or_unconfirmed,0
DFF_1533_n1,benign_or_unconfirmed,0
WX10375,benign_or_unconfirmed,0
CRC_OUT_2_30,benign_or_unconfirmed,0
DFF_1534_n1,benign_or_unconfirmed,0
WX10377,benign_or_unconfirmed,0
CRC_OUT_2_31,benign_or_unconfirmed,0
DFF_1535_n1,benign_or_unconfirmed,0
WX10828,benign_or_unconfirmed,0
WX10829,benign_or_unconfirmed,0
WX10830,benign_or_unconfirmed,0
n8295,benign_or_unconfirmed,0
n3816,benign_or_unconfirmed,0
WX10832,benign_or_unconfirmed,0
n8294,benign_or_unconfirmed,0
n3815,benign_or_unconfirmed,0
WX10834,benign_or_unconfirmed,0
n8293,benign_or_unconfirmed,0
n3814,benign_or_unconfirmed,0
WX10836,benign_or_unconfirmed,0
test_so89,benign_or_unconfirmed,0
n3813,benign_or_unconfirmed,0
WX10838,benign_or_unconfirmed,0
test_si90,benign_or_unconfirmed,0
n8290,benign_or_unconfirmed,0
n3812,benign_or_unconfirmed,0
WX10840,benign_or_unconfirmed,0
n8289,benign_or_unconfirmed,0
n3811,benign_or_unconfirmed,0
WX10842,benign_or_unconfirmed,0
n8288,benign_or_unconfirmed,0
n3810,benign_or_unconfirmed,0
WX10844,benign_or_unconfirmed,0
n8287,benign_or_unconfirmed,0
n3809,benign_or_unconfirmed,0
WX10846,trigger_tap,1
n8286,benign_or_unconfirmed,0
n3808,benign_or_unconfirmed,0
WX10848,benign_or_unconfirmed,0
n8285,benign_or_unconfirmed,0
n3807,benign_or_unconfirmed,0
WX10850,benign_or_unconfirmed,0
n8284,benign_or_unconfirmed,0
n3806,benign_or_unconfirmed,0
WX10852,benign_or_unconfirmed,0
n8283,benign_or_unconfirmed,0
n3805,benign_or_unconfirmed,0
WX10854,benign_or_unconfirmed,0
n8282,benign_or_unconfirmed,0
n3804,benign_or_unconfirmed,0
WX10856,benign_or_unconfirmed,0
n8281,benign_or_unconfirmed,0
n3803,benign_or_unconfirmed,0
WX10858,benign_or_unconfirmed,0
n8280,benign_or_unconfirmed,0
n3802,benign_or_unconfirmed,0
WX10860,benign_or_unconfirmed,0
n8279,benign_or_unconfirmed,0
n3801,benign_or_unconfirmed,0
WX10862,benign_or_unconfirmed,0
n8278,benign_or_unconfirmed,0
n3800,benign_or_unconfirmed,0
WX10864,benign_or_unconfirmed,0
n8277,benign_or_unconfirmed,0
n3799,benign_or_unconfirmed,0
WX10866,benign_or_unconfirmed,0
n8276,benign_or_unconfirmed,0
n3798,benign_or_unconfirmed,0
WX10868,benign_or_unconfirmed,0
n8275,benign_or_unconfirmed,0
n3797,benign_or_unconfirmed,0
WX10870,benign_or_unconfirmed,0
test_so90,benign_or_unconfirmed,0
n3796,benign_or_unconfirmed,0
WX10872,benign_or_unconfirmed,0
test_si91,benign_or_unconfirmed,0
n8272,benign_or_unconfirmed,0
n3795,benign_or_unconfirmed,0
WX10874,benign_or_unconfirmed,0
n8271,benign_or_unconfirmed,0
n3794,benign_or_unconfirmed,0
WX10876,benign_or_unconfirmed,0
n8270,benign_or_unconfirmed,0
n3793,benign_or_unconfirmed,0
WX10878,benign_or_unconfirmed,0
n8269,benign_or_unconfirmed,0
n3792,benign_or_unconfirmed,0
WX10880,benign_or_unconfirmed,0
n8268,benign_or_unconfirmed,0
n3791,benign_or_unconfirmed,0
WX10882,benign_or_unconfirmed,0
n8267,benign_or_unconfirmed,0
n3790,benign_or_unconfirmed,0
WX10884,benign_or_unconfirmed,0
n8266,benign_or_unconfirmed,0
n3789,benign_or_unconfirmed,0
WX10886,benign_or_unconfirmed,0
n8265,benign_or_unconfirmed,0
n3788,benign_or_unconfirmed,0
WX10888,benign_or_unconfirmed,0
n8264,benign_or_unconfirmed,0
n3787,benign_or_unconfirmed,0
WX10890,benign_or_unconfirmed,0
n8263,benign_or_unconfirmed,0
n3786,benign_or_unconfirmed,0
WX10988,benign_or_unconfirmed,0
n8262,benign_or_unconfirmed,0
n3338,benign_or_unconfirmed,0
WX10990,benign_or_unconfirmed,0
n8261,benign_or_unconfirmed,0
n3360,benign_or_unconfirmed,0
WX10992,benign_or_unconfirmed,0
n8260,benign_or_unconfirmed,0
n3359,benign_or_unconfirmed,0
WX10994,benign_or_unconfirmed,0
n8259,benign_or_unconfirmed,0
n3358,benign_or_unconfirmed,0
WX10996,benign_or_unconfirmed,0
n8258,benign_or_unconfirmed,0
n3357,benign_or_unconfirmed,0
WX10998,benign_or_unconfirmed,0
n8257,benign_or_unconfirmed,0
n3356,benign_or_unconfirmed,0
WX11000,benign_or_unconfirmed,0
test_so91,benign_or_unconfirmed,0
n3355,benign_or_unconfirmed,0
WX11002,benign_or_unconfirmed,0
test_si92,benign_or_unconfirmed,0
n8254,benign_or_unconfirmed,0
n3354,benign_or_unconfirmed,0
WX11004,benign_or_unconfirmed,0
n8253,benign_or_unconfirmed,0
n3353,benign_or_unconfirmed,0
WX11006,benign_or_unconfirmed,0
n8252,benign_or_unconfirmed,0
n3352,benign_or_unconfirmed,0
WX11008,benign_or_unconfirmed,0
n8251,benign_or_unconfirmed,0
n3351,benign_or_unconfirmed,0
WX11010,benign_or_unconfirmed,0
n8250,benign_or_unconfirmed,0
n3350,benign_or_unconfirmed,0
WX11012,benign_or_unconfirmed,0
n8249,benign_or_unconfirmed,0
n3349,benign_or_unconfirmed,0
WX11014,benign_or_unconfirmed,0
n8248,benign_or_unconfirmed,0
n3348,benign_or_unconfirmed,0
WX11016,benign_or_unconfirmed,0
n8247,benign_or_unconfirmed,0
n3347,benign_or_unconfirmed,0
WX11018,benign_or_unconfirmed,0
n8246,benign_or_unconfirmed,0
n3346,benign_or_unconfirmed,0
WX11020,benign_or_unconfirmed,0
WX11021,benign_or_unconfirmed,0
WX11022,benign_or_unconfirmed,0
WX11023,benign_or_unconfirmed,0
WX11024,benign_or_unconfirmed,0
WX11025,benign_or_unconfirmed,0
WX11026,benign_or_unconfirmed,0
WX11027,benign_or_unconfirmed,0
WX11028,benign_or_unconfirmed,0
WX11029,benign_or_unconfirmed,0
WX11030,benign_or_unconfirmed,0
WX11031,benign_or_unconfirmed,0
WX11032,benign_or_unconfirmed,0
WX11033,benign_or_unconfirmed,0
WX11034,benign_or_unconfirmed,0
test_so92,benign_or_unconfirmed,0
WX11036,benign_or_unconfirmed,0
test_si93,benign_or_unconfirmed,0
WX11037,benign_or_unconfirmed,0
WX11038,benign_or_unconfirmed,0
WX11039,benign_or_unconfirmed,0
WX11040,benign_or_unconfirmed,0
WX11041,benign_or_unconfirmed,0
WX11042,benign_or_unconfirmed,0
WX11043,benign_or_unconfirmed,0
WX11044,benign_or_unconfirmed,0
WX11045,benign_or_unconfirmed,0
WX11046,benign_or_unconfirmed,0
WX11047,benign_or_unconfirmed,0
WX11048,benign_or_unconfirmed,0
WX11049,benign_or_unconfirmed,0
WX11050,benign_or_unconfirmed,0
WX11051,benign_or_unconfirmed,0
WX11052,benign_or_unconfirmed,0
WX11053,benign_or_unconfirmed,0
WX11054,benign_or_unconfirmed,0
WX11055,benign_or_unconfirmed,0
WX11056,benign_or_unconfirmed,0
WX11057,benign_or_unconfirmed,0
WX11058,benign_or_unconfirmed,0
WX11059,benign_or_unconfirmed,0
WX11060,benign_or_unconfirmed,0
WX11061,benign_or_unconfirmed,0
WX11062,benign_or_unconfirmed,0
WX11063,benign_or_unconfirmed,0
WX11064,benign_or_unconfirmed,0
WX11065,benign_or_unconfirmed,0
WX11066,benign_or_unconfirmed,0
WX11067,benign_or_unconfirmed,0
WX11068,benign_or_unconfirmed,0
test_so93,benign_or_unconfirmed,0
WX11070,benign_or_unconfirmed,0
test_si94,benign_or_unconfirmed,0
WX11071,benign_or_unconfirmed,0
WX11072,benign_or_unconfirmed,0
WX11073,benign_or_unconfirmed,0
WX11074,benign_or_unconfirmed,0
WX11075,benign_or_unconfirmed,0
WX11076,benign_or_unconfirmed,0
WX11077,benign_or_unconfirmed,0
WX11078,benign_or_unconfirmed,0
WX11079,benign_or_unconfirmed,0
WX11080,benign_or_unconfirmed,0
WX11081,benign_or_unconfirmed,0
WX11082,benign_or_unconfirmed,0
WX11083,benign_or_unconfirmed,0
WX11084,benign_or_unconfirmed,0
WX11085,benign_or_unconfirmed,0
n3561,benign_or_unconfirmed,0
WX11086,benign_or_unconfirmed,0
WX11087,benign_or_unconfirmed,0
n3559,benign_or_unconfirmed,0
WX11088,benign_or_unconfirmed,0
WX11089,benign_or_unconfirmed,0
n3557,benign_or_unconfirmed,0
WX11090,benign_or_unconfirmed,0
WX11091,benign_or_unconfirmed,0
n3555,benign_or_unconfirmed,0
WX11092,benign_or_unconfirmed,0
WX11093,benign_or_unconfirmed,0
n3553,benign_or_unconfirmed,0
WX11094,benign_or_unconfirmed,0
WX11095,benign_or_unconfirmed,0
n3551,benign_or_unconfirmed,0
WX11096,benign_or_unconfirmed,0
WX11097,benign_or_unconfirmed,0
n3549,benign_or_unconfirmed,0
WX11098,benign_or_unconfirmed,0
WX11099,benign_or_unconfirmed,0
n3547,benign_or_unconfirmed,0
WX11100,benign_or_unconfirmed,0
WX11101,benign_or_unconfirmed,0
n3545,benign_or_unconfirmed,0
WX11102,benign_or_unconfirmed,0
test_so94,benign_or_unconfirmed,0
n3543,benign_or_unconfirmed,0
WX11104,benign_or_unconfirmed,0
test_si95,benign_or_unconfirmed,0
WX11105,benign_or_unconfirmed,0
n3541,benign_or_unconfirmed,0
WX11106,benign_or_unconfirmed,0
WX11107,benign_or_unconfirmed,0
n3539,benign_or_unconfirmed,0
WX11108,benign_or_unconfirmed,0
WX11109,benign_or_unconfirmed,0
n3537,benign_or_unconfirmed,0
WX11110,benign_or_unconfirmed,0
WX11111,benign_or_unconfirmed,0
n3535,benign_or_unconfirmed,0
WX11112,benign_or_unconfirmed,0
WX11113,benign_or_unconfirmed,0
n3533,benign_or_unconfirmed,0
WX11114,benign_or_unconfirmed,0
WX11115,benign_or_unconfirmed,0
n3531,benign_or_unconfirmed,0
WX11116,benign_or_unconfirmed,0
WX11117,benign_or_unconfirmed,0
WX11118,benign_or_unconfirmed,0
WX11119,benign_or_unconfirmed,0
WX11120,benign_or_unconfirmed,0
WX11121,benign_or_unconfirmed,0
WX11122,benign_or_unconfirmed,0
WX11123,benign_or_unconfirmed,0
WX11124,benign_or_unconfirmed,0
WX11125,benign_or_unconfirmed,0
WX11126,benign_or_unconfirmed,0
WX11127,benign_or_unconfirmed,0
WX11128,benign_or_unconfirmed,0
WX11129,benign_or_unconfirmed,0
WX11130,benign_or_unconfirmed,0
WX11131,benign_or_unconfirmed,0
WX11132,benign_or_unconfirmed,0
WX11133,benign_or_unconfirmed,0
WX11134,benign_or_unconfirmed,0
WX11135,benign_or_unconfirmed,0
WX11136,benign_or_unconfirmed,0
test_so95,benign_or_unconfirmed,0
WX11138,benign_or_unconfirmed,0
test_si96,benign_or_unconfirmed,0
WX11139,benign_or_unconfirmed,0
WX11140,benign_or_unconfirmed,0
WX11141,benign_or_unconfirmed,0
WX11142,benign_or_unconfirmed,0
WX11143,benign_or_unconfirmed,0
WX11144,benign_or_unconfirmed,0
WX11145,benign_or_unconfirmed,0
WX11146,benign_or_unconfirmed,0
WX11147,benign_or_unconfirmed,0
WX11148,benign_or_unconfirmed,0
WX11149,benign_or_unconfirmed,0
WX11150,benign_or_unconfirmed,0
WX11151,benign_or_unconfirmed,0
WX11152,benign_or_unconfirmed,0
WX11153,benign_or_unconfirmed,0
WX11154,benign_or_unconfirmed,0
WX11155,victim_control,1
WX11156,benign_or_unconfirmed,0
WX11157,benign_or_unconfirmed,0
WX11158,benign_or_unconfirmed,0
WX11159,benign_or_unconfirmed,0
WX11160,benign_or_unconfirmed,0
WX11161,benign_or_unconfirmed,0
WX11162,benign_or_unconfirmed,0
WX11163,benign_or_unconfirmed,0
WX11164,benign_or_unconfirmed,0
WX11165,benign_or_unconfirmed,0
WX11166,benign_or_unconfirmed,0
WX11167,benign_or_unconfirmed,0
WX11168,benign_or_unconfirmed,0
WX11169,benign_or_unconfirmed,0
WX11170,benign_or_unconfirmed,0
test_so96,benign_or_unconfirmed,0
WX11172,benign_or_unconfirmed,0
test_si97,benign_or_unconfirmed,0
WX11173,benign_or_unconfirmed,0
WX11174,benign_or_unconfirmed,0
WX11175,benign_or_unconfirmed,0
WX11176,benign_or_unconfirmed,0
WX11177,benign_or_unconfirmed,0
WX11178,benign_or_unconfirmed,0
WX11179,benign_or_unconfirmed,0
WX11180,benign_or_unconfirmed,0
WX11181,benign_or_unconfirmed,0
WX11182,benign_or_unconfirmed,0
WX11183,benign_or_unconfirmed,0
WX11184,benign_or_unconfirmed,0
WX11185,benign_or_unconfirmed,0
WX11186,benign_or_unconfirmed,0
WX11187,benign_or_unconfirmed,0
WX11188,benign_or_unconfirmed,0
WX11189,benign_or_unconfirmed,0
WX11190,benign_or_unconfirmed,0
WX11191,benign_or_unconfirmed,0
WX11192,benign_or_unconfirmed,0
WX11193,benign_or_unconfirmed,0
WX11194,benign_or_unconfirmed,0
WX11195,benign_or_unconfirmed,0
WX11196,benign_or_unconfirmed,0
WX11197,benign_or_unconfirmed,0
WX11198,benign_or_unconfirmed,0
WX11199,benign_or_unconfirmed,0
WX11200,benign_or_unconfirmed,0
WX11201,benign_or_unconfirmed,0
WX11202,benign_or_unconfirmed,0
WX11203,benign_or_unconfirmed,0
WX11204,benign_or_unconfirmed,0
test_so97,benign_or_unconfirmed,0
WX11206,benign_or_unconfirmed,0
test_si98,benign_or_unconfirmed,0
WX11207,benign_or_unconfirmed,0
WX11208,benign_or_unconfirmed,0
WX11209,benign_or_unconfirmed,0
WX11210,benign_or_unconfirmed,0
WX11211,benign_or_unconfirmed,0
WX11212,benign_or_unconfirmed,0
WX11213,benign_or_unconfirmed,0
WX11214,benign_or_unconfirmed,0
WX11215,benign_or_unconfirmed,0
WX11216,benign_or_unconfirmed,0
WX11217,benign_or_unconfirmed,0
WX11218,benign_or_unconfirmed,0
WX11219,benign_or_unconfirmed,0
WX11220,benign_or_unconfirmed,0
WX11221,benign_or_unconfirmed,0
WX11222,benign_or_unconfirmed,0
WX11223,benign_or_unconfirmed,0
WX11224,benign_or_unconfirmed,0
WX11225,benign_or_unconfirmed,0
WX11226,benign_or_unconfirmed,0
WX11227,benign_or_unconfirmed,0
WX11228,benign_or_unconfirmed,0
WX11229,benign_or_unconfirmed,0
WX11230,benign_or_unconfirmed,0
WX11231,benign_or_unconfirmed,0
WX11232,benign_or_unconfirmed,0
WX11233,benign_or_unconfirmed,0
WX11234,benign_or_unconfirmed,0
WX11235,benign_or_unconfirmed,0
WX11236,benign_or_unconfirmed,0
WX11237,benign_or_unconfirmed,0
WX11238,benign_or_unconfirmed,0
test_so98,benign_or_unconfirmed,0
WX11240,benign_or_unconfirmed,0
test_si99,benign_or_unconfirmed,0
WX11241,benign_or_unconfirmed,0
WX11242,benign_or_unconfirmed,0
WX11243,benign_or_unconfirmed,0
WX11608,benign_or_unconfirmed,0
CRC_OUT_1_0,benign_or_unconfirmed,0
DFF_1696_n1,benign_or_unconfirmed,0
WX11610,benign_or_unconfirmed,0
CRC_OUT_1_1,benign_or_unconfirmed,0
DFF_1697_n1,benign_or_unconfirmed,0
WX11612,benign_or_unconfirmed,0
CRC_OUT_1_2,benign_or_unconfirmed,0
DFF_1698_n1,benign_or_unconfirmed,0
WX11614,benign_or_unconfirmed,0
CRC_OUT_1_3,benign_or_unconfirmed,0
DFF_1699_n1,benign_or_unconfirmed,0
WX11616,benign_or_unconfirmed,0
CRC_OUT_1_4,benign_or_unconfirmed,0
DFF_1700_n1,benign_or_unconfirmed,0
WX11618,benign_or_unconfirmed,0
CRC_OUT_1_5,benign_or_unconfirmed,0
DFF_1701_n1,benign_or_unconfirmed,0
WX11620,benign_or_unconfirmed,0
CRC_OUT_1_6,benign_or_unconfirmed,0
DFF_1702_n1,benign_or_unconfirmed,0
WX11622,benign_or_unconfirmed,0
CRC_OUT_1_7,benign_or_unconfirmed,0
DFF_1703_n1,benign_or_unconfirmed,0
WX11624,benign_or_unconfirmed,0
CRC_OUT_1_8,benign_or_unconfirmed,0
DFF_1704_n1,benign_or_unconfirmed,0
WX11626,benign_or_unconfirmed,0
CRC_OUT_1_9,benign_or_unconfirmed,0
DFF_1705_n1,benign_or_unconfirmed,0
WX11628,benign_or_unconfirmed,0
CRC_OUT_1_10,benign_or_unconfirmed,0
DFF_1706_n1,benign_or_unconfirmed,0
WX11630,benign_or_unconfirmed,0
CRC_OUT_1_11,benign_or_unconfirmed,0
DFF_1707_n1,benign_or_unconfirmed,0
WX11632,benign_or_unconfirmed,0
CRC_OUT_1_12,benign_or_unconfirmed,0
DFF_1708_n1,benign_or_unconfirmed,0
WX11634,benign_or_unconfirmed,0
CRC_OUT_1_13,benign_or_unconfirmed,0
DFF_1709_n1,benign_or_unconfirmed,0
WX11636,benign_or_unconfirmed,0
CRC_OUT_1_14,benign_or_unconfirmed,0
DFF_1710_n1,benign_or_unconfirmed,0
WX11638,benign_or_unconfirmed,0
test_si100,benign_or_unconfirmed,0
CRC_OUT_1_15,benign_or_unconfirmed,0
DFF_1711_n1,benign_or_unconfirmed,0
WX11640,benign_or_unconfirmed,0
CRC_OUT_1_16,benign_or_unconfirmed,0
DFF_1712_n1,benign_or_unconfirmed,0
WX11642,benign_or_unconfirmed,0
CRC_OUT_1_17,benign_or_unconfirmed,0
DFF_1713_n1,benign_or_unconfirmed,0
WX11644,benign_or_unconfirmed,0
CRC_OUT_1_18,benign_or_unconfirmed,0
DFF_1714_n1,benign_or_unconfirmed,0
WX11646,benign_or_unconfirmed,0
CRC_OUT_1_19,benign_or_unconfirmed,0
DFF_1715_n1,benign_or_unconfirmed,0
WX11648,benign_or_unconfirmed,0
CRC_OUT_1_20,benign_or_unconfirmed,0
DFF_1716_n1,benign_or_unconfirmed,0
WX11650,benign_or_unconfirmed,0
CRC_OUT_1_21,benign_or_unconfirmed,0
DFF_1717_n1,benign_or_unconfirmed,0
WX11652,benign_or_unconfirmed,0
CRC_OUT_1_22,benign_or_unconfirmed,0
DFF_1718_n1,benign_or_unconfirmed,0
WX11654,benign_or_unconfirmed,0
CRC_OUT_1_23,benign_or_unconfirmed,0
DFF_1719_n1,benign_or_unconfirmed,0
WX11656,benign_or_unconfirmed,0
CRC_OUT_1_24,benign_or_unconfirmed,0
DFF_1720_n1,benign_or_unconfirmed,0
WX11658,benign_or_unconfirmed,0
CRC_OUT_1_25,benign_or_unconfirmed,0
DFF_1721_n1,benign_or_unconfirmed,0
WX11660,benign_or_unconfirmed,0
CRC_OUT_1_26,benign_or_unconfirmed,0
DFF_1722_n1,benign_or_unconfirmed,0
WX11662,benign_or_unconfirmed,0
CRC_OUT_1_27,benign_or_unconfirmed,0
DFF_1723_n1,benign_or_unconfirmed,0
WX11664,benign_or_unconfirmed,0
CRC_OUT_1_28,benign_or_unconfirmed,0
DFF_1724_n1,benign_or_unconfirmed,0
WX11666,benign_or_unconfirmed,0
CRC_OUT_1_29,benign_or_unconfirmed,0
DFF_1725_n1,benign_or_unconfirmed,0
WX11668,benign_or_unconfirmed,0
CRC_OUT_1_30,benign_or_unconfirmed,0
DFF_1726_n1,benign_or_unconfirmed,0
WX11670,benign_or_unconfirmed,0
CRC_OUT_1_31,benign_or_unconfirmed,0
DFF_1727_n1,benign_or_unconfirmed,0
n4117,benign_or_unconfirmed,0
n4040,benign_or_unconfirmed,0
n4041,benign_or_unconfirmed,0
n4118,benign_or_unconfirmed,0
n4038,benign_or_unconfirmed,0
n4039,benign_or_unconfirmed,0
n4105,benign_or_unconfirmed,0
n4064,benign_or_unconfirmed,0
n4065,benign_or_unconfirmed,0
n4104,benign_or_unconfirmed,0
n4066,benign_or_unconfirmed,0
n4067,benign_or_unconfirmed,0
n4103,benign_or_unconfirmed,0
n4068,benign_or_unconfirmed,0
n4069,benign_or_unconfirmed,0
n4102,benign_or_unconfirmed,0
n4070,benign_or_unconfirmed,0
n4071,benign_or_unconfirmed,0
n4101,benign_or_unconfirmed,0
n4072,benign_or_unconfirmed,0
n4073,benign_or_unconfirmed,0
n4100,benign_or_unconfirmed,0
n4074,benign_or_unconfirmed,0
n4075,benign_or_unconfirmed,0
n4099,benign_or_unconfirmed,0
n4076,benign_or_unconfirmed,0
n4077,benign_or_unconfirmed,0
n4098,benign_or_unconfirmed,0
n4078,benign_or_unconfirmed,0
n4079,benign_or_unconfirmed,0
n4097,benign_or_unconfirmed,0
n4080,benign_or_unconfirmed,0
n4093,benign_or_unconfirmed,0
n4088,benign_or_unconfirmed,0
n4089,benign_or_unconfirmed,0
n4116,benign_or_unconfirmed,0
n4042,benign_or_unconfirmed,0
n4043,benign_or_unconfirmed,0
n4115,benign_or_unconfirmed,0
n4044,benign_or_unconfirmed,0
n4045,benign_or_unconfirmed,0
n4114,benign_or_unconfirmed,0
n4046,benign_or_unconfirmed,0
n4047,benign_or_unconfirmed,0
n4113,benign_or_unconfirmed,0
n4048,benign_or_unconfirmed,0
n4049,benign_or_unconfirmed,0
n4112,benign_or_unconfirmed,0
n4050,benign_or_unconfirmed,0
n4051,benign_or_unconfirmed,0
n4111,benign_or_unconfirmed,0
n4052,benign_or_unconfirmed,0
n4053,benign_or_unconfirmed,0
n4110,benign_or_unconfirmed,0
n4054,benign_or_unconfirmed,0
n4055,benign_or_unconfirmed,0
n4109,benign_or_unconfirmed,0
n4056,benign_or_unconfirmed,0
n4057,benign_or_unconfirmed,0
n4108,benign_or_unconfirmed,0
n4058,benign_or_unconfirmed,0
n4059,benign_or_unconfirmed,0
n4107,benign_or_unconfirmed,0
n4060,benign_or_unconfirmed,0
n4061,benign_or_unconfirmed,0
n4106,benign_or_unconfirmed,0
n4062,benign_or_unconfirmed,0
n4063,benign_or_unconfirmed,0
n4081,benign_or_unconfirmed,0
n4096,benign_or_unconfirmed,0
n4082,benign_or_unconfirmed,0
n4083,benign_or_unconfirmed,0
n4095,benign_or_unconfirmed,0
n4084,benign_or_unconfirmed,0
n4085,benign_or_unconfirmed,0
n4094,benign_or_unconfirmed,0
n4086,benign_or_unconfirmed,0
n4087,benign_or_unconfirmed,0
n4237,benign_or_unconfirmed,0
n4172,benign_or_unconfirmed,0
n4173,benign_or_unconfirmed,0
n4236,benign_or_unconfirmed,0
n4174,benign_or_unconfirmed,0
n4175,benign_or_unconfirmed,0
n4235,benign_or_unconfirmed,0
n4176,benign_or_unconfirmed,0
n4177,benign_or_unconfirmed,0
n4234,benign_or_unconfirmed,0
n4178,benign_or_unconfirmed,0
n4233,benign_or_unconfirmed,0
n4180,benign_or_unconfirmed,0
n4181,benign_or_unconfirmed,0
n4232,benign_or_unconfirmed,0
n4182,benign_or_unconfirmed,0
n4183,benign_or_unconfirmed,0
n4231,benign_or_unconfirmed,0
n4184,benign_or_unconfirmed,0
n4185,benign_or_unconfirmed,0
n4230,benign_or_unconfirmed,0
n4186,benign_or_unconfirmed,0
n4187,benign_or_unconfirmed,0
n4229,benign_or_unconfirmed,0
n4188,benign_or_unconfirmed,0
n4189,benign_or_unconfirmed,0
n4228,benign_or_unconfirmed,0
n4190,benign_or_unconfirmed,0
n4191,benign_or_unconfirmed,0
n4227,benign_or_unconfirmed,0
n4192,benign_or_unconfirmed,0
n4193,benign_or_unconfirmed,0
n4226,benign_or_unconfirmed,0
n4194,benign_or_unconfirmed,0
n4195,benign_or_unconfirmed,0
n4225,benign_or_unconfirmed,0
n4196,benign_or_unconfirmed,0
n4224,benign_or_unconfirmed,0
n4198,benign_or_unconfirmed,0
n4197,benign_or_unconfirmed,0
n4199,benign_or_unconfirmed,0
n4223,benign_or_unconfirmed,0
n4200,benign_or_unconfirmed,0
n4251,benign_or_unconfirmed,0
n4144,benign_or_unconfirmed,0
n4145,benign_or_unconfirmed,0
n4250,benign_or_unconfirmed,0
n4146,benign_or_unconfirmed,0
n4147,benign_or_unconfirmed,0
n4249,benign_or_unconfirmed,0
n4148,benign_or_unconfirmed,0
n4149,benign_or_unconfirmed,0
n4248,benign_or_unconfirmed,0
n4150,benign_or_unconfirmed,0
n4151,benign_or_unconfirmed,0
n4247,benign_or_unconfirmed,0
n4152,benign_or_unconfirmed,0
n4153,benign_or_unconfirmed,0
n4246,benign_or_unconfirmed,0
n4154,benign_or_unconfirmed,0
n4155,benign_or_unconfirmed,0
n4245,benign_or_unconfirmed,0
n4156,benign_or_unconfirmed,0
n4157,benign_or_unconfirmed,0
n4244,benign_or_unconfirmed,0
n4158,benign_or_unconfirmed,0
n4159,benign_or_unconfirmed,0
n4243,benign_or_unconfirmed,0
n4160,benign_or_unconfirmed,0
n4161,benign_or_unconfirmed,0
n4179,benign_or_unconfirmed,0
n4242,benign_or_unconfirmed,0
n4162,benign_or_unconfirmed,0
n4163,benign_or_unconfirmed,0
n4241,benign_or_unconfirmed,0
n4164,benign_or_unconfirmed,0
n4165,benign_or_unconfirmed,0
n4240,benign_or_unconfirmed,0
n4166,benign_or_unconfirmed,0
n4167,benign_or_unconfirmed,0
n4239,benign_or_unconfirmed,0
n4168,benign_or_unconfirmed,0
n4169,benign_or_unconfirmed,0
n4238,benign_or_unconfirmed,0
n4170,benign_or_unconfirmed,0
n4171,benign_or_unconfirmed,0
n4201,benign_or_unconfirmed,0
n4222,benign_or_unconfirmed,0
n4203,benign_or_unconfirmed,0
n4202,benign_or_unconfirmed,0
n4221,benign_or_unconfirmed,0
n4204,benign_or_unconfirmed,0
n4220,benign_or_unconfirmed,0
n4207,benign_or_unconfirmed,0
n4206,benign_or_unconfirmed,0
n4205,benign_or_unconfirmed,0
n4120,benign_or_unconfirmed,0
n4034,benign_or_unconfirmed,0
n4035,benign_or_unconfirmed,0
n4119,benign_or_unconfirmed,0
n4036,benign_or_unconfirmed,0
n4037,benign_or_unconfirmed,0
n4092,benign_or_unconfirmed,0
n4090,benign_or_unconfirmed,0
n4217,benign_or_unconfirmed,0
n4212,benign_or_unconfirmed,0
n4218,benign_or_unconfirmed,0
n4211,benign_or_unconfirmed,0
n4219,benign_or_unconfirmed,0
n4209,benign_or_unconfirmed,0
n4208,benign_or_unconfirmed,0
n4210,benign_or_unconfirmed,0
n4213,benign_or_unconfirmed,0
n4216,benign_or_unconfirmed,0
n4214,benign_or_unconfirmed,0
n4215,benign_or_unconfirmed,0
n4091,benign_or_unconfirmed,0
n4259,benign_or_unconfirmed,0
n4122,benign_or_unconfirmed,0
n4260,benign_or_unconfirmed,0
n4261,benign_or_unconfirmed,0
n4128,benign_or_unconfirmed,0
n4129,benign_or_unconfirmed,0
n4262,benign_or_unconfirmed,0
n4263,benign_or_unconfirmed,0
n4130,benign_or_unconfirmed,0
n4264,benign_or_unconfirmed,0
n4131,benign_or_unconfirmed,0
n4265,benign_or_unconfirmed,0
n4132,benign_or_unconfirmed,0
n4134,benign_or_unconfirmed,0
n4252,benign_or_unconfirmed,0
n4123,benign_or_unconfirmed,0
n4253,benign_or_unconfirmed,0
n4124,benign_or_unconfirmed,0
n4254,benign_or_unconfirmed,0
n4125,benign_or_unconfirmed,0
n4255,benign_or_unconfirmed,0
n4256,benign_or_unconfirmed,0
n4126,benign_or_unconfirmed,0
n4257,benign_or_unconfirmed,0
n4127,benign_or_unconfirmed,0
n4258,benign_or_unconfirmed,0
n4266,benign_or_unconfirmed,0
n4133,benign_or_unconfirmed,0
n4267,benign_or_unconfirmed,0
n4479,benign_or_unconfirmed,0
n4586,benign_or_unconfirmed,0
n2245,benign_or_unconfirmed,0
n4482,benign_or_unconfirmed,0
n4474,benign_or_unconfirmed,0
n4475,benign_or_unconfirmed,0
n4481,benign_or_unconfirmed,0
n4476,benign_or_unconfirmed,0
n4477,benign_or_unconfirmed,0
n4480,benign_or_unconfirmed,0
n4478,benign_or_unconfirmed,0
n4507,benign_or_unconfirmed,0
n4424,benign_or_unconfirmed,0
n4425,benign_or_unconfirmed,0
n4506,benign_or_unconfirmed,0
n4426,benign_or_unconfirmed,0
n4427,benign_or_unconfirmed,0
n4505,benign_or_unconfirmed,0
n4428,benign_or_unconfirmed,0
n4429,benign_or_unconfirmed,0
n4504,benign_or_unconfirmed,0
n4430,benign_or_unconfirmed,0
n4431,benign_or_unconfirmed,0
n4503,benign_or_unconfirmed,0
n4432,benign_or_unconfirmed,0
n4433,benign_or_unconfirmed,0
n4502,benign_or_unconfirmed,0
n4434,benign_or_unconfirmed,0
n4435,benign_or_unconfirmed,0
n4501,benign_or_unconfirmed,0
n4436,benign_or_unconfirmed,0
n4437,benign_or_unconfirmed,0
n4500,benign_or_unconfirmed,0
n4438,benign_or_unconfirmed,0
n4439,benign_or_unconfirmed,0
n4499,benign_or_unconfirmed,0
n4440,benign_or_unconfirmed,0
n4441,benign_or_unconfirmed,0
n4495,benign_or_unconfirmed,0
n4449,benign_or_unconfirmed,0
n4494,benign_or_unconfirmed,0
n4450,benign_or_unconfirmed,0
n4451,benign_or_unconfirmed,0
n4493,benign_or_unconfirmed,0
n4452,benign_or_unconfirmed,0
n4453,benign_or_unconfirmed,0
n4492,benign_or_unconfirmed,0
n4454,benign_or_unconfirmed,0
n4455,benign_or_unconfirmed,0
n4491,benign_or_unconfirmed,0
n4456,benign_or_unconfirmed,0
n4457,benign_or_unconfirmed,0
n4490,benign_or_unconfirmed,0
n4458,benign_or_unconfirmed,0
n4459,benign_or_unconfirmed,0
n4489,benign_or_unconfirmed,0
n4460,benign_or_unconfirmed,0
n4461,benign_or_unconfirmed,0
n4488,benign_or_unconfirmed,0
n4462,benign_or_unconfirmed,0
n4463,benign_or_unconfirmed,0
n4487,benign_or_unconfirmed,0
n4464,benign_or_unconfirmed,0
n4465,benign_or_unconfirmed,0
n4486,benign_or_unconfirmed,0
n4466,benign_or_unconfirmed,0
n4467,benign_or_unconfirmed,0
n4485,benign_or_unconfirmed,0
n4468,benign_or_unconfirmed,0
n4469,benign_or_unconfirmed,0
n4484,benign_or_unconfirmed,0
n4470,benign_or_unconfirmed,0
n4471,benign_or_unconfirmed,0
n4483,benign_or_unconfirmed,0
n4472,benign_or_unconfirmed,0
n4473,benign_or_unconfirmed,0
n4498,benign_or_unconfirmed,0
n4442,benign_or_unconfirmed,0
n4443,benign_or_unconfirmed,0
n4497,benign_or_unconfirmed,0
n4444,benign_or_unconfirmed,0
n4445,benign_or_unconfirmed,0
n4496,benign_or_unconfirmed,0
n4446,benign_or_unconfirmed,0
n4447,benign_or_unconfirmed,0
n4448,benign_or_unconfirmed,0
n4275,benign_or_unconfirmed,0
n4142,benign_or_unconfirmed,0
n4274,benign_or_unconfirmed,0
n4139,benign_or_unconfirmed,0
n4273,benign_or_unconfirmed,0
n4138,benign_or_unconfirmed,0
n4272,benign_or_unconfirmed,0
n4278,benign_or_unconfirmed,0
n4141,benign_or_unconfirmed,0
n4277,benign_or_unconfirmed,0
n4276,benign_or_unconfirmed,0
n4140,benign_or_unconfirmed,0
n4137,benign_or_unconfirmed,0
n4271,benign_or_unconfirmed,0
n4136,benign_or_unconfirmed,0
n4121,benign_or_unconfirmed,0
n4269,benign_or_unconfirmed,0
n4135,benign_or_unconfirmed,0
n4268,benign_or_unconfirmed,0
n4679,benign_or_unconfirmed,0
n4558,benign_or_unconfirmed,0
n4377,benign_or_unconfirmed,0
n4312,benign_or_unconfirmed,0
n4313,benign_or_unconfirmed,0
n4376,benign_or_unconfirmed,0
n4314,benign_or_unconfirmed,0
n4315,benign_or_unconfirmed,0
n4375,benign_or_unconfirmed,0
n4316,benign_or_unconfirmed,0
n4317,benign_or_unconfirmed,0
n4374,benign_or_unconfirmed,0
n4318,benign_or_unconfirmed,0
n4373,benign_or_unconfirmed,0
n4320,benign_or_unconfirmed,0
n4321,benign_or_unconfirmed,0
n4372,benign_or_unconfirmed,0
n4322,benign_or_unconfirmed,0
n4323,benign_or_unconfirmed,0
n4371,benign_or_unconfirmed,0
n4324,benign_or_unconfirmed,0
n4325,benign_or_unconfirmed,0
n4370,benign_or_unconfirmed,0
n4326,benign_or_unconfirmed,0
n4327,benign_or_unconfirmed,0
n4369,benign_or_unconfirmed,0
n4328,benign_or_unconfirmed,0
n4329,benign_or_unconfirmed,0
n4368,benign_or_unconfirmed,0
n4330,benign_or_unconfirmed,0
n4331,benign_or_unconfirmed,0
n4367,benign_or_unconfirmed,0
n4332,benign_or_unconfirmed,0
n4333,benign_or_unconfirmed,0
n4366,benign_or_unconfirmed,0
n4334,benign_or_unconfirmed,0
n4335,benign_or_unconfirmed,0
n4365,benign_or_unconfirmed,0
n4336,benign_or_unconfirmed,0
n4364,benign_or_unconfirmed,0
n4338,benign_or_unconfirmed,0
n4337,benign_or_unconfirmed,0
n4339,benign_or_unconfirmed,0
n4363,benign_or_unconfirmed,0
n4340,benign_or_unconfirmed,0
n4391,benign_or_unconfirmed,0
n4284,benign_or_unconfirmed,0
n4285,benign_or_unconfirmed,0
n4390,benign_or_unconfirmed,0
n4286,benign_or_unconfirmed,0
n4287,benign_or_unconfirmed,0
n4389,benign_or_unconfirmed,0
n4288,benign_or_unconfirmed,0
n4289,benign_or_unconfirmed,0
n4388,benign_or_unconfirmed,0
n4290,benign_or_unconfirmed,0
n4291,benign_or_unconfirmed,0
n4387,benign_or_unconfirmed,0
n4292,benign_or_unconfirmed,0
n4293,benign_or_unconfirmed,0
n4386,benign_or_unconfirmed,0
n4294,benign_or_unconfirmed,0
n4295,benign_or_unconfirmed,0
n4385,benign_or_unconfirmed,0
n4296,benign_or_unconfirmed,0
n4297,benign_or_unconfirmed,0
n4384,benign_or_unconfirmed,0
n4298,benign_or_unconfirmed,0
n4299,benign_or_unconfirmed,0
n4383,benign_or_unconfirmed,0
n4300,benign_or_unconfirmed,0
n4301,benign_or_unconfirmed,0
n4319,benign_or_unconfirmed,0
n4382,benign_or_unconfirmed,0
n4302,benign_or_unconfirmed,0
n4303,benign_or_unconfirmed,0
n4381,benign_or_unconfirmed,0
n4304,benign_or_unconfirmed,0
n4305,benign_or_unconfirmed,0
n4380,benign_or_unconfirmed,0
n4306,benign_or_unconfirmed,0
n4307,benign_or_unconfirmed,0
n4379,benign_or_unconfirmed,0
n4308,benign_or_unconfirmed,0
n4309,benign_or_unconfirmed,0
n4378,benign_or_unconfirmed,0
n4310,benign_or_unconfirmed,0
n4311,benign_or_unconfirmed,0
n4341,benign_or_unconfirmed,0
n4362,benign_or_unconfirmed,0
n4343,benign_or_unconfirmed,0
n4342,benign_or_unconfirmed,0
n4361,benign_or_unconfirmed,0
n4344,benign_or_unconfirmed,0
n4360,benign_or_unconfirmed,0
n4347,benign_or_unconfirmed,0
n4346,benign_or_unconfirmed,0
n4345,benign_or_unconfirmed,0
n2153,benign_or_unconfirmed,0
n4281,benign_or_unconfirmed,0
n4282,benign_or_unconfirmed,0
n4279,benign_or_unconfirmed,0
n4280,benign_or_unconfirmed,0
n4143,benign_or_unconfirmed,0
n4270,benign_or_unconfirmed,0
n4521,benign_or_unconfirmed,0
n4520,benign_or_unconfirmed,0
n4508,benign_or_unconfirmed,0
n4509,benign_or_unconfirmed,0
n4510,benign_or_unconfirmed,0
n4511,benign_or_unconfirmed,0
n4512,benign_or_unconfirmed,0
n4514,benign_or_unconfirmed,0
n4515,benign_or_unconfirmed,0
n4516,benign_or_unconfirmed,0
n4517,benign_or_unconfirmed,0
n4518,benign_or_unconfirmed,0
n4519,benign_or_unconfirmed,0
n4513,benign_or_unconfirmed,0
n4667,benign_or_unconfirmed,0
n4581,benign_or_unconfirmed,0
n4582,benign_or_unconfirmed,0
n4666,benign_or_unconfirmed,0
n4583,benign_or_unconfirmed,0
n4665,benign_or_unconfirmed,0
n4585,benign_or_unconfirmed,0
n4664,benign_or_unconfirmed,0
n4587,benign_or_unconfirmed,0
n4654,benign_or_unconfirmed,0
n4608,benign_or_unconfirmed,0
n4653,benign_or_unconfirmed,0
n4609,benign_or_unconfirmed,0
n4610,benign_or_unconfirmed,0
n4652,benign_or_unconfirmed,0
n4611,benign_or_unconfirmed,0
n4612,benign_or_unconfirmed,0
n4651,benign_or_unconfirmed,0
n4613,benign_or_unconfirmed,0
n4607,benign_or_unconfirmed,0
n4641,benign_or_unconfirmed,0
n4634,benign_or_unconfirmed,0
n4640,benign_or_unconfirmed,0
n4635,benign_or_unconfirmed,0
n4636,benign_or_unconfirmed,0
n4649,benign_or_unconfirmed,0
n4617,benign_or_unconfirmed,0
n4618,benign_or_unconfirmed,0
n4648,benign_or_unconfirmed,0
n4619,benign_or_unconfirmed,0
n4620,benign_or_unconfirmed,0
n4647,benign_or_unconfirmed,0
n4621,benign_or_unconfirmed,0
n4645,benign_or_unconfirmed,0
n4625,benign_or_unconfirmed,0
n4626,benign_or_unconfirmed,0
n4644,benign_or_unconfirmed,0
n4627,benign_or_unconfirmed,0
n4669,benign_or_unconfirmed,0
n4578,benign_or_unconfirmed,0
n4577,benign_or_unconfirmed,0
n4670,benign_or_unconfirmed,0
n4576,benign_or_unconfirmed,0
n4575,benign_or_unconfirmed,0
n4671,benign_or_unconfirmed,0
n4573,benign_or_unconfirmed,0
n4672,benign_or_unconfirmed,0
n4572,benign_or_unconfirmed,0
n4574,benign_or_unconfirmed,0
n4588,benign_or_unconfirmed,0
n4663,benign_or_unconfirmed,0
n4589,benign_or_unconfirmed,0
n4590,benign_or_unconfirmed,0
n4662,benign_or_unconfirmed,0
n4591,benign_or_unconfirmed,0
n4592,benign_or_unconfirmed,0
n4661,benign_or_unconfirmed,0
n4593,benign_or_unconfirmed,0
n4594,benign_or_unconfirmed,0
n4660,benign_or_unconfirmed,0
n4595,benign_or_unconfirmed,0
n4584,benign_or_unconfirmed,0
n4668,benign_or_unconfirmed,0
n4579,benign_or_unconfirmed,0
n4580,benign_or_unconfirmed,0
n4614,benign_or_unconfirmed,0
n4650,benign_or_unconfirmed,0
n4615,benign_or_unconfirmed,0
n4616,benign_or_unconfirmed,0
n4596,benign_or_unconfirmed,0
n4659,benign_or_unconfirmed,0
n4597,benign_or_unconfirmed,0
n4598,benign_or_unconfirmed,0
n4658,benign_or_unconfirmed,0
n4599,benign_or_unconfirmed,0
n4600,benign_or_unconfirmed,0
n4657,benign_or_unconfirmed,0
n4601,benign_or_unconfirmed,0
n4602,benign_or_unconfirmed,0
n4656,benign_or_unconfirmed,0
n4603,benign_or_unconfirmed,0
n4604,benign_or_unconfirmed,0
n4655,benign_or_unconfirmed,0
n4605,benign_or_unconfirmed,0
n4606,benign_or_unconfirmed,0
n4628,benign_or_unconfirmed,0
n4643,benign_or_unconfirmed,0
n4629,benign_or_unconfirmed,0
n4630,benign_or_unconfirmed,0
n4642,benign_or_unconfirmed,0
n4631,benign_or_unconfirmed,0
n4632,benign_or_unconfirmed,0
n4633,benign_or_unconfirmed,0
n4622,benign_or_unconfirmed,0
n4646,benign_or_unconfirmed,0
n4623,benign_or_unconfirmed,0
n4624,benign_or_unconfirmed,0
n4678,benign_or_unconfirmed,0
n4559,benign_or_unconfirmed,0
n4677,benign_or_unconfirmed,0
n4561,benign_or_unconfirmed,0
n4557,benign_or_unconfirmed,0
n4675,benign_or_unconfirmed,0
n4565,benign_or_unconfirmed,0
n4676,benign_or_unconfirmed,0
n4564,benign_or_unconfirmed,0
n4680,benign_or_unconfirmed,0
n4556,benign_or_unconfirmed,0
n4563,benign_or_unconfirmed,0
n4562,benign_or_unconfirmed,0
n4560,benign_or_unconfirmed,0
n4674,benign_or_unconfirmed,0
n4568,benign_or_unconfirmed,0
n4673,benign_or_unconfirmed,0
n4570,benign_or_unconfirmed,0
n4569,benign_or_unconfirmed,0
n4566,benign_or_unconfirmed,0
n4567,benign_or_unconfirmed,0
n4692,benign_or_unconfirmed,0
n4532,benign_or_unconfirmed,0
n4531,benign_or_unconfirmed,0
n4683,benign_or_unconfirmed,0
n4549,benign_or_unconfirmed,0
n4550,benign_or_unconfirmed,0
n4682,benign_or_unconfirmed,0
n4551,benign_or_unconfirmed,0
n4688,benign_or_unconfirmed,0
n4540,benign_or_unconfirmed,0
n4687,benign_or_unconfirmed,0
n4541,benign_or_unconfirmed,0
n4684,benign_or_unconfirmed,0
n4547,benign_or_unconfirmed,0
n4685,benign_or_unconfirmed,0
n4545,benign_or_unconfirmed,0
n4693,benign_or_unconfirmed,0
n4529,benign_or_unconfirmed,0
n4555,benign_or_unconfirmed,0
n4552,benign_or_unconfirmed,0
n4681,benign_or_unconfirmed,0
n4554,benign_or_unconfirmed,0
n4553,benign_or_unconfirmed,0
n4548,benign_or_unconfirmed,0
n4530,benign_or_unconfirmed,0
n4689,benign_or_unconfirmed,0
n4537,benign_or_unconfirmed,0
n4538,benign_or_unconfirmed,0
n4546,benign_or_unconfirmed,0
n4686,benign_or_unconfirmed,0
n4544,benign_or_unconfirmed,0
n4543,benign_or_unconfirmed,0
n4542,benign_or_unconfirmed,0
n4539,benign_or_unconfirmed,0
n4690,benign_or_unconfirmed,0
n4535,benign_or_unconfirmed,0
n4691,benign_or_unconfirmed,0
n4534,benign_or_unconfirmed,0
n4533,benign_or_unconfirmed,0
n4536,benign_or_unconfirmed,0
n4571,benign_or_unconfirmed,0
n3278,benign_or_unconfirmed,0
n4766,benign_or_unconfirmed,0
n4743,benign_or_unconfirmed,0
n4357,benign_or_unconfirmed,0
n4352,benign_or_unconfirmed,0
n4358,benign_or_unconfirmed,0
n4351,benign_or_unconfirmed,0
n4359,benign_or_unconfirmed,0
n4349,benign_or_unconfirmed,0
n4348,benign_or_unconfirmed,0
n4350,benign_or_unconfirmed,0
n4353,benign_or_unconfirmed,0
n4356,benign_or_unconfirmed,0
n4354,benign_or_unconfirmed,0
n4355,benign_or_unconfirmed,0
n4283,benign_or_unconfirmed,0
n2152,benign_or_unconfirmed,0
n4522,benign_or_unconfirmed,0
n4528,benign_or_unconfirmed,0
n4527,benign_or_unconfirmed,0
n4525,benign_or_unconfirmed,0
n4524,benign_or_unconfirmed,0
n4523,benign_or_unconfirmed,0
n4526,benign_or_unconfirmed,0
n4399,benign_or_unconfirmed,0
n4400,benign_or_unconfirmed,0
n4401,benign_or_unconfirmed,0
n4402,benign_or_unconfirmed,0
n4403,benign_or_unconfirmed,0
n4404,benign_or_unconfirmed,0
n4405,benign_or_unconfirmed,0
n4392,benign_or_unconfirmed,0
n4393,benign_or_unconfirmed,0
n4394,benign_or_unconfirmed,0
n4701,benign_or_unconfirmed,0
n4395,benign_or_unconfirmed,0
n4396,benign_or_unconfirmed,0
n4397,benign_or_unconfirmed,0
n4398,benign_or_unconfirmed,0
n4406,benign_or_unconfirmed,0
n4407,benign_or_unconfirmed,0
n4639,benign_or_unconfirmed,0
n4637,benign_or_unconfirmed,0
n4638,benign_or_unconfirmed,0
n4694,benign_or_unconfirmed,0
n4707,benign_or_unconfirmed,0
n4708,benign_or_unconfirmed,0
n4714,benign_or_unconfirmed,0
n4699,benign_or_unconfirmed,0
n4713,benign_or_unconfirmed,0
n4720,benign_or_unconfirmed,0
n4716,benign_or_unconfirmed,0
n4700,benign_or_unconfirmed,0
n4718,benign_or_unconfirmed,0
n4698,benign_or_unconfirmed,0
n4696,benign_or_unconfirmed,0
n4706,benign_or_unconfirmed,0
n4705,benign_or_unconfirmed,0
n4702,benign_or_unconfirmed,0
n4697,benign_or_unconfirmed,0
n4709,benign_or_unconfirmed,0
n4710,benign_or_unconfirmed,0
n4704,benign_or_unconfirmed,0
n4703,benign_or_unconfirmed,0
n4695,benign_or_unconfirmed,0
n4715,benign_or_unconfirmed,0
n4711,benign_or_unconfirmed,0
n4712,benign_or_unconfirmed,0
n4719,benign_or_unconfirmed,0
n4717,benign_or_unconfirmed,0
n4753,benign_or_unconfirmed,0
n4771,benign_or_unconfirmed,0
n4774,benign_or_unconfirmed,0
n2148,benign_or_unconfirmed,0
n4415,benign_or_unconfirmed,0
n4414,benign_or_unconfirmed,0
n4413,benign_or_unconfirmed,0
n4409,benign_or_unconfirmed,0
n4412,benign_or_unconfirmed,0
n4418,benign_or_unconfirmed,0
n4417,benign_or_unconfirmed,0
n4732,benign_or_unconfirmed,0
n4416,benign_or_unconfirmed,0
n4411,benign_or_unconfirmed,0
n4408,benign_or_unconfirmed,0
n4754,benign_or_unconfirmed,0
n4744,benign_or_unconfirmed,0
n4755,benign_or_unconfirmed,0
n4745,benign_or_unconfirmed,0
n4756,benign_or_unconfirmed,0
n4746,benign_or_unconfirmed,0
n4757,benign_or_unconfirmed,0
n4747,benign_or_unconfirmed,0
n4758,benign_or_unconfirmed,0
n4748,benign_or_unconfirmed,0
n4759,benign_or_unconfirmed,0
n4749,benign_or_unconfirmed,0
n4772,benign_or_unconfirmed,0
n4768,benign_or_unconfirmed,0
n4770,benign_or_unconfirmed,0
n4767,benign_or_unconfirmed,0
n4725,benign_or_unconfirmed,0
n4724,benign_or_unconfirmed,0
n4733,benign_or_unconfirmed,0
n4735,benign_or_unconfirmed,0
n4730,benign_or_unconfirmed,0
n4731,benign_or_unconfirmed,0
n4728,benign_or_unconfirmed,0
n4734,benign_or_unconfirmed,0
n4729,benign_or_unconfirmed,0
n4727,benign_or_unconfirmed,0
n4726,benign_or_unconfirmed,0
n4723,benign_or_unconfirmed,0
n4722,benign_or_unconfirmed,0
n4721,benign_or_unconfirmed,0
n4752,benign_or_unconfirmed,0
n4775,benign_or_unconfirmed,0
n4779,benign_or_unconfirmed,0
TM0,benign_or_unconfirmed,0
TM1,benign_or_unconfirmed,0
n4763,benign_or_unconfirmed,0
n4764,benign_or_unconfirmed,0
n4778,benign_or_unconfirmed,0
n4773,benign_or_unconfirmed,0
n4421,benign_or_unconfirmed,0
n4422,benign_or_unconfirmed,0
n4419,benign_or_unconfirmed,0
n4737,benign_or_unconfirmed,0
n4420,benign_or_unconfirmed,0
n4410,benign_or_unconfirmed,0
n4760,benign_or_unconfirmed,0
n4750,benign_or_unconfirmed,0
n4776,benign_or_unconfirmed,0
n4769,benign_or_unconfirmed,0
n4739,benign_or_unconfirmed,0
n4738,benign_or_unconfirmed,0
n4736,benign_or_unconfirmed,0
n4741,benign_or_unconfirmed,0
n4740,benign_or_unconfirmed,0
n4742,benign_or_unconfirmed,0
n4762,benign_or_unconfirmed,0
n4777,benign_or_unconfirmed,0
n4780,benign_or_unconfirmed,0
n4761,benign_or_unconfirmed,0
n4751,benign_or_unconfirmed,0
n2149,benign_or_unconfirmed,0
n1729,benign_or_unconfirmed,0
n4423,benign_or_unconfirmed,0
n3179,benign_or_unconfirmed,0
n2532,benign_or_unconfirmed,0
DATA_9_9,benign_or_unconfirmed,0
n3161,benign_or_unconfirmed,0
n2529,benign_or_unconfirmed,0
DATA_9_8,benign_or_unconfirmed,0
n3159,benign_or_unconfirmed,0
n2526,benign_or_unconfirmed,0
DATA_9_7,benign_or_unconfirmed,0
n3157,benign_or_unconfirmed,0
n2523,benign_or_unconfirmed,0
DATA_9_6,benign_or_unconfirmed,0
n3155,benign_or_unconfirmed,0
n2520,benign_or_unconfirmed,0
DATA_9_5,benign_or_unconfirmed,0
n3153,benign_or_unconfirmed,0
n2517,benign_or_unconfirmed,0
DATA_9_4,benign_or_unconfirmed,0
n3336,benign_or_unconfirmed,0
n2630,benign_or_unconfirmed,0
DATA_9_31,benign_or_unconfirmed,0
n3334,benign_or_unconfirmed,0
n2615,benign_or_unconfirmed,0
DATA_9_30,benign_or_unconfirmed,0
n3151,benign_or_unconfirmed,0
n2514,benign_or_unconfirmed,0
DATA_9_3,benign_or_unconfirmed,0
n3332,benign_or_unconfirmed,0
n2602,benign_or_unconfirmed,0
DATA_9_29,benign_or_unconfirmed,0
n3330,benign_or_unconfirmed,0
n2589,benign_or_unconfirmed,0
DATA_9_28,benign_or_unconfirmed,0
n3296,benign_or_unconfirmed,0
n2586,benign_or_unconfirmed,0
DATA_9_27,benign_or_unconfirmed,0
n3294,benign_or_unconfirmed,0
n2583,benign_or_unconfirmed,0
DATA_9_26,benign_or_unconfirmed,0
n3292,benign_or_unconfirmed,0
n2580,benign_or_unconfirmed,0
DATA_9_25,benign_or_unconfirmed,0
n3290,benign_or_unconfirmed,0
n2577,benign_or_unconfirmed,0
DATA_9_24,benign_or_unconfirmed,0
n3288,benign_or_unconfirmed,0
n2574,benign_or_unconfirmed,0
DATA_9_23,benign_or_unconfirmed,0
n3286,benign_or_unconfirmed,0
n2571,benign_or_unconfirmed,0
DATA_9_22,benign_or_unconfirmed,0
n3284,benign_or_unconfirmed,0
n2568,benign_or_unconfirmed,0
DATA_9_21,benign_or_unconfirmed,0
n3282,benign_or_unconfirmed,0
n2565,benign_or_unconfirmed,0
DATA_9_20,benign_or_unconfirmed,0
n3149,benign_or_unconfirmed,0
n2511,benign_or_unconfirmed,0
DATA_9_2,benign_or_unconfirmed,0
n3280,benign_or_unconfirmed,0
n2562,benign_or_unconfirmed,0
DATA_9_19,benign_or_unconfirmed,0
n3255,benign_or_unconfirmed,0
n2559,benign_or_unconfirmed,0
DATA_9_18,benign_or_unconfirmed,0
n3211,benign_or_unconfirmed,0
n2556,benign_or_unconfirmed,0
DATA_9_17,benign_or_unconfirmed,0
n3209,benign_or_unconfirmed,0
n2553,benign_or_unconfirmed,0
DATA_9_16,benign_or_unconfirmed,0
n3207,benign_or_unconfirmed,0
n2550,benign_or_unconfirmed,0
DATA_9_15,benign_or_unconfirmed,0
n3205,benign_or_unconfirmed,0
n2547,benign_or_unconfirmed,0
DATA_9_14,benign_or_unconfirmed,0
n3203,benign_or_unconfirmed,0
n2544,benign_or_unconfirmed,0
DATA_9_13,benign_or_unconfirmed,0
n3201,benign_or_unconfirmed,0
n2541,benign_or_unconfirmed,0
DATA_9_12,benign_or_unconfirmed,0
n3199,benign_or_unconfirmed,0
n2538,benign_or_unconfirmed,0
DATA_9_11,benign_or_unconfirmed,0
n3197,benign_or_unconfirmed,0
n2535,benign_or_unconfirmed,0
DATA_9_10,benign_or_unconfirmed,0
n3147,benign_or_unconfirmed,0
n2508,benign_or_unconfirmed,0
DATA_9_1,benign_or_unconfirmed,0
n3145,benign_or_unconfirmed,0
n2505,benign_or_unconfirmed,0
DATA_9_0,benign_or_unconfirmed,0
RESET,benign_or_unconfirmed,0
n4765,benign_or_unconfirmed,0
n3466,benign_or_unconfirmed,0
n3468,benign_or_unconfirmed,0
n3470,benign_or_unconfirmed,0
n3472,benign_or_unconfirmed,0
n3474,benign_or_unconfirmed,0
n3476,benign_or_unconfirmed,0
n3478,benign_or_unconfirmed,0
n3480,benign_or_unconfirmed,0
n3482,benign_or_unconfirmed,0
n3484,benign_or_unconfirmed,0
n3486,benign_or_unconfirmed,0
n3488,benign_or_unconfirmed,0
n3490,benign_or_unconfirmed,0
n3492,benign_or_unconfirmed,0
n3494,benign_or_unconfirmed,0
n3496,benign_or_unconfirmed,0
n3498,benign_or_unconfirmed,0
n3500,benign_or_unconfirmed,0
n3502,benign_or_unconfirmed,0
n3504,benign_or_unconfirmed,0
n3506,benign_or_unconfirmed,0
n3508,benign_or_unconfirmed,0
n3510,benign_or_unconfirmed,0
n3512,benign_or_unconfirmed,0
n3514,benign_or_unconfirmed,0
n3516,benign_or_unconfirmed,0
n3518,benign_or_unconfirmed,0
n3520,benign_or_unconfirmed,0
n3522,benign_or_unconfirmed,0
n3524,benign_or_unconfirmed,0
n3526,benign_or_unconfirmed,0
n3528,benign_or_unconfirmed,0
n2154,benign_or_unconfirmed,0
n3213,benign_or_unconfirmed,0
DATA_0_0,benign_or_unconfirmed,0
n2157,benign_or_unconfirmed,0
n3215,benign_or_unconfirmed,0
DATA_0_1,benign_or_unconfirmed,0
n2160,benign_or_unconfirmed,0
n3217,benign_or_unconfirmed,0
DATA_0_2,benign_or_unconfirmed,0
n2163,benign_or_unconfirmed,0
n3219,benign_or_unconfirmed,0
DATA_0_3,benign_or_unconfirmed,0
n2166,benign_or_unconfirmed,0
n3221,benign_or_unconfirmed,0
DATA_0_4,benign_or_unconfirmed,0
n2169,benign_or_unconfirmed,0
n3223,benign_or_unconfirmed,0
DATA_0_5,benign_or_unconfirmed,0
n2172,benign_or_unconfirmed,0
n3225,benign_or_unconfirmed,0
DATA_0_6,benign_or_unconfirmed,0
n2175,benign_or_unconfirmed,0
n3227,benign_or_unconfirmed,0
DATA_0_7,benign_or_unconfirmed,0
n2178,benign_or_unconfirmed,0
n3229,benign_or_unconfirmed,0
DATA_0_8,benign_or_unconfirmed,0
n2181,benign_or_unconfirmed,0
n3231,benign_or_unconfirmed,0
DATA_0_9,benign_or_unconfirmed,0
n2184,benign_or_unconfirmed,0
n3233,benign_or_unconfirmed,0
DATA_0_10,benign_or_unconfirmed,0
n2187,benign_or_unconfirmed,0
n3235,benign_or_unconfirmed,0
DATA_0_11,benign_or_unconfirmed,0
n2190,benign_or_unconfirmed,0
n3237,benign_or_unconfirmed,0
DATA_0_12,benign_or_unconfirmed,0
n2193,benign_or_unconfirmed,0
n3239,benign_or_unconfirmed,0
DATA_0_13,benign_or_unconfirmed,0
n2196,benign_or_unconfirmed,0
n3241,benign_or_unconfirmed,0
DATA_0_14,benign_or_unconfirmed,0
n2199,benign_or_unconfirmed,0
n3243,benign_or_unconfirmed,0
DATA_0_15,benign_or_unconfirmed,0
n2202,benign_or_unconfirmed,0
n3245,benign_or_unconfirmed,0
DATA_0_16,benign_or_unconfirmed,0
n2205,benign_or_unconfirmed,0
n3247,benign_or_unconfirmed,0
DATA_0_17,benign_or_unconfirmed,0
n2208,benign_or_unconfirmed,0
n3249,benign_or_unconfirmed,0
DATA_0_18,benign_or_unconfirmed,0
n2211,benign_or_unconfirmed,0
n3251,benign_or_unconfirmed,0
DATA_0_19,benign_or_unconfirmed,0
n2214,benign_or_unconfirmed,0
n3253,benign_or_unconfirmed,0
DATA_0_20,benign_or_unconfirmed,0
n2217,benign_or_unconfirmed,0
n3257,benign_or_unconfirmed,0
DATA_0_21,benign_or_unconfirmed,0
n2220,benign_or_unconfirmed,0
n3259,benign_or_unconfirmed,0
DATA_0_22,benign_or_unconfirmed,0
n2223,benign_or_unconfirmed,0
n3261,benign_or_unconfirmed,0
DATA_0_23,benign_or_unconfirmed,0
n2226,benign_or_unconfirmed,0
n3263,benign_or_unconfirmed,0
DATA_0_24,benign_or_unconfirmed,0
n2229,benign_or_unconfirmed,0
n3265,benign_or_unconfirmed,0
DATA_0_25,benign_or_unconfirmed,0
n2232,benign_or_unconfirmed,0
n3267,benign_or_unconfirmed,0
DATA_0_26,benign_or_unconfirmed,0
n2235,benign_or_unconfirmed,0
n3269,benign_or_unconfirmed,0
DATA_0_27,benign_or_unconfirmed,0
n2238,benign_or_unconfirmed,0
n3271,benign_or_unconfirmed,0
DATA_0_28,benign_or_unconfirmed,0
n2241,benign_or_unconfirmed,0
n3273,benign_or_unconfirmed,0
DATA_0_29,benign_or_unconfirmed,0
n2244,benign_or_unconfirmed,0
n3275,benign_or_unconfirmed,0
DATA_0_30,benign_or_unconfirmed,0
n2150,benign_or_unconfirmed,0
n2151,benign_or_unconfirmed,0
n2155,benign_or_unconfirmed,0
n2156,benign_or_unconfirmed,0
n2158,benign_or_unconfirmed,0
n2159,benign_or_unconfirmed,0
n2161,benign_or_unconfirmed,0
n2162,benign_or_unconfirmed,0
n2164,benign_or_unconfirmed,0
n2165,benign_or_unconfirmed,0
n2167,benign_or_unconfirmed,0
n2168,benign_or_unconfirmed,0
n2170,benign_or_unconfirmed,0
n2171,benign_or_unconfirmed,0
n2173,benign_or_unconfirmed,0
n2174,benign_or_unconfirmed,0
n2176,benign_or_unconfirmed,0
n2177,benign_or_unconfirmed,0
n2179,benign_or_unconfirmed,0
n2180,benign_or_unconfirmed,0
n2182,benign_or_unconfirmed,0
n2183,benign_or_unconfirmed,0
n2185,benign_or_unconfirmed,0
n2186,benign_or_unconfirmed,0
n2188,benign_or_unconfirmed,0
n2189,benign_or_unconfirmed,0
n2191,benign_or_unconfirmed,0
n2192,benign_or_unconfirmed,0
n2194,benign_or_unconfirmed,0
n2195,benign_or_unconfirmed,0
n2197,benign_or_unconfirmed,0
n2198,benign_or_unconfirmed,0
n2200,benign_or_unconfirmed,0
n2201,benign_or_unconfirmed,0
n2203,benign_or_unconfirmed,0
n2204,benign_or_unconfirmed,0
n2206,benign_or_unconfirmed,0
n2207,benign_or_unconfirmed,0
n2209,benign_or_unconfirmed,0
n2210,benign_or_unconfirmed,0
n2212,benign_or_unconfirmed,0
n2213,benign_or_unconfirmed,0
n2215,benign_or_unconfirmed,0
n2216,benign_or_unconfirmed,0
n2218,benign_or_unconfirmed,0
n2219,benign_or_unconfirmed,0
n2221,benign_or_unconfirmed,0
n2222,benign_or_unconfirmed,0
n2224,benign_or_unconfirmed,0
n2225,benign_or_unconfirmed,0
n2227,benign_or_unconfirmed,0
n2228,benign_or_unconfirmed,0
n2230,benign_or_unconfirmed,0
n2231,benign_or_unconfirmed,0
n2233,benign_or_unconfirmed,0
n2234,benign_or_unconfirmed,0
n2236,benign_or_unconfirmed,0
n2237,benign_or_unconfirmed,0
n2239,benign_or_unconfirmed,0
n2240,benign_or_unconfirmed,0
n2242,benign_or_unconfirmed,0
n2243,benign_or_unconfirmed,0
n2246,benign_or_unconfirmed,0
n2247,benign_or_unconfirmed,0
n2248,benign_or_unconfirmed,0
n2281,benign_or_unconfirmed,0
n2282,benign_or_unconfirmed,0
n2284,benign_or_unconfirmed,0
n2285,benign_or_unconfirmed,0
n2287,benign_or_unconfirmed,0
n2288,benign_or_unconfirmed,0
n2290,benign_or_unconfirmed,0
n2291,benign_or_unconfirmed,0
n2293,benign_or_unconfirmed,0
n2294,benign_or_unconfirmed,0
n2296,benign_or_unconfirmed,0
n2297,benign_or_unconfirmed,0
n2299,benign_or_unconfirmed,0
n2300,benign_or_unconfirmed,0
n2302,benign_or_unconfirmed,0
n2303,benign_or_unconfirmed,0
n2305,benign_or_unconfirmed,0
n2306,benign_or_unconfirmed,0
n2308,benign_or_unconfirmed,0
n2309,benign_or_unconfirmed,0
n2311,benign_or_unconfirmed,0
n2312,benign_or_unconfirmed,0
n2314,benign_or_unconfirmed,0
n2315,benign_or_unconfirmed,0
n2317,benign_or_unconfirmed,0
n2318,benign_or_unconfirmed,0
n2320,benign_or_unconfirmed,0
n2321,benign_or_unconfirmed,0
n2323,benign_or_unconfirmed,0
n2324,benign_or_unconfirmed,0
n2326,benign_or_unconfirmed,0
n2327,benign_or_unconfirmed,0
n2329,benign_or_unconfirmed,0
n2330,benign_or_unconfirmed,0
n2332,benign_or_unconfirmed,0
n2333,benign_or_unconfirmed,0
n2335,benign_or_unconfirmed,0
n2336,benign_or_unconfirmed,0
n2338,benign_or_unconfirmed,0
n2339,benign_or_unconfirmed,0
n2341,benign_or_unconfirmed,0
n2342,benign_or_unconfirmed,0
n2344,benign_or_unconfirmed,0
n2345,benign_or_unconfirmed,0
n2347,benign_or_unconfirmed,0
n2348,benign_or_unconfirmed,0
n2350,benign_or_unconfirmed,0
n2351,benign_or_unconfirmed,0
n2353,benign_or_unconfirmed,0
n2354,benign_or_unconfirmed,0
n2356,benign_or_unconfirmed,0
n2357,benign_or_unconfirmed,0
n2359,benign_or_unconfirmed,0
n2360,benign_or_unconfirmed,0
n2362,benign_or_unconfirmed,0
n2363,benign_or_unconfirmed,0
n2365,benign_or_unconfirmed,0
n2366,benign_or_unconfirmed,0
n2368,benign_or_unconfirmed,0
n2369,benign_or_unconfirmed,0
n2371,benign_or_unconfirmed,0
n2372,benign_or_unconfirmed,0
n2374,benign_or_unconfirmed,0
n2375,benign_or_unconfirmed,0
n2409,benign_or_unconfirmed,0
n2410,benign_or_unconfirmed,0
n2412,benign_or_unconfirmed,0
n2413,benign_or_unconfirmed,0
n2415,benign_or_unconfirmed,0
n2416,benign_or_unconfirmed,0
n2418,benign_or_unconfirmed,0
n2419,benign_or_unconfirmed,0
n2421,benign_or_unconfirmed,0
n2422,benign_or_unconfirmed,0
n2424,benign_or_unconfirmed,0
n2425,benign_or_unconfirmed,0
n2427,benign_or_unconfirmed,0
n2428,benign_or_unconfirmed,0
n2430,benign_or_unconfirmed,0
n2431,benign_or_unconfirmed,0
n2433,benign_or_unconfirmed,0
n2434,benign_or_unconfirmed,0
n2436,benign_or_unconfirmed,0
n2437,benign_or_unconfirmed,0
n2439,benign_or_unconfirmed,0
n2440,benign_or_unconfirmed,0
n2442,benign_or_unconfirmed,0
n2443,benign_or_unconfirmed,0
n2445,benign_or_unconfirmed,0
n2446,benign_or_unconfirmed,0
n2448,benign_or_unconfirmed,0
n2449,benign_or_unconfirmed,0
n2451,benign_or_unconfirmed,0
n2452,benign_or_unconfirmed,0
n2454,benign_or_unconfirmed,0
n2455,benign_or_unconfirmed,0
n2457,benign_or_unconfirmed,0
n2458,benign_or_unconfirmed,0
n2460,benign_or_unconfirmed,0
n2461,benign_or_unconfirmed,0
n2463,benign_or_unconfirmed,0
n2464,benign_or_unconfirmed,0
n2466,benign_or_unconfirmed,0
n2467,benign_or_unconfirmed,0
n2469,benign_or_unconfirmed,0
n2470,benign_or_unconfirmed,0
n2472,benign_or_unconfirmed,0
n2473,benign_or_unconfirmed,0
n2475,benign_or_unconfirmed,0
n2476,benign_or_unconfirmed,0
n2478,benign_or_unconfirmed,0
n2479,benign_or_unconfirmed,0
n2481,benign_or_unconfirmed,0
n2482,benign_or_unconfirmed,0
n2484,benign_or_unconfirmed,0
n2485,benign_or_unconfirmed,0
n2487,benign_or_unconfirmed,0
n2488,benign_or_unconfirmed,0
n2490,benign_or_unconfirmed,0
n2491,benign_or_unconfirmed,0
n2493,benign_or_unconfirmed,0
n2494,benign_or_unconfirmed,0
n2496,benign_or_unconfirmed,0
n2497,benign_or_unconfirmed,0
n2499,benign_or_unconfirmed,0
n2500,benign_or_unconfirmed,0
n2502,benign_or_unconfirmed,0
n2503,benign_or_unconfirmed,0
n2633,benign_or_unconfirmed,0
n2634,benign_or_unconfirmed,0
n2636,benign_or_unconfirmed,0
n2637,benign_or_unconfirmed,0
n2639,benign_or_unconfirmed,0
n2640,benign_or_unconfirmed,0
n2642,benign_or_unconfirmed,0
n2643,benign_or_unconfirmed,0
n2645,benign_or_unconfirmed,0
n2646,benign_or_unconfirmed,0
n2648,benign_or_unconfirmed,0
n2649,benign_or_unconfirmed,0
n2651,benign_or_unconfirmed,0
n2652,benign_or_unconfirmed,0
n2654,benign_or_unconfirmed,0
n2655,benign_or_unconfirmed,0
n2657,benign_or_unconfirmed,0
n2658,benign_or_unconfirmed,0
n2660,benign_or_unconfirmed,0
n2661,benign_or_unconfirmed,0
n2663,benign_or_unconfirmed,0
n2664,benign_or_unconfirmed,0
n2666,benign_or_unconfirmed,0
n2667,benign_or_unconfirmed,0
n2669,benign_or_unconfirmed,0
n2670,benign_or_unconfirmed,0
n2672,benign_or_unconfirmed,0
n2673,benign_or_unconfirmed,0
n2675,benign_or_unconfirmed,0
n2676,benign_or_unconfirmed,0
n2678,benign_or_unconfirmed,0
n2679,benign_or_unconfirmed,0
n2681,benign_or_unconfirmed,0
n2682,benign_or_unconfirmed,0
n2684,benign_or_unconfirmed,0
n2685,benign_or_unconfirmed,0
n2687,benign_or_unconfirmed,0
n2688,benign_or_unconfirmed,0
n2690,benign_or_unconfirmed,0
n2691,benign_or_unconfirmed,0
n2693,benign_or_unconfirmed,0
n2694,benign_or_unconfirmed,0
n2696,benign_or_unconfirmed,0
n2697,benign_or_unconfirmed,0
n2699,benign_or_unconfirmed,0
n2700,benign_or_unconfirmed,0
n2702,benign_or_unconfirmed,0
n2703,benign_or_unconfirmed,0
n2705,benign_or_unconfirmed,0
n2706,benign_or_unconfirmed,0
n2708,benign_or_unconfirmed,0
n2709,benign_or_unconfirmed,0
n2711,benign_or_unconfirmed,0
n2712,benign_or_unconfirmed,0
n2714,benign_or_unconfirmed,0
n2715,benign_or_unconfirmed,0
n2717,benign_or_unconfirmed,0
n2718,benign_or_unconfirmed,0
n2720,benign_or_unconfirmed,0
n2721,benign_or_unconfirmed,0
n2723,benign_or_unconfirmed,0
n2724,benign_or_unconfirmed,0
n2726,benign_or_unconfirmed,0
n2727,benign_or_unconfirmed,0
n2761,benign_or_unconfirmed,0
n2762,benign_or_unconfirmed,0
n2764,benign_or_unconfirmed,0
n2765,benign_or_unconfirmed,0
n2767,benign_or_unconfirmed,0
n2768,benign_or_unconfirmed,0
n2770,benign_or_unconfirmed,0
n2771,benign_or_unconfirmed,0
n2773,benign_or_unconfirmed,0
n2774,benign_or_unconfirmed,0
n2776,benign_or_unconfirmed,0
n2777,benign_or_unconfirmed,0
n2779,benign_or_unconfirmed,0
n2780,benign_or_unconfirmed,0
n2782,benign_or_unconfirmed,0
n2783,benign_or_unconfirmed,0
n2785,benign_or_unconfirmed,0
n2786,benign_or_unconfirmed,0
n2788,benign_or_unconfirmed,0
n2789,benign_or_unconfirmed,0
n2791,benign_or_unconfirmed,0
n2792,benign_or_unconfirmed,0
n2794,benign_or_unconfirmed,0
n2795,benign_or_unconfirmed,0
n2797,benign_or_unconfirmed,0
n2798,benign_or_unconfirmed,0
n2800,benign_or_unconfirmed,0
n2801,benign_or_unconfirmed,0
n2803,benign_or_unconfirmed,0
n2804,benign_or_unconfirmed,0
n2806,benign_or_unconfirmed,0
n2807,benign_or_unconfirmed,0
n2809,benign_or_unconfirmed,0
n2810,benign_or_unconfirmed,0
n2812,benign_or_unconfirmed,0
n2813,benign_or_unconfirmed,0
n2815,benign_or_unconfirmed,0
n2816,benign_or_unconfirmed,0
n2818,benign_or_unconfirmed,0
n2819,benign_or_unconfirmed,0
n2821,benign_or_unconfirmed,0
n2822,benign_or_unconfirmed,0
n2824,benign_or_unconfirmed,0
n2825,benign_or_unconfirmed,0
n2827,benign_or_unconfirmed,0
n2828,benign_or_unconfirmed,0
n2830,benign_or_unconfirmed,0
n2831,benign_or_unconfirmed,0
n2833,benign_or_unconfirmed,0
n2834,benign_or_unconfirmed,0
n2836,benign_or_unconfirmed,0
n2837,benign_or_unconfirmed,0
n2839,benign_or_unconfirmed,0
n2840,benign_or_unconfirmed,0
n2842,benign_or_unconfirmed,0
n2843,benign_or_unconfirmed,0
n2845,benign_or_unconfirmed,0
n2846,benign_or_unconfirmed,0
n2848,benign_or_unconfirmed,0
n2849,benign_or_unconfirmed,0
n2851,benign_or_unconfirmed,0
n2852,benign_or_unconfirmed,0
n2854,benign_or_unconfirmed,0
n2855,benign_or_unconfirmed,0
n2889,benign_or_unconfirmed,0
n2890,benign_or_unconfirmed,0
n2892,benign_or_unconfirmed,0
n2893,benign_or_unconfirmed,0
n2895,benign_or_unconfirmed,0
n2896,benign_or_unconfirmed,0
n2898,benign_or_unconfirmed,0
n2899,benign_or_unconfirmed,0
n2901,benign_or_unconfirmed,0
n2902,benign_or_unconfirmed,0
n2904,benign_or_unconfirmed,0
n2905,benign_or_unconfirmed,0
n2907,benign_or_unconfirmed,0
n2908,benign_or_unconfirmed,0
n2910,benign_or_unconfirmed,0
n2911,benign_or_unconfirmed,0
n2913,benign_or_unconfirmed,0
n2914,benign_or_unconfirmed,0
n2916,benign_or_unconfirmed,0
n2917,benign_or_unconfirmed,0
n2919,benign_or_unconfirmed,0
n2920,benign_or_unconfirmed,0
n2922,benign_or_unconfirmed,0
n2923,benign_or_unconfirmed,0
n2925,benign_or_unconfirmed,0
n2926,benign_or_unconfirmed,0
n2928,benign_or_unconfirmed,0
n2929,benign_or_unconfirmed,0
n2931,benign_or_unconfirmed,0
n2932,benign_or_unconfirmed,0
n2934,benign_or_unconfirmed,0
n2935,benign_or_unconfirmed,0
n2937,benign_or_unconfirmed,0
n2938,benign_or_unconfirmed,0
n2940,benign_or_unconfirmed,0
n2941,benign_or_unconfirmed,0
n2943,benign_or_unconfirmed,0
n2944,benign_or_unconfirmed,0
n2946,benign_or_unconfirmed,0
n2947,benign_or_unconfirmed,0
n2949,benign_or_unconfirmed,0
n2950,benign_or_unconfirmed,0
n2952,benign_or_unconfirmed,0
n2953,benign_or_unconfirmed,0
n2955,benign_or_unconfirmed,0
n2956,benign_or_unconfirmed,0
n2958,benign_or_unconfirmed,0
n2959,benign_or_unconfirmed,0
n2961,benign_or_unconfirmed,0
n2962,benign_or_unconfirmed,0
n2964,benign_or_unconfirmed,0
n2965,benign_or_unconfirmed,0
n2967,benign_or_unconfirmed,0
n2968,benign_or_unconfirmed,0
n2970,benign_or_unconfirmed,0
n2971,benign_or_unconfirmed,0
n2973,benign_or_unconfirmed,0
n2974,benign_or_unconfirmed,0
n2976,benign_or_unconfirmed,0
n2977,benign_or_unconfirmed,0
n2979,benign_or_unconfirmed,0
n2980,benign_or_unconfirmed,0
n2982,benign_or_unconfirmed,0
n2983,benign_or_unconfirmed,0
n2507,benign_or_unconfirmed,0
n3017,benign_or_unconfirmed,0
n2510,benign_or_unconfirmed,0
n3020,benign_or_unconfirmed,0
n2513,benign_or_unconfirmed,0
n3023,benign_or_unconfirmed,0
n2516,benign_or_unconfirmed,0
n3026,benign_or_unconfirmed,0
n2519,benign_or_unconfirmed,0
n3029,benign_or_unconfirmed,0
n2522,benign_or_unconfirmed,0
n3032,benign_or_unconfirmed,0
n2525,benign_or_unconfirmed,0
n3035,benign_or_unconfirmed,0
n2528,benign_or_unconfirmed,0
n3038,benign_or_unconfirmed,0
n2531,benign_or_unconfirmed,0
n3041,benign_or_unconfirmed,0
n2534,benign_or_unconfirmed,0
n3044,benign_or_unconfirmed,0
n2537,benign_or_unconfirmed,0
n3047,benign_or_unconfirmed,0
n2540,benign_or_unconfirmed,0
n3050,benign_or_unconfirmed,0
n2543,benign_or_unconfirmed,0
n3053,benign_or_unconfirmed,0
n2546,benign_or_unconfirmed,0
n3056,benign_or_unconfirmed,0
n2549,benign_or_unconfirmed,0
n3059,benign_or_unconfirmed,0
n2552,benign_or_unconfirmed,0
n3062,benign_or_unconfirmed,0
n2555,benign_or_unconfirmed,0
n3065,benign_or_unconfirmed,0
n2558,benign_or_unconfirmed,0
n3068,benign_or_unconfirmed,0
n2561,benign_or_unconfirmed,0
n3071,benign_or_unconfirmed,0
n2564,benign_or_unconfirmed,0
n3074,benign_or_unconfirmed,0
n2567,benign_or_unconfirmed,0
n3077,benign_or_unconfirmed,0
n2570,benign_or_unconfirmed,0
n3080,benign_or_unconfirmed,0
n2573,benign_or_unconfirmed,0
n3083,benign_or_unconfirmed,0
n2576,benign_or_unconfirmed,0
n3086,benign_or_unconfirmed,0
n2579,benign_or_unconfirmed,0
n3089,benign_or_unconfirmed,0
n2582,benign_or_unconfirmed,0
n3092,benign_or_unconfirmed,0
n2585,benign_or_unconfirmed,0
n3095,benign_or_unconfirmed,0
n2588,benign_or_unconfirmed,0
n3098,benign_or_unconfirmed,0
n2591,benign_or_unconfirmed,0
n3101,benign_or_unconfirmed,0
n2604,benign_or_unconfirmed,0
n3104,benign_or_unconfirmed,0
n2617,benign_or_unconfirmed,0
n3107,benign_or_unconfirmed,0
n3110,benign_or_unconfirmed,0
n2628,benign_or_unconfirmed,0
n2506,benign_or_unconfirmed,0
n2509,benign_or_unconfirmed,0
n2512,benign_or_unconfirmed,0
n2515,benign_or_unconfirmed,0
n2518,benign_or_unconfirmed,0
n2521,benign_or_unconfirmed,0
n2524,benign_or_unconfirmed,0
n2527,benign_or_unconfirmed,0
n2530,benign_or_unconfirmed,0
n2533,benign_or_unconfirmed,0
n2536,benign_or_unconfirmed,0
n2539,benign_or_unconfirmed,0
n2542,benign_or_unconfirmed,0
n2545,benign_or_unconfirmed,0
n2548,benign_or_unconfirmed,0
n2551,benign_or_unconfirmed,0
n2554,benign_or_unconfirmed,0
n2557,benign_or_unconfirmed,0
n2560,benign_or_unconfirmed,0
n2563,benign_or_unconfirmed,0
n2566,benign_or_unconfirmed,0
n2569,benign_or_unconfirmed,0
n2572,benign_or_unconfirmed,0
n2575,benign_or_unconfirmed,0
n2578,benign_or_unconfirmed,0
n2581,benign_or_unconfirmed,0
n2584,benign_or_unconfirmed,0
n2587,benign_or_unconfirmed,0
n2590,benign_or_unconfirmed,0
n2603,benign_or_unconfirmed,0
n2616,benign_or_unconfirmed,0
n2629,benign_or_unconfirmed,0
DATA_0_31,benign_or_unconfirmed,0
n3277,benign_or_unconfirmed,0
n3279,benign_or_unconfirmed,0
n2376,benign_or_unconfirmed,0
n2504,benign_or_unconfirmed,0
n2728,benign_or_unconfirmed,0
n2856,benign_or_unconfirmed,0
n2984,benign_or_unconfirmed,0
n3112,benign_or_unconfirmed,0
n3111,benign_or_unconfirmed,0
n3246,benign_or_unconfirmed,0
n3248,benign_or_unconfirmed,0
n3250,benign_or_unconfirmed,0
n3252,benign_or_unconfirmed,0
n3254,benign_or_unconfirmed,0
n3258,benign_or_unconfirmed,0
n3260,benign_or_unconfirmed,0
n3262,benign_or_unconfirmed,0
n3264,benign_or_unconfirmed,0
n3266,benign_or_unconfirmed,0
n3268,benign_or_unconfirmed,0
n3270,benign_or_unconfirmed,0
n3272,benign_or_unconfirmed,0
n3274,benign_or_unconfirmed,0
n3276,benign_or_unconfirmed,0
n2331,benign_or_unconfirmed,0
n2334,benign_or_unconfirmed,0
n2337,benign_or_unconfirmed,0
n2340,benign_or_unconfirmed,0
n2343,benign_or_unconfirmed,0
n2346,benign_or_unconfirmed,0
n2349,benign_or_unconfirmed,0
n2352,benign_or_unconfirmed,0
n2355,benign_or_unconfirmed,0
n2358,benign_or_unconfirmed,0
n2361,benign_or_unconfirmed,0
n2364,benign_or_unconfirmed,0
n2367,benign_or_unconfirmed,0
n2370,benign_or_unconfirmed,0
n2373,benign_or_unconfirmed,0
n2459,benign_or_unconfirmed,0
n2462,benign_or_unconfirmed,0
n2465,benign_or_unconfirmed,0
n2468,benign_or_unconfirmed,0
n2471,benign_or_unconfirmed,0
n2474,benign_or_unconfirmed,0
n2477,benign_or_unconfirmed,0
n2480,benign_or_unconfirmed,0
n2483,benign_or_unconfirmed,0
n2486,benign_or_unconfirmed,0
n2489,benign_or_unconfirmed,0
n2492,benign_or_unconfirmed,0
n2495,benign_or_unconfirmed,0
n2498,benign_or_unconfirmed,0
n2501,benign_or_unconfirmed,0
n2683,benign_or_unconfirmed,0
n2686,benign_or_unconfirmed,0
n2689,benign_or_unconfirmed,0
n2692,benign_or_unconfirmed,0
n2695,benign_or_unconfirmed,0
n2698,benign_or_unconfirmed,0
n2701,benign_or_unconfirmed,0
n2704,benign_or_unconfirmed,0
n2707,benign_or_unconfirmed,0
n2710,benign_or_unconfirmed,0
n2713,benign_or_unconfirmed,0
n2716,benign_or_unconfirmed,0
n2719,benign_or_unconfirmed,0
n2722,benign_or_unconfirmed,0
n2725,benign_or_unconfirmed,0
n2811,benign_or_unconfirmed,0
n2814,benign_or_unconfirmed,0
n2817,benign_or_unconfirmed,0
n2820,benign_or_unconfirmed,0
n2823,benign_or_unconfirmed,0
n2826,benign_or_unconfirmed,0
n2829,benign_or_unconfirmed,0
n2832,benign_or_unconfirmed,0
n2835,benign_or_unconfirmed,0
n2838,benign_or_unconfirmed,0
n2841,benign_or_unconfirmed,0
n2844,benign_or_unconfirmed,0
n2847,benign_or_unconfirmed,0
n2850,benign_or_unconfirmed,0
n2853,benign_or_unconfirmed,0
n2939,benign_or_unconfirmed,0
n2942,benign_or_unconfirmed,0
n2945,benign_or_unconfirmed,0
n2948,benign_or_unconfirmed,0
n2951,benign_or_unconfirmed,0
n2954,benign_or_unconfirmed,0
n2957,benign_or_unconfirmed,0
n2960,benign_or_unconfirmed,0
n2963,benign_or_unconfirmed,0
n2966,benign_or_unconfirmed,0
n2969,benign_or_unconfirmed,0
n2972,benign_or_unconfirmed,0
n2975,benign_or_unconfirmed,0
n2978,benign_or_unconfirmed,0
n2981,benign_or_unconfirmed,0
n3066,benign_or_unconfirmed,0
n3069,benign_or_unconfirmed,0
n3072,benign_or_unconfirmed,0
n3075,benign_or_unconfirmed,0
n3078,benign_or_unconfirmed,0
n3081,benign_or_unconfirmed,0
n3084,benign_or_unconfirmed,0
n3087,benign_or_unconfirmed,0
n3090,benign_or_unconfirmed,0
n3093,benign_or_unconfirmed,0
n3096,benign_or_unconfirmed,0
n3099,benign_or_unconfirmed,0
n3102,benign_or_unconfirmed,0
n3105,benign_or_unconfirmed,0
n3108,benign_or_unconfirmed,0
n3067,benign_or_unconfirmed,0
n3070,benign_or_unconfirmed,0
n3073,benign_or_unconfirmed,0
n3076,benign_or_unconfirmed,0
n3079,benign_or_unconfirmed,0
n3082,benign_or_unconfirmed,0
n3085,benign_or_unconfirmed,0
n3088,benign_or_unconfirmed,0
n3091,benign_or_unconfirmed,0
n3094,benign_or_unconfirmed,0
n3097,benign_or_unconfirmed,0
n3100,benign_or_unconfirmed,0
n3103,benign_or_unconfirmed,0
n3106,benign_or_unconfirmed,0
n3109,benign_or_unconfirmed,0
n3530,benign_or_unconfirmed,0
n3532,benign_or_unconfirmed,0
n3534,benign_or_unconfirmed,0
n3536,benign_or_unconfirmed,0
n3538,benign_or_unconfirmed,0
n3540,benign_or_unconfirmed,0
n3542,benign_or_unconfirmed,0
n3544,benign_or_unconfirmed,0
n3546,benign_or_unconfirmed,0
n3548,benign_or_unconfirmed,0
n3550,benign_or_unconfirmed,0
n3552,benign_or_unconfirmed,0
n3554,benign_or_unconfirmed,0
n3556,benign_or_unconfirmed,0
n3558,benign_or_unconfirmed,0
n3560,benign_or_unconfirmed,0
n3562,benign_or_unconfirmed,0
n3564,benign_or_unconfirmed,0
n3566,benign_or_unconfirmed,0
n3568,benign_or_unconfirmed,0
n3570,benign_or_unconfirmed,0
n3572,benign_or_unconfirmed,0
n3574,benign_or_unconfirmed,0
n3576,benign_or_unconfirmed,0
n3578,benign_or_unconfirmed,0
n3580,benign_or_unconfirmed,0
n3582,benign_or_unconfirmed,0
n3584,benign_or_unconfirmed,0
n3586,benign_or_unconfirmed,0
n3588,benign_or_unconfirmed,0
n3590,benign_or_unconfirmed,0
n3592,benign_or_unconfirmed,0
n3594,benign_or_unconfirmed,0
n3596,benign_or_unconfirmed,0
n3598,benign_or_unconfirmed,0
n3600,benign_or_unconfirmed,0
n3602,benign_or_unconfirmed,0
n3604,benign_or_unconfirmed,0
n3606,benign_or_unconfirmed,0
n3608,benign_or_unconfirmed,0
n3610,benign_or_unconfirmed,0
n3612,benign_or_unconfirmed,0
n3614,benign_or_unconfirmed,0
n3616,benign_or_unconfirmed,0
n3618,benign_or_unconfirmed,0
n3620,benign_or_unconfirmed,0
n3622,benign_or_unconfirmed,0
n3624,benign_or_unconfirmed,0
n3626,benign_or_unconfirmed,0
n3628,benign_or_unconfirmed,0
n3630,benign_or_unconfirmed,0
n3632,benign_or_unconfirmed,0
n3634,benign_or_unconfirmed,0
n3636,benign_or_unconfirmed,0
n3638,benign_or_unconfirmed,0
n3640,benign_or_unconfirmed,0
n3642,benign_or_unconfirmed,0
n3644,benign_or_unconfirmed,0
n3646,benign_or_unconfirmed,0
n3648,benign_or_unconfirmed,0
n3650,benign_or_unconfirmed,0
n3652,benign_or_unconfirmed,0
n3654,benign_or_unconfirmed,0
n3656,benign_or_unconfirmed,0
n3658,benign_or_unconfirmed,0
n3660,benign_or_unconfirmed,0
n3662,benign_or_unconfirmed,0
n3664,benign_or_unconfirmed,0
n3666,benign_or_unconfirmed,0
n3668,benign_or_unconfirmed,0
n3670,benign_or_unconfirmed,0
n3672,benign_or_unconfirmed,0
n3674,benign_or_unconfirmed,0
n3676,benign_or_unconfirmed,0
n3678,benign_or_unconfirmed,0
n3680,benign_or_unconfirmed,0
n3682,benign_or_unconfirmed,0
n3684,benign_or_unconfirmed,0
n3686,benign_or_unconfirmed,0
n3688,benign_or_unconfirmed,0
n3690,benign_or_unconfirmed,0
n3692,benign_or_unconfirmed,0
n3694,benign_or_unconfirmed,0
n3696,benign_or_unconfirmed,0
n3698,benign_or_unconfirmed,0
n3700,benign_or_unconfirmed,0
n3702,benign_or_unconfirmed,0
n3704,benign_or_unconfirmed,0
n3706,benign_or_unconfirmed,0
n3708,benign_or_unconfirmed,0
n3710,benign_or_unconfirmed,0
n3712,benign_or_unconfirmed,0
n3714,benign_or_unconfirmed,0
n3716,benign_or_unconfirmed,0
n3718,benign_or_unconfirmed,0
n3720,benign_or_unconfirmed,0
n3722,benign_or_unconfirmed,0
n3724,benign_or_unconfirmed,0
n3726,benign_or_unconfirmed,0
n3728,benign_or_unconfirmed,0
n3730,benign_or_unconfirmed,0
n3732,benign_or_unconfirmed,0
n3734,benign_or_unconfirmed,0
n3736,benign_or_unconfirmed,0
n3738,benign_or_unconfirmed,0
n3740,benign_or_unconfirmed,0
n3742,benign_or_unconfirmed,0
n3744,benign_or_unconfirmed,0
n3746,benign_or_unconfirmed,0
n3748,benign_or_unconfirmed,0
n3750,benign_or_unconfirmed,0
n3752,benign_or_unconfirmed,0
n3754,benign_or_unconfirmed,0
n3756,benign_or_unconfirmed,0
n3758,benign_or_unconfirmed,0
n3760,benign_or_unconfirmed,0
n3762,benign_or_unconfirmed,0
n3764,benign_or_unconfirmed,0
n3766,benign_or_unconfirmed,0
n3768,benign_or_unconfirmed,0
n3770,benign_or_unconfirmed,0
n3772,benign_or_unconfirmed,0
n3774,benign_or_unconfirmed,0
n3776,benign_or_unconfirmed,0
n3778,benign_or_unconfirmed,0
n3780,benign_or_unconfirmed,0
n3782,benign_or_unconfirmed,0
n3784,benign_or_unconfirmed,0
n3178,benign_or_unconfirmed,0
n3185,benign_or_unconfirmed,0
n3192,benign_or_unconfirmed,0
n3313,benign_or_unconfirmed,0
n3318,benign_or_unconfirmed,0
n3325,benign_or_unconfirmed,0
n2264,benign_or_unconfirmed,0
n2269,benign_or_unconfirmed,0
n2276,benign_or_unconfirmed,0
n2392,benign_or_unconfirmed,0
n2397,benign_or_unconfirmed,0
n2404,benign_or_unconfirmed,0
n2610,benign_or_unconfirmed,0
n2618,benign_or_unconfirmed,0
n2625,benign_or_unconfirmed,0
n2744,benign_or_unconfirmed,0
n2749,benign_or_unconfirmed,0
n2756,benign_or_unconfirmed,0
n2872,benign_or_unconfirmed,0
n2877,benign_or_unconfirmed,0
n2884,benign_or_unconfirmed,0
n3000,benign_or_unconfirmed,0
n3005,benign_or_unconfirmed,0
n3012,benign_or_unconfirmed,0
n3128,benign_or_unconfirmed,0
n3133,benign_or_unconfirmed,0
n3140,benign_or_unconfirmed,0
n3196,benign_or_unconfirmed,0
n3329,benign_or_unconfirmed,0
n2280,benign_or_unconfirmed,0
n2408,benign_or_unconfirmed,0
n2632,benign_or_unconfirmed,0
n2760,benign_or_unconfirmed,0
n2888,benign_or_unconfirmed,0
n3016,benign_or_unconfirmed,0
n3144,benign_or_unconfirmed,0
n3163,benign_or_unconfirmed,0
n3164,benign_or_unconfirmed,0
n3165,benign_or_unconfirmed,0
n3166,benign_or_unconfirmed,0
n3167,benign_or_unconfirmed,0
n3168,benign_or_unconfirmed,0
n3169,benign_or_unconfirmed,0
n3170,benign_or_unconfirmed,0
n3171,benign_or_unconfirmed,0
n3172,benign_or_unconfirmed,0
n3173,benign_or_unconfirmed,0
n3174,benign_or_unconfirmed,0
n3175,benign_or_unconfirmed,0
n3176,benign_or_unconfirmed,0
n3177,benign_or_unconfirmed,0
n3181,benign_or_unconfirmed,0
n3182,benign_or_unconfirmed,0
n3183,benign_or_unconfirmed,0
n3184,benign_or_unconfirmed,0
n3186,benign_or_unconfirmed,0
n3187,benign_or_unconfirmed,0
n3188,benign_or_unconfirmed,0
n3189,benign_or_unconfirmed,0
n3190,benign_or_unconfirmed,0
n3191,benign_or_unconfirmed,0
n3193,benign_or_unconfirmed,0
n3194,benign_or_unconfirmed,0
n3195,benign_or_unconfirmed,0
n3298,benign_or_unconfirmed,0
n3299,benign_or_unconfirmed,0
n3300,benign_or_unconfirmed,0
n3301,benign_or_unconfirmed,0
n3302,benign_or_unconfirmed,0
n3303,benign_or_unconfirmed,0
n3304,benign_or_unconfirmed,0
n3305,benign_or_unconfirmed,0
n3306,benign_or_unconfirmed,0
n3307,benign_or_unconfirmed,0
n3308,benign_or_unconfirmed,0
n3309,benign_or_unconfirmed,0
n3310,benign_or_unconfirmed,0
n3311,benign_or_unconfirmed,0
n3312,benign_or_unconfirmed,0
n3314,benign_or_unconfirmed,0
n3315,benign_or_unconfirmed,0
n3316,benign_or_unconfirmed,0
n3317,benign_or_unconfirmed,0
n3319,benign_or_unconfirmed,0
n3320,benign_or_unconfirmed,0
n3321,benign_or_unconfirmed,0
n3322,benign_or_unconfirmed,0
n3323,benign_or_unconfirmed,0
n3324,benign_or_unconfirmed,0
n3326,benign_or_unconfirmed,0
n3327,benign_or_unconfirmed,0
n3328,benign_or_unconfirmed,0
n2249,benign_or_unconfirmed,0
n2250,benign_or_unconfirmed,0
n2251,benign_or_unconfirmed,0
n2252,benign_or_unconfirmed,0
n2253,benign_or_unconfirmed,0
n2254,benign_or_unconfirmed,0
n2255,benign_or_unconfirmed,0
n2256,benign_or_unconfirmed,0
n2257,benign_or_unconfirmed,0
n2258,benign_or_unconfirmed,0
n2259,benign_or_unconfirmed,0
n2260,benign_or_unconfirmed,0
n2261,benign_or_unconfirmed,0
n2262,benign_or_unconfirmed,0
n2263,benign_or_unconfirmed,0
n2265,benign_or_unconfirmed,0
n2266,benign_or_unconfirmed,0
n2267,benign_or_unconfirmed,0
n2268,benign_or_unconfirmed,0
n2270,benign_or_unconfirmed,0
n2271,benign_or_unconfirmed,0
n2272,benign_or_unconfirmed,0
n2273,benign_or_unconfirmed,0
n2274,benign_or_unconfirmed,0
n2275,benign_or_unconfirmed,0
n2277,benign_or_unconfirmed,0
n2278,benign_or_unconfirmed,0
n2279,benign_or_unconfirmed,0
n2377,benign_or_unconfirmed,0
n2378,benign_or_unconfirmed,0
n2379,benign_or_unconfirmed,0
n2380,benign_or_unconfirmed,0
n2381,benign_or_unconfirmed,0
n2382,benign_or_unconfirmed,0
n2383,benign_or_unconfirmed,0
n2384,benign_or_unconfirmed,0
n2385,benign_or_unconfirmed,0
n2386,benign_or_unconfirmed,0
n2387,benign_or_unconfirmed,0
n2388,benign_or_unconfirmed,0
n2389,benign_or_unconfirmed,0
n2390,benign_or_unconfirmed,0
n2391,benign_or_unconfirmed,0
n2393,benign_or_unconfirmed,0
n2394,benign_or_unconfirmed,0
n2395,benign_or_unconfirmed,0
n2396,benign_or_unconfirmed,0
n2398,benign_or_unconfirmed,0
n2399,benign_or_unconfirmed,0
n2400,benign_or_unconfirmed,0
n2401,benign_or_unconfirmed,0
n2402,benign_or_unconfirmed,0
n2403,benign_or_unconfirmed,0
n2405,benign_or_unconfirmed,0
n2406,benign_or_unconfirmed,0
n2407,benign_or_unconfirmed,0
n2592,benign_or_unconfirmed,0
n2593,benign_or_unconfirmed,0
n2594,benign_or_unconfirmed,0
n2595,benign_or_unconfirmed,0
n2596,benign_or_unconfirmed,0
n2597,benign_or_unconfirmed,0
n2598,benign_or_unconfirmed,0
n2599,benign_or_unconfirmed,0
n2600,benign_or_unconfirmed,0
n2601,benign_or_unconfirmed,0
n2605,benign_or_unconfirmed,0
n2606,benign_or_unconfirmed,0
n2607,benign_or_unconfirmed,0
n2608,benign_or_unconfirmed,0
n2609,benign_or_unconfirmed,0
n2611,benign_or_unconfirmed,0
n2612,benign_or_unconfirmed,0
n2613,benign_or_unconfirmed,0
n2614,benign_or_unconfirmed,0
n2619,benign_or_unconfirmed,0
n2620,benign_or_unconfirmed,0
n2621,benign_or_unconfirmed,0
n2622,benign_or_unconfirmed,0
n2623,benign_or_unconfirmed,0
n2624,benign_or_unconfirmed,0
n2626,benign_or_unconfirmed,0
n2627,benign_or_unconfirmed,0
n2631,benign_or_unconfirmed,0
n2729,benign_or_unconfirmed,0
n2730,benign_or_unconfirmed,0
n2731,benign_or_unconfirmed,0
n2732,benign_or_unconfirmed,0
n2733,benign_or_unconfirmed,0
n2734,benign_or_unconfirmed,0
n2735,benign_or_unconfirmed,0
n2736,benign_or_unconfirmed,0
n2737,benign_or_unconfirmed,0
n2738,benign_or_unconfirmed,0
n2739,benign_or_unconfirmed,0
n2740,benign_or_unconfirmed,0
n2741,benign_or_unconfirmed,0
n2742,benign_or_unconfirmed,0
n2743,benign_or_unconfirmed,0
n2745,benign_or_unconfirmed,0
n2746,benign_or_unconfirmed,0
n2747,benign_or_unconfirmed,0
n2748,benign_or_unconfirmed,0
n2750,benign_or_unconfirmed,0
n2751,benign_or_unconfirmed,0
n2752,benign_or_unconfirmed,0
n2753,benign_or_unconfirmed,0
n2754,benign_or_unconfirmed,0
n2755,benign_or_unconfirmed,0
n2757,benign_or_unconfirmed,0
n2758,benign_or_unconfirmed,0
n2759,benign_or_unconfirmed,0
n2857,benign_or_unconfirmed,0
n2858,benign_or_unconfirmed,0
n2859,benign_or_unconfirmed,0
n2860,benign_or_unconfirmed,0
n2861,benign_or_unconfirmed,0
n2862,benign_or_unconfirmed,0
n2863,benign_or_unconfirmed,0
n2864,benign_or_unconfirmed,0
n2865,benign_or_unconfirmed,0
n2866,benign_or_unconfirmed,0
n2867,benign_or_unconfirmed,0
n2868,benign_or_unconfirmed,0
n2869,benign_or_unconfirmed,0
n2870,benign_or_unconfirmed,0
n2871,benign_or_unconfirmed,0
n2873,benign_or_unconfirmed,0
n2874,benign_or_unconfirmed,0
n2875,benign_or_unconfirmed,0
n2876,benign_or_unconfirmed,0
n2878,benign_or_unconfirmed,0
n2879,benign_or_unconfirmed,0
n2880,benign_or_unconfirmed,0
n2881,benign_or_unconfirmed,0
n2882,benign_or_unconfirmed,0
n2883,benign_or_unconfirmed,0
n2885,benign_or_unconfirmed,0
n2886,benign_or_unconfirmed,0
n2887,benign_or_unconfirmed,0
n2985,benign_or_unconfirmed,0
n2986,benign_or_unconfirmed,0
n2987,benign_or_unconfirmed,0
n2988,benign_or_unconfirmed,0
n2989,benign_or_unconfirmed,0
n2990,benign_or_unconfirmed,0
n2991,benign_or_unconfirmed,0
n2992,benign_or_unconfirmed,0
n2993,benign_or_unconfirmed,0
n2994,benign_or_unconfirmed,0
n2995,benign_or_unconfirmed,0
n2996,benign_or_unconfirmed,0
n2997,benign_or_unconfirmed,0
n2998,benign_or_unconfirmed,0
n2999,benign_or_unconfirmed,0
n3001,benign_or_unconfirmed,0
n3002,benign_or_unconfirmed,0
n3003,benign_or_unconfirmed,0
n3004,benign_or_unconfirmed,0
n3006,benign_or_unconfirmed,0
n3007,benign_or_unconfirmed,0
n3008,benign_or_unconfirmed,0
n3009,benign_or_unconfirmed,0
n3010,benign_or_unconfirmed,0
n3011,benign_or_unconfirmed,0
n3013,benign_or_unconfirmed,0
n3014,benign_or_unconfirmed,0
n3015,benign_or_unconfirmed,0
n3113,benign_or_unconfirmed,0
n3114,benign_or_unconfirmed,0
n3115,benign_or_unconfirmed,0
n3116,benign_or_unconfirmed,0
n3117,benign_or_unconfirmed,0
n3118,benign_or_unconfirmed,0
n3119,benign_or_unconfirmed,0
n3120,benign_or_unconfirmed,0
n3121,benign_or_unconfirmed,0
n3122,benign_or_unconfirmed,0
n3123,benign_or_unconfirmed,0
n3124,benign_or_unconfirmed,0
n3125,benign_or_unconfirmed,0
n3126,benign_or_unconfirmed,0
n3127,benign_or_unconfirmed,0
n3129,benign_or_unconfirmed,0
n3130,benign_or_unconfirmed,0
n3131,benign_or_unconfirmed,0
n3132,benign_or_unconfirmed,0
n3134,benign_or_unconfirmed,0
n3135,benign_or_unconfirmed,0
n3136,benign_or_unconfirmed,0
n3137,benign_or_unconfirmed,0
n3138,benign_or_unconfirmed,0
n3139,benign_or_unconfirmed,0
n3141,benign_or_unconfirmed,0
n3142,benign_or_unconfirmed,0
n3143,benign_or_unconfirmed,0
